time,addbrev_r,addlong_r,addmagDist_r,addmagIsch_r,addmagMid_r,addmagProx_r,bflh_r,bfsh_r,edl_r,ehl_r,fdl_r,fhl_r,gaslat_r,gasmed_r,glmax1_r,glmax2_r,glmax3_r,glmed1_r,glmed2_r,glmed3_r,glmin1_r,glmin2_r,glmin3_r,grac_r,iliacus_r,perbrev_r,perlong_r,piri_r,psoas_r,recfem_r,sart_r,semimem_r,semiten_r,soleus_r,tfl_r,tibant_r,tibpost_r,vasint_r,vaslat_r,vasmed_r,addbrev_l,addlong_l,addmagDist_l,addmagIsch_l,addmagMid_l,addmagProx_l,bflh_l,bfsh_l,edl_l,ehl_l,fdl_l,fhl_l,gaslat_l,gasmed_l,glmax1_l,glmax2_l,glmax3_l,glmed1_l,glmed2_l,glmed3_l,glmin1_l,glmin2_l,glmin3_l,grac_l,iliacus_l,perbrev_l,perlong_l,piri_l,psoas_l,recfem_l,sart_l,semimem_l,semiten_l,soleus_l,tfl_l,tibant_l,tibpost_l,vasint_l,vaslat_l,vasmed_l,
0.14,0.0610541,1.84589e-05,0.0527341,0.0776266,2.83873e-05,0.011084,0.0650489,0.0205484,0.00543196,0.0125854,0.021699,0.0476985,0.000476985,0.000586571,0.00979966,0.00076219,0.0124612,0.00357028,6.60078e-05,-0,0.0139628,0.00019941,1.96536e-05,0.000112556,0.00734867,0.10237,0.0918907,1.1565e-05,4.36148e-05,0.000671239,0.0182442,0.0486031,0.0470391,0.00161446,0.0180425,-0,0.15644,0.00762615,0.00380527,0.00634606,0.256389,0.000396156,-0,-0,0.00197698,0.00140764,8.54543e-06,-0,0.0128139,0.0277538,0.0380908,0.0330208,4.83209e-06,1.95797e-06,4.83395e-05,-0,-0,0.000518355,5.34948e-05,0.000166742,0.180148,0.0111329,0.000158192,-0,0.0784135,0.16929,0.000131041,4.67365e-06,0.0433657,-0,0.025161,0.0649529,0.274803,-0,0.0106297,0.0107507,0.35684,7.77783e-06,9.11513e-06,0.000210352,
0.145,0.0807298,2.30736e-05,0.139853,0.21514,2.83873e-05,0.0148473,0.184295,0.027037,0.00717498,0.037108,0.0642768,0.0626103,0.000596232,0.000770266,0.0268856,0.00162888,0.0325543,0.00245344,7.80092e-05,-0,0.0173877,6.92394e-05,2.24612e-05,0.000168833,0.00969675,0.100245,0.119017,1.1565e-05,4.36148e-05,0.00091104,0.0246296,0.0482828,0.0461441,0.00438545,0.0230057,-0,0.201812,0.0198316,0.00932914,0.016414,0.326243,0.000517698,-0,-0,0.00254852,0.001849,3.79797e-06,-0,0.0351794,0.0365594,0.0496869,0.0443568,1.6107e-06,1.95797e-06,4.83395e-05,-0,7.50407e-07,0.000177538,0.000103933,0.000264008,0.420607,0.0149652,0.000330766,-0,0.224271,0.166721,0.000336242,2.33682e-06,0.124796,-0,0.0247436,0.0912039,0.374612,9.93436e-05,0.0312233,0.0288765,0.442516,5.44448e-05,0.000116768,0.000364711,
0.15,0.0949797,2.76883e-05,0.081534,0.123228,8.51619e-05,0.0175227,0.114477,0.0312399,0.00842368,0.0173554,0.0699041,0.0730725,0.000834725,0.000926825,0.0156688,0.00175735,0.0189005,0.0203798,0.000138016,-0,0.0225934,0.00443963,7.01914e-05,0.000225111,0.0114414,0.0993042,0.138052,2.31299e-05,8.72296e-05,0.0011242,0.0294096,0.0482215,0.0457901,0.0160526,0.025701,0.000119246,0.233216,0.0145099,0.0106244,0.012588,0.369807,0.000620254,-0,0.000238493,0.00292378,0.00219984,0.000223131,-0,0.0320202,0.042628,0.0569857,0.0470724,4.34888e-05,2.54536e-05,4.83395e-05,5.01462e-06,7.50407e-07,0.00896176,0.000206337,0.000243165,0.316931,0.0154275,0.000300206,-0,0.109548,0.165866,0.000340495,6.30942e-05,0.058379,-0,0.0246244,0.113842,0.45409,0.00741529,0.0153394,0.016149,0.494656,0.00391225,0.00850898,0.00420704,
0.155,0.104818,3.69177e-05,0.0679286,0.100881,0.000113549,0.0193455,0.0881231,0.0338078,0.00919804,0.0157163,0.052767,0.079936,0.00107322,0.00103746,0.0128345,0.00166627,0.0159194,0.0344742,0.000186022,-0,0.0269453,0.00366415,0.000112306,0.000281389,0.0127176,0.0990217,0.150421,4.62599e-05,0.000130844,0.00131481,0.0329125,0.0482131,0.0456938,0.00805271,0.0270084,-0,0.254284,0.0127048,0.00882032,0.010998,0.393919,0.00068111,-0,0.000357739,0.00299562,0.00243965,0.000167111,-0,0.0357439,0.0465387,0.0612113,0.0463132,6.12065e-05,3.91594e-05,9.66791e-05,1.00292e-05,7.50407e-07,0.008909,0.000191053,0.000222323,0.270175,0.0150684,0.000300206,-0,0.108993,0.165667,0.000226465,7.41942e-05,0.0537427,-0,0.0245648,0.133214,0.516218,0.000901189,0.0143162,0.013733,0.524104,0.00285058,0.00717141,0.00386806,
0.16,0.111316,3.92251e-05,0.105231,0.160103,0.000141937,0.0206392,0.136895,0.0354829,0.00970951,0.0267893,0.0534776,0.0844984,0.00125209,0.00111261,0.0200472,0.00170846,0.0245051,0.0273119,0.000198023,-0,0.0290947,0.00130724,0.000123537,0.000309528,0.0135841,0.113189,0.158446,4.62599e-05,0.000130844,0.0014634,0.0355032,0.0573631,0.0528367,0.00507233,0.0278985,-0,0.267863,0.0162493,0.00895549,0.0136629,0.40402,0.00071976,-0,0.000119246,0.00306041,0.00259863,6.07675e-05,-0,0.0322483,0.0491299,0.0638784,0.0480126,2.57712e-05,1.76217e-05,9.66791e-05,1.00292e-05,7.50407e-07,0.00354078,0.000160484,0.000250113,0.348687,0.0156781,0.000330766,-0,0.168107,0.169772,0.000276968,4.32312e-05,0.0911515,-0,0.0293942,0.149714,0.563678,0.000354799,0.0229329,0.0215675,0.537937,0.00166835,0.0047823,0.00284051,
0.165,0.115132,4.15325e-05,0.158884,0.239633,0.000170324,0.0216388,0.207012,0.0368708,0.010121,0.0410407,0.0712334,0.0880439,0.00137133,0.00116479,0.0304953,0.00212454,0.0374434,0.0179152,0.000198023,-0,0.0302037,0.000484676,0.000115114,0.000337667,0.014229,0.118569,0.164633,4.62599e-05,0.000174459,0.00157818,0.03751,0.0590176,0.0553259,0.00521127,0.0296182,-0,0.275748,0.023192,0.0114611,0.0192842,0.404105,0.000749933,-0,5.96232e-05,0.00325413,0.00271665,2.18383e-05,-0,0.0410059,0.0511805,0.0662239,0.0546779,1.12749e-05,7.83188e-06,9.66791e-05,1.00292e-05,7.50407e-07,0.00138751,0.000160484,0.000326536,0.478981,0.0180355,0.000426041,-0,0.242605,0.171009,0.000393921,2.16156e-05,0.136363,-0,0.0308252,0.163623,0.598676,3.54799e-05,0.0346213,0.0329285,0.540761,0.00082445,0.0027259,0.0019189,
0.17,0.116981,4.15325e-05,0.190002,0.282749,0.000170324,0.0224914,0.247973,0.0381533,0.0104953,0.0482432,0.0824037,0.0910764,0.00143096,0.00121072,0.036585,0.00249749,0.045254,0.0105796,0.000198023,-0,0.030923,0.00039328,0.000101076,0.000365806,0.0147289,0.133791,0.169962,4.62599e-05,0.000174459,0.00166221,0.0391155,0.0681777,0.0629813,0.00680616,0.0320018,-0,0.279547,0.0275857,0.0135997,0.0229186,0.397422,0.000779937,-0,-0,0.00357037,0.00281689,2.08888e-05,-0,0.0453502,0.0529765,0.0685763,0.0637058,3.2214e-06,3.91594e-06,9.66791e-05,1.50439e-05,7.50407e-07,0.000828512,0.000178826,0.000409907,0.555784,0.0211566,0.000503339,-0,0.275241,0.175401,0.000488281,1.22683e-05,0.157848,-0,0.0359528,0.175247,0.623241,0.000886997,0.0404921,0.0395398,0.535935,0.000832228,0.00244003,0.00176832,
0.175,0.117338,4.15325e-05,0.20695,0.305685,0.000198711,0.023197,0.27051,0.0394166,0.0108611,0.0520175,0.0919643,0.0939067,0.00149058,0.00125038,0.0399273,0.00281771,0.0495469,0.00883119,0.000198023,-0,0.0319224,0.000844721,9.26526e-05,0.000393945,0.0151603,0.139361,0.175065,4.62599e-05,0.000174459,0.00172677,0.0404656,0.0698205,0.0655702,0.00847541,0.0348932,-0,0.280215,0.0304147,0.0153334,0.0253223,0.386199,0.000812654,-0,5.96232e-05,0.00395845,0.00291228,4.36766e-05,-0,0.0506377,0.0546818,0.0710622,0.0732162,8.05349e-06,5.87391e-06,0.000145019,1.50439e-05,7.50407e-07,0.00172476,0.000206337,0.000472435,0.600334,0.0244007,0.000566257,-0,0.293349,0.176692,0.000548619,1.57736e-05,0.16886,-0,0.037503,0.184824,0.639041,0.00141919,0.0437203,0.0431578,0.525747,0.00117834,0.00305561,0.00206493,
0.18,0.116623,4.38398e-05,0.229051,0.330747,0.00031226,0.0238144,0.313916,0.0407573,0.0113097,0.0605447,0.0953171,0.09696,0.00149058,0.00129004,0.0493325,0.0034984,0.0518125,0.0140516,0.000480057,-0,0.0347074,0.00173099,0.000134767,0.000422083,0.0155917,0.15407,0.180735,4.62599e-05,0.000174459,0.0018354,0.0415967,0.0787622,0.0730821,0.00897638,0.0381014,0.00465061,0.278759,0.0479044,0.0323054,0.0485931,0.372307,0.00276716,0.0087191,0.00995707,0.00566474,0.00355358,0.0260711,0.0712625,0.0556174,0.0565748,0.0739689,0.0821989,1.77177e-05,4.69913e-05,0.000145019,1.50439e-05,7.50407e-07,0.00380959,0.000221621,0.000528016,0.644612,0.0274507,0.000612995,0.0531798,0.392117,0.181057,0.000607627,2.16156e-05,0.313454,3.81106e-05,0.0425113,0.192638,0.647627,0.000553486,0.055502,0.0450777,0.512035,0.00111612,0.00257628,0.00191965,
0.185,0.115192,4.61472e-05,0.245559,0.355112,0.000397422,0.0244024,0.328464,0.0422326,0.0117754,0.0636536,0.100638,0.100123,0.00149058,0.00132553,0.0508299,0.00366043,0.057119,0.0134898,0.000672079,-0,0.0370421,0.000977661,0.000157229,0.000422083,0.0160159,0.15944,0.186604,4.62599e-05,0.000174459,0.00193788,0.0426184,0.0803656,0.075618,0.00792747,0.0415108,0.00220606,0.275701,0.0457757,0.0289353,0.0441017,0.356935,0.0046581,0.00687208,0.00620081,0.00701693,0.00419381,0.0147855,0.0336484,0.0588839,0.0585712,0.0772036,0.091202,1.28856e-05,3.52435e-05,0.000145019,1.50439e-05,7.50407e-07,0.00237359,0.000227735,0.000583597,0.679599,0.0305805,0.000665127,0.0401235,0.376218,0.182339,0.0006366,1.63578e-05,0.269713,2.62832e-05,0.0440615,0.198864,0.650191,5.67678e-05,0.0560026,0.0497169,0.496042,0.000700005,0.00160976,0.00153224,
0.19,0.113224,4.61472e-05,0.238141,0.337566,0.000709683,0.0248434,0.354042,0.0435442,0.0124269,0.0645859,0.0979089,0.103474,0.0015502,0.00136936,0.0580627,0.00425676,0.0493084,0.0157917,0.00133816,1.54678e-06,0.0421479,0.00309085,0.00026392,0.000450222,0.016369,0.173559,0.193018,4.62599e-05,0.000174459,0.00213362,0.0435306,0.0890859,0.0829528,0.0158784,0.0439144,0.0103744,0.271716,0.0682512,0.0556481,0.0774782,0.341138,0.00995136,0.0214257,0.0227761,0.0105155,0.00582671,0.0590964,0.156786,0.0461226,0.0607037,0.0804429,0.0959419,3.2214e-06,9.20246e-05,0.000145019,1.50439e-05,7.50407e-07,0.00558497,0.000262889,0.000569702,0.664373,0.0318065,0.000596816,0.127657,0.466866,0.186664,0.000737605,2.68735e-05,0.448381,8.93628e-05,0.0490103,0.203696,0.647865,0.00558453,0.0642155,0.042685,0.478858,0.00361669,0.0072283,0.00396491,
0.195,0.111018,4.38398e-05,0.251326,0.354152,0.00107872,0.0252256,0.36871,0.0448728,0.0131327,0.0692583,0.0925197,0.106869,0.00149058,0.00140485,0.0616256,0.00448685,0.0517529,0.015512,0.00203424,1.54678e-06,0.0470109,0.00204395,0.000367803,0.000478361,0.0166878,0.178715,0.199414,4.62599e-05,0.000174459,0.00238059,0.0443334,0.0906497,0.0854289,0.01072,0.0459661,0.00989745,0.267077,0.0733715,0.0604677,0.0839968,0.32546,0.0166762,0.0252356,0.0243859,0.0142192,0.00790367,0.0608767,0.150435,0.0496351,0.0629177,0.0838103,0.0999587,1.6107e-06,9.98565e-05,0.000145019,2.00585e-05,7.50407e-07,0.00405058,0.000243019,0.000576649,0.681877,0.033004,0.000600412,0.147258,0.484043,0.187933,0.000728302,1.57736e-05,0.461512,9.85619e-05,0.0505008,0.207309,0.641605,0.00139791,0.0683647,0.0450832,0.461165,0.00318891,0.00662796,0.00377348,
0.2,0.108693,4.15325e-05,0.227936,0.323816,0.00164646,0.0254315,0.368352,0.0458922,0.0140271,0.0624008,0.110815,0.110427,0.0015502,0.00146956,0.0611175,0.00484542,0.0426306,0.0198556,0.00292234,1.54678e-06,0.0547395,0.0054533,0.000522224,0.000562778,0.0169463,0.19226,0.2065,5.78249e-05,0.000218074,0.0027075,0.0450266,0.0991488,0.0925848,0.0263558,0.0472081,0.0131171,0.262258,0.0813376,0.0744136,0.0973355,0.310463,0.0254752,0.0321758,0.0312425,0.0187813,0.0106624,0.0785989,0.196889,0.0393439,0.0651659,0.0868396,0.100722,-0,0.000127268,0.000193358,3.00877e-05,1.50081e-06,0.00941095,0.000337782,0.000534964,0.653441,0.0324211,0.00051772,0.186736,0.48681,0.192214,0.00086652,4.96575e-05,0.505402,0.000126159,0.0553899,0.209856,0.632185,0.0126024,0.065626,0.0369716,0.443624,0.00869173,0.018359,0.0089778,
0.205,0.106368,4.15325e-05,0.294366,0.402876,0.0024697,0.0256667,0.484856,0.04726,0.0151815,0.0905769,0.0958731,0.11495,0.00160983,0.00151548,0.087455,0.00622982,0.0507393,0.0276209,0.00442252,1.54678e-06,0.0646753,0.00440917,0.000755259,0.000647195,0.0172823,0.197207,0.215165,6.93898e-05,0.000218074,0.00323424,0.0458659,0.100673,0.0950006,0.0145673,0.0488977,0.0245051,0.257371,0.126125,0.116215,0.156577,0.296332,0.0398668,0.0559627,0.0567613,0.0263255,0.0150863,0.144446,0.369116,0.0512092,0.068156,0.0909578,0.10429,3.2214e-06,0.000227125,0.000193358,3.51023e-05,1.50081e-06,0.00882486,0.000284287,0.000555806,0.749442,0.0333222,0.000577042,0.322036,0.683984,0.193471,0.000917289,2.80419e-05,0.713402,0.000226035,0.0568209,0.21151,0.62032,0.00125599,0.10052,0.0445855,0.426577,0.0065256,0.0140023,0.0072859,
0.21,0.104221,3.92251e-05,0.221805,0.319809,0.00352003,0.0255785,0.427617,0.0480353,0.0166616,0.0610504,0.157569,0.11993,0.00184832,0.00164908,0.0707568,0.00639952,0.0324946,0.0361941,0.00576668,3.09355e-06,0.0794129,0.011948,0.0010276,0.000844167,0.0175669,0.210198,0.225666,9.25198e-05,0.000305304,0.00382657,0.0465227,0.108951,0.101978,0.055731,0.0498331,0.0194968,0.25276,0.110957,0.115061,0.140193,0.283375,0.0546655,0.0531232,0.0490103,0.0331904,0.0198616,0.120572,0.287107,0.029452,0.0711673,0.0942755,0.103499,1.6107e-06,0.000205587,0.000290037,6.01754e-05,1.50081e-06,0.0201395,0.000557875,0.000472435,0.676255,0.0310602,0.000420648,0.300886,0.540918,0.197705,0.00124316,0.000122099,0.616427,0.000201066,0.0616504,0.212359,0.606547,0.0321093,0.0715502,0.0281654,0.410416,0.0207124,0.0444724,0.0208945,
0.215,0.102194,3.92251e-05,0.316385,0.428383,0.00482584,0.0256079,0.566063,0.0493308,0.0183618,0.102503,0.103151,0.125874,0.00196756,0.00174093,0.104868,0.0078357,0.0468042,0.0438522,0.00773491,3.09355e-06,0.0941364,0.00706519,0.00133925,0.000984861,0.017956,0.214944,0.237318,0.00011565,0.000392533,0.0046628,0.0474349,0.110436,0.104333,0.021802,0.0513466,0.0342237,0.248433,0.16457,0.160754,0.210016,0.271574,0.0756158,0.080594,0.0801336,0.0430612,0.0264961,0.202579,0.510847,0.0494081,0.0750098,0.0989606,0.106807,4.83209e-06,0.000323065,0.000338377,7.52193e-05,1.50081e-06,0.0140918,0.000415731,0.000500226,0.790631,0.0316963,0.000523113,0.453552,0.778625,0.198948,0.00114934,6.65995e-05,0.819444,0.000321969,0.0630813,0.212512,0.591402,0.00321448,0.120343,0.041596,0.395265,0.0148673,0.0343092,0.0169386,
0.22,0.100405,3.69177e-05,0.248443,0.345648,0.00633037,0.0253727,0.499583,0.0500951,0.0202934,0.0736932,0.154252,0.132019,0.00226568,0.00189957,0.0880566,0.00784624,0.0305867,0.0505367,0.00940911,4.64033e-06,0.111378,0.0132552,0.00164529,0.00126625,0.0182893,0.227399,0.249947,0.00013878,0.000479763,0.00558204,0.0482011,0.118494,0.111131,0.0569913,0.0520004,0.0283806,0.24464,0.148447,0.156613,0.192145,0.261048,0.096571,0.0774426,0.0714882,0.0516254,0.0333882,0.175732,0.418592,0.0283283,0.0787783,0.102834,0.10567,1.6107e-06,0.000299569,0.000435056,0.000100292,2.25122e-06,0.0230101,0.000608312,0.00043075,0.717736,0.0295869,0.000390088,0.43095,0.658655,0.203133,0.00137394,0.000134952,0.747403,0.000293057,0.0678512,0.21212,0.575304,0.0314706,0.0915044,0.0267461,0.381345,0.0249474,0.055754,0.0266088,
0.225,0.0988552,3.46104e-05,0.321697,0.428742,0.00792006,0.025255,0.585559,0.0512741,0.0222364,0.105268,0.0975404,0.138399,0.00244455,0.00199768,0.110925,0.00853845,0.0444789,0.0520623,0.0112453,4.64033e-06,0.125314,0.0073283,0.00191201,0.00143508,0.0186712,0.23195,0.262139,0.000150345,0.000566992,0.00667447,0.0491498,0.11994,0.113426,0.0217531,0.0529206,0.0369067,0.241319,0.180187,0.1798,0.232283,0.251713,0.12066,0.0931396,0.0892559,0.0609939,0.0412935,0.222789,0.549284,0.0458903,0.0829297,0.107548,0.107762,-0,0.00036614,0.000531735,0.000115336,2.25122e-06,0.0147043,0.00042643,0.000465488,0.795264,0.0302321,0.000488958,0.515712,0.799629,0.204362,0.00118894,6.77679e-05,0.845944,0.000362708,0.0692821,0.211227,0.55855,0.00313642,0.125937,0.039628,0.368639,0.0168585,0.040215,0.0200553,
0.23,0.0976031,3.2303e-05,0.249346,0.353644,0.0096233,0.0248728,0.528082,0.0519278,0.0244109,0.0733726,0.184812,0.145151,0.00286191,0.00219182,0.0911716,0.00851927,0.0281421,0.0595052,0.0125955,6.1871e-06,0.142607,0.0163848,0.00217593,0.00177275,0.019044,0.243889,0.275838,0.00018504,0.000697837,0.00779047,0.0499891,0.127779,0.120045,0.071993,0.0537101,0.0296923,0.238659,0.156662,0.169215,0.203539,0.243585,0.142491,0.0834335,0.0754233,0.0681584,0.0488291,0.184408,0.435269,0.0279887,0.0870156,0.111405,0.107225,4.83209e-06,0.000321107,0.000628414,0.000150439,3.00163e-06,0.0281394,0.000724473,0.000396012,0.738744,0.0281397,0.000364921,0.460149,0.667009,0.208495,0.00156133,0.000172341,0.761042,0.000311456,0.0739327,0.209921,0.541498,0.0413057,0.0927353,0.0247507,0.357262,0.0309713,0.0695966,0.0332069,
0.235,0.0965896,3.2303e-05,0.334711,0.440141,0.0114401,0.0246376,0.640591,0.0530125,0.0265797,0.113786,0.0964369,0.152019,0.00316003,0.00230454,0.123752,0.00957771,0.040663,0.0627462,0.0144737,7.73388e-06,0.156781,0.00917838,0.00244547,0.002026,0.0194502,0.248251,0.288691,0.000208169,0.000785066,0.00912167,0.0510107,0.129185,0.12228,0.0258215,0.0543688,0.0456117,0.236548,0.209051,0.212475,0.272547,0.236528,0.168856,0.111181,0.108335,0.0777129,0.0577637,0.271768,0.674026,0.0426309,0.091483,0.116169,0.108695,1.6107e-06,0.000440543,0.000725093,0.000165482,3.00163e-06,0.0183399,0.000489095,0.000423802,0.815152,0.0286953,0.000451208,0.609451,0.860088,0.209709,0.00131892,8.76309e-05,0.902031,0.000437615,0.0753041,0.208289,0.524326,0.00412276,0.141372,0.0364727,0.347113,0.0211479,0.0506855,0.0251651,
0.24,0.0959337,4.38398e-05,0.224251,0.308862,0.0130582,0.0241672,0.463868,0.0534463,0.0285113,0.0650124,0.187978,0.158437,0.00375626,0.00249241,0.0829495,0.00885962,0.0241474,0.0992725,0.0152238,9.28066e-06,0.172746,0.0189024,0.00262516,0.00233553,0.0200771,0.25969,0.301624,0.000242864,0.000915911,0.0103945,0.051777,0.136806,0.128721,0.06486,0.055802,0.025638,0.235133,0.150552,0.164058,0.195442,0.23056,0.188546,0.0819121,0.0705938,0.0816688,0.0649577,0.167869,0.37862,0.0604174,0.0952919,0.119348,0.106305,0.000103085,0.000364182,0.000870112,0.00019557,3.75203e-06,0.0367533,0.000735172,0.000361274,0.708419,0.0269302,0.0004566,0.448021,0.624152,0.213788,0.00135852,0.000231346,0.719875,0.000295686,0.0798951,0.206417,0.507334,0.0324641,0.0847418,0.021301,0.338244,0.0284785,0.0659252,0.0321922,
0.245,0.0955163,4.61472e-05,0.337658,0.441437,0.0148466,0.0238438,0.649535,0.0544164,0.0304858,0.117118,0.0979377,0.16501,0.004114,0.00259469,0.126988,0.0100532,0.0397687,0.0942899,0.01676,9.28066e-06,0.185129,0.010192,0.00284135,0.0025325,0.0206644,0.263871,0.313662,0.000265994,0.000959525,0.011865,0.0527987,0.138173,0.130896,0.0251679,0.0567322,0.0484736,0.234275,0.217574,0.22104,0.283991,0.225493,0.213154,0.115979,0.11388,0.0894112,0.0736228,0.286206,0.71467,0.0497643,0.0995548,0.123674,0.10775,3.2214e-05,0.000481661,0.000918451,0.000205599,3.75203e-06,0.0215812,0.000490624,0.00040296,0.82054,0.0279226,0.00051053,0.63397,0.879947,0.214985,0.00127161,0.00011801,0.916158,0.000457327,0.0812664,0.204306,0.49052,0.00323576,0.147066,0.0358193,0.33051,0.0189974,0.045871,0.0233347,
0.25,0.0954567,6.69134e-05,0.233748,0.314196,0.0162943,0.023344,0.462676,0.0548814,0.0320803,0.0692535,0.1924,0.171126,0.00482948,0.00275751,0.0854496,0.00943965,0.0264131,0.139719,0.017132,9.28066e-06,0.199391,0.0203647,0.00296488,0.00278575,0.0216047,0.274829,0.325735,0.000312254,0.00109037,0.0132567,0.0536014,0.145577,0.13716,0.0583611,0.0591309,0.0261746,0.23409,0.156994,0.168535,0.20285,0.221361,0.230279,0.0845649,0.0730384,0.0912843,0.0802126,0.172667,0.387791,0.0867964,0.103161,0.126579,0.106431,0.000169123,0.000417048,0.00101513,0.000220643,4.50244e-06,0.0423639,0.000712245,0.000361274,0.729903,0.027225,0.000589626,0.461483,0.650156,0.219008,0.00123386,0.000268735,0.733117,0.000304885,0.0857381,0.202064,0.474183,0.0249565,0.0903354,0.0234242,0.323929,0.0234424,0.0543328,0.0272542,
0.255,0.095576,7.38355e-05,0.360598,0.46485,0.0179976,0.02305,0.701169,0.055963,0.0338804,0.127946,0.0991337,0.177659,0.00524684,0.00283475,0.139334,0.0110206,0.0407823,0.125092,0.0187162,9.28066e-06,0.210991,0.0114162,0.00318388,0.00295458,0.0224207,0.278835,0.337317,0.000335384,0.0011776,0.0148759,0.0546596,0.146905,0.139274,0.0252794,0.0604282,0.0553303,0.234423,0.24181,0.24562,0.31636,0.21796,0.25424,0.129588,0.128905,0.099062,0.0888384,0.324469,0.811247,0.0553406,0.107444,0.130969,0.108919,5.15423e-05,0.000554106,0.00106347,0.000220643,4.50244e-06,0.0248454,0.000476868,0.000409907,0.85371,0.0287007,0.000584233,0.703209,0.923874,0.220189,0.00129314,0.00013612,0.947826,0.00051515,0.0871095,0.199669,0.458264,0.00249069,0.162792,0.036808,0.318336,0.0159757,0.0370799,0.0194046,
0.26,0.0959933,0.000103831,0.256759,0.327029,0.0193034,0.0226384,0.47627,0.0566921,0.035112,0.0794405,0.189345,0.18374,0.00608156,0.00295164,0.0942198,0.0105623,0.0298712,0.191449,0.0190462,9.28066e-06,0.224968,0.0221317,0.00330461,0.00306714,0.0237987,0.289327,0.348894,0.000404774,0.00126483,0.0164377,0.0556083,0.154094,0.145361,0.0450482,0.0640739,0.0294539,0.235373,0.177133,0.186062,0.228532,0.215307,0.270531,0.0955054,0.0832936,0.100432,0.095259,0.196064,0.439965,0.125246,0.111096,0.134109,0.10869,0.000265765,0.000516904,0.00116015,0.000220643,5.25285e-06,0.0500594,0.000638881,0.000389065,0.768055,0.0292092,0.000778378,0.517917,0.715046,0.224153,0.00104168,0.000304956,0.782118,0.000345624,0.091462,0.197231,0.443,0.0109278,0.104607,0.0266369,0.313737,0.0148246,0.0334579,0.0180449,
0.265,0.0966492,0.000113061,0.406892,0.52353,0.0209215,0.0225502,0.77373,0.0582909,0.0367264,0.144148,0.115459,0.190732,0.00655855,0.00299966,0.153639,0.0122123,0.0501431,0.162707,0.0205944,7.73388e-06,0.235898,0.0121917,0.00351238,0.00312342,0.0249831,0.293164,0.36076,0.000427904,0.00126483,0.0181952,0.0569218,0.155384,0.147416,0.0244595,0.0666486,0.0586692,0.236776,0.262205,0.263693,0.340923,0.21325,0.293552,0.139313,0.13773,0.108071,0.103718,0.345459,0.858502,0.0724539,0.115761,0.139305,0.115186,8.05349e-05,0.000612845,0.00116015,0.000210614,6.00325e-06,0.027696,0.00045547,0.000472435,0.924332,0.0321466,0.000758604,0.749881,0.957037,0.225317,0.00132663,0.00015423,0.964949,0.000551947,0.0928333,0.19475,0.428333,0.00108568,0.180025,0.045206,0.309963,0.0104029,0.0213,0.0122178,
0.27,0.0975435,0.000147671,0.297452,0.362304,0.0221705,0.022315,0.535655,0.0595473,0.0377694,0.096328,0.185118,0.197343,0.0074529,0.00307063,0.11164,0.0121222,0.0346411,0.239391,0.0211945,7.73388e-06,0.250624,0.023907,0.00367241,0.00312342,0.0268016,0.303208,0.372683,0.000497294,0.00135206,0.0199681,0.058126,0.162359,0.153327,0.0355611,0.0713251,0.0377415,0.238723,0.211632,0.218651,0.27362,0.211804,0.310874,0.114319,0.10291,0.110528,0.110528,0.24496,0.562893,0.153128,0.119887,0.143343,0.11606,0.000336636,0.000638298,0.00120849,0.00019557,6.00325e-06,0.0566732,0.000574687,0.000451593,0.829905,0.0334155,0.000965332,0.61514,0.810017,0.229219,0.00095902,0.000329492,0.860323,0.000421845,0.0971262,0.192247,0.414321,0.000333511,0.128218,0.0307968,0.30702,0.00684838,0.0121773,0.0084663,
0.275,0.0986167,0.000159208,0.405107,0.509418,0.0237034,0.0222562,0.774505,0.0613449,0.0391752,0.144547,0.12489,0.204514,0.00804913,0.00309568,0.157697,0.0133005,0.0468042,0.213353,0.0227727,6.1871e-06,0.262537,0.0154016,0.00389703,0.00306714,0.0283607,0.306881,0.384539,0.000531989,0.00135206,0.0219008,0.059622,0.16361,0.155322,0.0261777,0.0741411,0.0615311,0.241047,0.278102,0.282284,0.362725,0.210818,0.3337,0.150502,0.147031,0.118165,0.119049,0.365898,0.89795,0.0896417,0.124712,0.148751,0.120647,0.000148184,0.000697037,0.00116015,0.000180526,6.75366e-06,0.0361158,0.000452413,0.000493278,0.93026,0.0355315,0.000871855,0.801849,0.968407,0.230365,0.00126629,0.000205641,0.974588,0.000591371,0.0984379,0.189765,0.401026,0.000411566,0.184887,0.0421515,0.304743,0.00577504,0.00685254,0.00559022,
0.28,0.0998688,0.000198433,0.306951,0.36485,0.0250092,0.0220504,0.577927,0.0627539,0.0401553,0.104108,0.199761,0.211651,0.00906272,0.00316039,0.123692,0.0136629,0.0301097,0.294743,0.0236848,6.1871e-06,0.280191,0.0283438,0.00413287,0.00298272,0.0305584,0.316493,0.397153,0.000601379,0.00143929,0.0239022,0.060972,0.170373,0.161058,0.0406334,0.079049,0.0462676,0.243835,0.242992,0.253706,0.316554,0.210291,0.352529,0.133616,0.122705,0.121956,0.126458,0.294075,0.684426,0.170861,0.129201,0.153134,0.120188,0.000402674,0.000759692,0.00120849,0.000160468,6.75366e-06,0.0673718,0.000617483,0.000444645,0.853235,0.0359343,0.00105521,0.711635,0.870594,0.234204,0.00098879,0.000396092,0.912014,0.00049938,0.102671,0.187349,0.388505,0.000326415,0.144205,0.0270354,0.303145,0.00492337,0.00393051,0.00468525,
0.285,0.1013,0.00020997,0.400121,0.496111,0.0265421,0.0219622,0.77844,0.0645114,0.0414555,0.144711,0.131716,0.218909,0.00983782,0.00318126,0.161293,0.0142879,0.0420343,0.261166,0.025257,4.64033e-06,0.293095,0.0180936,0.0043659,0.00289831,0.0323822,0.320009,0.40899,0.000647638,0.00143929,0.0260102,0.0625411,0.171586,0.162995,0.0287021,0.081508,0.0642142,0.246923,0.292746,0.300812,0.383272,0.210121,0.375371,0.161556,0.155974,0.12955,0.135144,0.385527,0.935205,0.100385,0.134076,0.158401,0.122807,0.000194894,0.000769482,0.00116015,0.000145424,7.50407e-06,0.043094,0.000496738,0.000472435,0.930502,0.0370476,0.000927582,0.85216,0.978386,0.235331,0.00125832,0.000261724,0.98286,0.000629482,0.103923,0.184955,0.37664,0.000177399,0.189113,0.038134,0.302069,0.00494281,0.00224547,0.00351621,
0.29,0.10291,0.00024458,0.321336,0.379897,0.0278763,0.0217564,0.619485,0.0659103,0.0424241,0.111874,0.200366,0.226093,0.010911,0.0032418,0.133626,0.0145976,0.0288576,0.32533,0.0262291,4.64033e-06,0.310349,0.0294295,0.00459894,0.00275761,0.034697,0.329203,0.421339,0.000717028,0.00152652,0.0281685,0.0640006,0.178138,0.168557,0.0418995,0.0856968,0.0517529,0.250395,0.264181,0.277283,0.345492,0.210325,0.394668,0.147327,0.135881,0.133748,0.142836,0.32656,0.762534,0.172253,0.138636,0.162754,0.121867,0.000413949,0.000822347,0.00116015,0.000125365,7.50407e-06,0.0700563,0.000638881,0.000423802,0.87275,0.036975,0.00107858,0.777761,0.906604,0.239104,0.00104036,0.000418876,0.93945,0.000553261,0.108037,0.182647,0.36555,0.000298031,0.156265,0.0261687,0.301537,0.00475615,0.00153291,0.00358961,
0.295,0.104698,0.000256117,0.39549,0.484076,0.0294093,0.0216094,0.780467,0.0675362,0.0436528,0.144451,0.144678,0.233259,0.0118054,0.00326894,0.163961,0.0151125,0.0381588,0.298005,0.0276873,3.09355e-06,0.32336,0.021226,0.00482355,0.00261692,0.0366623,0.332567,0.432865,0.000751723,0.00157013,0.0304025,0.0655696,0.179314,0.170435,0.0322343,0.0877987,0.0664798,0.254096,0.30454,0.315699,0.399614,0.210767,0.416835,0.170083,0.163129,0.140821,0.151467,0.401361,0.966694,0.115235,0.14343,0.1677,0.123461,0.000248047,0.000832137,0.00116015,0.000110322,8.25447e-06,0.0506875,0.000544119,0.000437698,0.932982,0.0375331,0.000972523,0.890513,0.986274,0.240212,0.00125672,0.000311382,0.988846,0.000658394,0.109289,0.180427,0.355116,0.000127728,0.192504,0.0348197,0.301405,0.00498559,0.00100141,0.00307583,
0.3,0.106547,0.000293035,0.288101,0.330555,0.0306299,0.021286,0.565407,0.0685987,0.0444015,0.10102,0.222479,0.240078,0.0131171,0.00335035,0.125103,0.0151259,0.0213451,0.379536,0.0282573,3.09355e-06,0.341094,0.0343151,0.0050229,0.00247622,0.0392067,0.341359,0.444708,0.000832678,0.00165736,0.0326314,0.0669561,0.185658,0.175824,0.0472517,0.0920931,0.0497257,0.258105,0.259834,0.27612,0.340318,0.211515,0.433452,0.146098,0.133079,0.142964,0.158432,0.316996,0.733163,0.198676,0.147616,0.171213,0.120588,0.000510591,0.000873255,0.00120849,9.52777e-05,9.00488e-06,0.0823792,0.000730586,0.000375169,0.846867,0.0367083,0.00116307,0.769561,0.887131,0.243918,0.000951843,0.000513517,0.927767,0.000541433,0.113344,0.178316,0.345397,0.000361895,0.147456,0.0196354,0.301703,0.00480281,0.000994178,0.00368116,
0.305,0.108514,0.000309186,0.376307,0.462786,0.0319357,0.0210802,0.740639,0.0699435,0.0453501,0.13737,0.167444,0.246787,0.0141307,0.00340253,0.155565,0.0153761,0.0358335,0.350811,0.0291394,3.09355e-06,0.353286,0.0243723,0.00517732,0.00233553,0.0413909,0.344576,0.455611,0.000878938,0.00170098,0.0348583,0.0684522,0.186796,0.177644,0.0359779,0.0945822,0.062664,0.262276,0.293426,0.304888,0.383946,0.212433,0.451239,0.162548,0.154961,0.147204,0.165748,0.379771,0.914128,0.138139,0.151946,0.175312,0.122412,0.00032214,0.000847801,0.00120849,8.52485e-05,9.00488e-06,0.0592336,0.000641938,0.00040296,0.925925,0.0373353,0.00108577,0.853913,0.971403,0.245006,0.00119,0.000397844,0.978163,0.00062554,0.114596,0.176291,0.336394,0.000170303,0.184337,0.0330301,0.302298,0.00493504,0.00081329,0.00341028,
0.31,0.110661,0.000348411,0.272156,0.308425,0.0329577,0.0206392,0.542869,0.0706967,0.0458445,0.0969093,0.234776,0.253085,0.0156809,0.0035069,0.121353,0.0154825,0.0177081,0.427635,0.0293615,1.54678e-06,0.370104,0.037201,0.00533735,0.00219483,0.0440965,0.35298,0.466686,0.000959893,0.00183182,0.0370647,0.0696928,0.192934,0.182862,0.0504689,0.0988816,0.0499046,0.266691,0.258228,0.275269,0.338142,0.213573,0.464091,0.144122,0.132602,0.147558,0.171513,0.316264,0.736453,0.213842,0.155642,0.177971,0.11918,0.000570187,0.00090654,0.00120849,7.02046e-05,9.75528e-06,0.0898522,0.000811593,0.000340431,0.837811,0.0363463,0.00124756,0.760968,0.884729,0.248643,0.000905328,0.000585959,0.925696,0.000537491,0.118531,0.174398,0.327987,0.000397375,0.145003,0.0165142,0.303229,0.00482615,0.00096809,0.00407765,
0.315,0.112807,0.000362255,0.364274,0.44429,0.0340932,0.0203452,0.729251,0.0717381,0.0465817,0.135153,0.180131,0.259327,0.0168734,0.00358205,0.154789,0.0159197,0.031481,0.397744,0.0300936,1.54678e-06,0.381901,0.0275407,0.00547774,0.00205414,0.0464158,0.356056,0.476925,0.00100615,0.00187544,0.039269,0.0710793,0.194035,0.184624,0.0395473,0.10128,0.064393,0.271209,0.298438,0.311553,0.390989,0.214848,0.478883,0.165115,0.158717,0.15093,0.177846,0.389062,0.937689,0.153355,0.159533,0.181308,0.120623,0.000381735,0.000898708,0.00125683,6.01754e-05,1.05057e-05,0.0672185,0.000715302,0.000368222,0.920644,0.0367826,0.00115768,0.866943,0.976288,0.24971,0.00115944,0.000466196,0.98166,0.000637367,0.119723,0.172634,0.320296,0.000205783,0.18515,0.0293046,0.304375,0.00505559,0.000864523,0.00382947,
0.32,0.115073,0.00040148,0.255131,0.284009,0.0349164,0.019816,0.517172,0.072174,0.0468445,0.0919187,0.246851,0.265038,0.0184832,0.0037073,0.117262,0.015843,0.013773,0.471081,0.0301056,1.54678e-06,0.397641,0.0398764,0.0056097,0.00191344,0.0492133,0.364086,0.487124,0.00108711,0.00200628,0.041418,0.072174,0.199969,0.189673,0.0534101,0.105399,0.0490699,0.275913,0.256608,0.275188,0.336183,0.216276,0.488459,0.14332,0.131529,0.150168,0.182482,0.312423,0.724024,0.228313,0.162712,0.18315,0.117045,0.000626561,0.000939826,0.00125683,5.01462e-05,1.12561e-05,0.0968068,0.0008819,0.000298746,0.825889,0.0356574,0.00131587,0.75663,0.876302,0.253275,0.000858812,0.000650221,0.920291,0.000532234,0.123599,0.17098,0.313201,0.000425758,0.141202,0.0131527,0.305782,0.00490781,0.00105233,0.00449609,
0.325,0.117398,0.000417632,0.345657,0.421495,0.0358248,0.0194337,0.693119,0.0729211,0.0473217,0.128303,0.198035,0.27065,0.0198545,0.00380332,0.147556,0.0161028,0.028798,0.440587,0.0305196,1.54678e-06,0.408094,0.0302964,0.00570516,0.00177275,0.0516217,0.367026,0.496463,0.00113337,0.00213713,0.0435209,0.0733781,0.201034,0.191378,0.043015,0.107832,0.0613523,0.280673,0.289577,0.303261,0.378742,0.21779,0.499248,0.159285,0.152516,0.151934,0.187419,0.372436,0.896261,0.17151,0.166041,0.18566,0.118717,0.000442942,0.000912414,0.00130517,4.51316e-05,1.20065e-05,0.074417,0.00079478,0.000333484,0.910876,0.0361824,0.00124217,0.83868,0.9624,0.254322,0.00110362,0.000535717,0.972256,0.000612398,0.124732,0.169456,0.306642,0.00047543,0.177788,0.027051,0.307336,0.00516059,0.00123369,0.00439091,
0.33,0.119783,0.000452242,0.243202,0.270149,0.0364209,0.0188457,0.494872,0.0730999,0.0473475,0.087958,0.254333,0.275632,0.0215836,0.00394109,0.112496,0.0158929,0.0124016,0.50307,0.0302676,1.54678e-06,0.421492,0.0411587,0.00578939,0.00166019,0.0544066,0.374695,0.5055,0.00120276,0.00226797,0.0455346,0.0743268,0.206766,0.196259,0.054868,0.111614,0.0474004,0.285569,0.249727,0.26816,0.326616,0.219439,0.505078,0.138349,0.127176,0.149939,0.190687,0.301646,0.700296,0.236918,0.168633,0.186746,0.11547,0.000658775,0.000941784,0.00135351,4.01169e-05,1.27569e-05,0.100427,0.000936923,0.000277903,0.818117,0.0351827,0.00137519,0.7327,0.864014,0.257813,0.000820802,0.000695789,0.909878,0.000513836,0.128548,0.168085,0.30068,0.000468334,0.136661,0.0120172,0.309092,0.00493892,0.00135674,0.00495765,
0.335,0.122168,0.000466086,0.334825,0.403156,0.037159,0.0184047,0.685368,0.073603,0.0476646,0.126839,0.208327,0.280719,0.0230145,0.00405173,0.14777,0.0165851,0.0243859,0.477871,0.0307476,-0,0.431441,0.0333512,0.00589888,0.00154764,0.0568223,0.377503,0.51404,0.00124902,0.0023552,0.0475462,0.075385,0.207795,0.197907,0.0462106,0.113791,0.0640949,0.29048,0.296267,0.311417,0.388181,0.22114,0.513792,0.162743,0.157823,0.151891,0.194798,0.386216,0.933543,0.185308,0.171536,0.188676,0.116742,0.000496095,0.000965279,0.00140185,3.00877e-05,1.35073e-05,0.0819029,0.00085286,0.000298746,0.905029,0.0355364,0.0012961,0.856564,0.970965,0.258838,0.00107518,0.000592385,0.978342,0.000630796,0.12968,0.166823,0.295254,0.000283839,0.179933,0.0232276,0.310944,0.00519948,0.00120068,0.00471022,
0.34,0.124672,0.000498389,0.239458,0.264713,0.0376416,0.0177873,0.492368,0.0736131,0.0475703,0.0875412,0.26094,0.285177,0.0247436,0.00419576,0.112529,0.0162485,0.0107918,0.532296,0.0305016,-0,0.4434,0.0425601,0.00597188,0.00140694,0.0595405,0.384825,0.522178,0.00131841,0.00252966,0.0494493,0.0761877,0.213328,0.202622,0.0564218,0.117191,0.0476389,0.295486,0.252555,0.271916,0.330403,0.222925,0.517737,0.139996,0.128607,0.149959,0.197285,0.304517,0.704294,0.244535,0.173738,0.189327,0.11391,0.000689379,0.000969195,0.00145019,2.50731e-05,1.42577e-05,0.104199,0.000981248,0.000250113,0.819339,0.0346638,0.00142014,0.740601,0.866668,0.262255,0.000809904,0.000734931,0.911863,0.000519093,0.133377,0.165713,0.290305,0.000461238,0.137286,0.0107679,0.312949,0.00497392,0.00129105,0.00519676,
0.345,0.127117,0.000509926,0.330561,0.397308,0.0382377,0.0173169,0.67881,0.0739837,0.0477818,0.125584,0.215643,0.289737,0.026115,0.00430848,0.146741,0.0168401,0.0233127,0.502316,0.0309517,-0,0.451733,0.0346529,0.00606454,0.00132253,0.0618526,0.387506,0.529794,0.00134154,0.00261689,0.0513359,0.0771364,0.214321,0.204214,0.0477468,0.118991,0.0637968,0.300475,0.296483,0.312218,0.388325,0.224745,0.524654,0.16275,0.157584,0.151843,0.200646,0.38508,0.929708,0.193172,0.17627,0.190889,0.115628,0.000523477,0.000980943,0.00149853,2.50731e-05,1.57585e-05,0.0852996,0.000891071,0.000284851,0.905605,0.0351657,0.00133924,0.856244,0.969846,0.263258,0.00106242,0.0006251,0.977442,0.000629482,0.13445,0.164711,0.285834,0.000298031,0.179171,0.0223647,0.315011,0.0052267,0.00117082,0.00492512,
0.35,0.12968,0.000537615,0.238895,0.264271,0.0386068,0.0167289,0.49207,0.0739214,0.0476103,0.0875631,0.26751,0.29372,0.0277844,0.00445252,0.112489,0.0164901,0.0105533,0.552252,0.0306876,-0,0.461967,0.0436208,0.00612069,0.00120997,0.0644339,0.394493,0.537045,0.00139936,0.00279135,0.0531078,0.0778297,0.219658,0.208765,0.0577584,0.122048,0.0476985,0.305525,0.253515,0.273081,0.331377,0.226632,0.52709,0.140107,0.128846,0.149916,0.202473,0.304812,0.705197,0.251293,0.17816,0.191299,0.113461,0.000710318,0.000982901,0.0015952,2.00585e-05,1.65089e-05,0.10695,0.00101487,0.000243165,0.82473,0.0345177,0.00146328,0.741086,0.868312,0.266599,0.000807512,0.00076122,0.912104,0.000520407,0.138087,0.163862,0.281839,0.000468334,0.137727,0.0106418,0.317189,0.00500504,0.00129105,0.00539046,
0.355,0.132185,0.000544537,0.327084,0.392309,0.0391177,0.0162585,0.673027,0.0742257,0.0477561,0.124457,0.221817,0.297795,0.0291557,0.00456106,0.145798,0.0170337,0.0225376,0.520531,0.0311077,-0,0.46868,0.0357746,0.0061965,0.00112556,0.0665866,0.397052,0.543763,0.00143406,0.00287858,0.0548561,0.0786689,0.220616,0.210301,0.0490795,0.123501,0.0636179,0.310531,0.296378,0.312443,0.388017,0.228536,0.532604,0.162395,0.157286,0.151734,0.205214,0.384008,0.92684,0.199902,0.180384,0.192633,0.115465,0.000546027,0.000994649,0.0015952,1.50439e-05,1.72593e-05,0.0881823,0.000923168,0.000270956,0.906548,0.0351179,0.00137699,0.854484,0.968848,0.267579,0.00105285,0.00065139,0.97663,0.000628168,0.13916,0.163122,0.278261,0.000312223,0.178461,0.0217274,0.319393,0.00525393,0.0011922,0.0051105,
0.36,0.134748,0.000565303,0.236517,0.265124,0.039288,0.0157293,0.478238,0.0741212,0.0474875,0.0851672,0.268503,0.301084,0.0306463,0.00469466,0.108465,0.0162687,0.012342,0.558003,0.0306156,-0,0.475704,0.0429035,0.00619088,0.00104114,0.0689112,0.403716,0.549742,0.00146875,0.00300942,0.0564322,0.0792892,0.225759,0.21469,0.056958,0.125976,0.0444789,0.315572,0.243774,0.262336,0.317643,0.230475,0.532767,0.133935,0.12187,0.148903,0.206111,0.286783,0.658928,0.251267,0.181845,0.192748,0.113905,0.000707096,0.000955489,0.00169188,1.50439e-05,1.80098e-05,0.105605,0.0010271,0.000243165,0.824004,0.034722,0.00148665,0.709961,0.848789,0.270842,0.000792095,0.00076531,0.895015,0.00049281,0.142678,0.162513,0.275042,0.000468334,0.132562,0.0122239,0.321685,0.00489615,0.00129938,0.00549186,
0.365,0.137312,0.00056761,0.324526,0.391164,0.0396287,0.0153177,0.662533,0.0744034,0.0475475,0.122693,0.226872,0.304513,0.0318388,0.00479694,0.142871,0.0168871,0.0236108,0.525751,0.0308676,-0,0.479901,0.0360433,0.00622738,0.000956722,0.0708144,0.406157,0.555297,0.00149188,0.00309665,0.0579796,0.080019,0.226682,0.216172,0.0495452,0.127037,0.0619485,0.320548,0.289831,0.304784,0.378655,0.232413,0.536171,0.157407,0.152814,0.150052,0.207976,0.373369,0.904291,0.204258,0.183674,0.193835,0.116331,0.000555691,0.000980943,0.00174022,1.00292e-05,1.87602e-05,0.0888932,0.00093998,0.000284851,0.907265,0.0354922,0.00140575,0.831229,0.962201,0.271799,0.00103903,0.000661321,0.971265,0.00060977,0.143692,0.162034,0.272239,0.000319319,0.175393,0.0226232,0.32398,0.00514115,0.00120603,0.00520584,
0.37,0.139876,0.000586069,0.2246,0.256229,0.0395435,0.0148767,0.436978,0.0742528,0.0470931,0.0777197,0.274256,0.306902,0.0332101,0.0049201,0.0978963,0.015635,0.015025,0.558263,0.0299075,-0,0.483224,0.0421807,0.00613473,0.000872306,0.0728571,0.41251,0.559783,0.00151501,0.00318388,0.059276,0.0804568,0.231634,0.2204,0.0562144,0.129189,0.0373241,0.325538,0.220623,0.236968,0.285266,0.234403,0.532487,0.119109,0.10607,0.14513,0.207394,0.246436,0.556819,0.255414,0.184539,0.193484,0.115281,0.000711928,0.000898708,0.00178856,1.00292e-05,1.95106e-05,0.104366,0.00104391,0.000264008,0.814385,0.0353639,0.0015244,0.634993,0.797827,0.274982,0.000741327,0.00077232,0.847763,0.000431044,0.14715,0.161664,0.269795,0.000468334,0.119574,0.0144745,0.326341,0.00458503,0.00131148,0.0055766,
0.375,0.14238,0.000586069,0.304391,0.36786,0.0396287,0.0145533,0.615848,0.0743984,0.0469388,0.114176,0.231248,0.309352,0.0342833,0.00500986,0.132476,0.0162859,0.0228953,0.529951,0.0298235,-0,0.48469,0.036395,0.00611788,0.000816028,0.0744955,0.414838,0.563833,0.00152658,0.00327111,0.0605385,0.0810042,0.232523,0.221828,0.0498094,0.129868,0.057596,0.330447,0.270843,0.284002,0.352791,0.236358,0.532189,0.144645,0.141307,0.144643,0.207808,0.345659,0.843871,0.209603,0.185698,0.193942,0.116948,0.000575019,0.000943742,0.00178856,1.00292e-05,2.0261e-05,0.0899969,0.000961378,0.000291798,0.886866,0.0359249,0.00143631,0.770984,0.93819,0.275916,0.000968589,0.000678847,0.954127,0.000561146,0.148164,0.161403,0.267648,0.000333511,0.164069,0.0218451,0.328688,0.00483392,0.00123054,0.00531707,
0.38,0.144944,0.000595299,0.250909,0.300064,0.0393732,0.0142887,0.475316,0.0743743,0.0464474,0.0860666,0.265849,0.311024,0.0353565,0.00511006,0.102736,0.0153032,0.022001,0.539347,0.0288454,-0,0.484363,0.0391037,0.00598873,0.00075975,0.0761239,0.42089,0.566943,0.00153814,0.00335834,0.0615551,0.0814055,0.237286,0.225898,0.0530853,0.131316,0.0378011,0.335352,0.219692,0.232564,0.282604,0.238365,0.526488,0.115951,0.104877,0.139827,0.206324,0.245958,0.563394,0.24256,0.186197,0.193593,0.117839,0.000658775,0.000859549,0.0018369,5.01462e-06,2.0261e-05,0.0970129,0.0010164,0.000298746,0.84288,0.0364396,0.00151901,0.621493,0.813342,0.279018,0.000799804,0.000730257,0.854011,0.000424473,0.151503,0.161272,0.2658,0.000418662,0.125386,0.0206772,0.331083,0.00438281,0.00127156,0.00547824,
0.385,0.147508,0.000588376,0.319461,0.389889,0.0393164,0.0141123,0.633437,0.0746605,0.0462816,0.117541,0.230371,0.312875,0.0361316,0.00517895,0.134575,0.0160817,0.0276055,0.510505,0.0288034,-0,0.483278,0.0350711,0.00595785,0.000703472,0.0773722,0.423108,0.569821,0.00152658,0.00340195,0.0625523,0.0819164,0.238141,0.227272,0.0486705,0.131517,0.0568209,0.340166,0.269111,0.280278,0.349476,0.24032,0.524735,0.142234,0.13928,0.139663,0.206035,0.341097,0.832837,0.205891,0.187072,0.194124,0.120508,0.000547637,0.000918288,0.00188524,5.01462e-06,2.10114e-05,0.0864811,0.000938452,0.000333484,0.904781,0.0373209,0.00143631,0.760071,0.938375,0.279929,0.00100713,0.0006473,0.952617,0.000553261,0.152456,0.16125,0.26425,0.000319319,0.165597,0.0258477,0.333451,0.00469003,0.00118481,0.00518919,
0.39,0.150012,0.000597606,0.240263,0.286635,0.0388906,0.0139652,0.446041,0.0746686,0.0457102,0.0802741,0.276139,0.313982,0.037026,0.00526871,0.0962452,0.0150664,0.0224183,0.537276,0.0277413,-0,0.482027,0.0401589,0.00582589,0.000647195,0.0787431,0.428871,0.572006,0.00153814,0.00348918,0.0633096,0.0822448,0.24272,0.231187,0.0545549,0.133026,0.0340448,0.344961,0.207869,0.220008,0.266002,0.24231,0.517048,0.108233,0.096828,0.134419,0.203701,0.224874,0.509153,0.252508,0.187234,0.193622,0.121007,0.000682936,0.000839969,0.00193358,5.01462e-06,2.17618e-05,0.099554,0.00103474,0.000326536,0.837573,0.0377085,0.00155496,0.581748,0.7821,0.282948,0.00076711,0.000744278,0.823242,0.000391619,0.155736,0.161316,0.262938,0.000539294,0.117488,0.0208775,0.335854,0.00425836,0.00137969,0.00554709,
0.395,0.152516,0.000586069,0.335292,0.430326,0.0384932,0.0140829,0.61555,0.0751968,0.0453815,0.115617,0.230085,0.314955,0.037503,0.00531672,0.123913,0.01482,0.0411996,0.478296,0.0270272,-0,0.475332,0.0298422,0.00565181,0.000619056,0.0795663,0.430984,0.573304,0.00150345,0.00348918,0.0638937,0.0827191,0.243542,0.232509,0.0433614,0.133106,0.0444789,0.349657,0.231698,0.236061,0.295476,0.244265,0.510276,0.116878,0.111555,0.131408,0.201518,0.271197,0.659187,0.196612,0.187598,0.194091,0.126851,0.000486431,0.000775356,0.00193358,5.01462e-06,2.17618e-05,0.074807,0.000918582,0.000409907,0.926297,0.0398302,0.00147766,0.632384,0.88547,0.283835,0.00101138,0.000597059,0.900698,0.0004455,0.15669,0.16149,0.261865,0.000276743,0.150864,0.0377384,0.338221,0.00412614,0.00121263,0.00508931,
0.4,0.15502,0.000592991,0.245291,0.295868,0.0379255,0.0140829,0.453971,0.0753475,0.0447901,0.0809578,0.283508,0.315642,0.0382185,0.00539813,0.096018,0.0147692,0.0250417,0.520269,0.0260251,-0,0.473223,0.0407349,0.00553951,0.000590917,0.0806381,0.436468,0.574727,0.00150345,0.00357641,0.0643508,0.083011,0.247938,0.236269,0.0578954,0.13461,0.0351777,0.354325,0.20357,0.213259,0.259229,0.246238,0.500603,0.102251,0.0949797,0.126369,0.198326,0.224149,0.525045,0.253547,0.18754,0.193655,0.127275,0.000679714,0.000818432,0.00198192,5.01462e-06,2.25122e-05,0.0998442,0.00105308,0.000382117,0.850103,0.0400317,0.00157473,0.555122,0.787746,0.286772,0.000811499,0.0007361,0.824584,0.000379792,0.15985,0.161773,0.26103,0.00256874,0.117976,0.0228134,0.340613,0.00504781,0.00369351,0.00651108,
0.405,0.157465,0.000579147,0.328094,0.42325,0.0373577,0.0143475,0.594682,0.0759149,0.0444015,0.111391,0.233082,0.316105,0.038457,0.00543779,0.118679,0.0144548,0.0420343,0.469296,0.025311,-0,0.465938,0.0297813,0.00537666,0.000562778,0.081201,0.438479,0.575216,0.00146875,0.00357641,0.0646428,0.0834124,0.248727,0.23754,0.0436842,0.134579,0.0413189,0.358888,0.220684,0.223899,0.280129,0.248176,0.491859,0.109187,0.104519,0.123248,0.195299,0.253445,0.614155,0.198484,0.187597,0.193983,0.132012,0.000489652,0.000747945,0.00198192,5.01462e-06,2.25122e-05,0.0747101,0.000935395,0.000451593,0.92145,0.0417369,0.00149384,0.594328,0.864894,0.287634,0.000998359,0.000598811,0.881559,0.000416588,0.160744,0.162121,0.260434,0.000482526,0.144429,0.0382931,0.342962,0.0046317,0.00311565,0.00595645,
0.41,0.159909,0.000579147,0.236529,0.302652,0.036648,0.0144651,0.448903,0.0759982,0.04389,0.0738406,0.29745,0.316309,0.0389936,0.00553799,0.088451,0.0140138,0.0263534,0.490556,0.0241889,1.54678e-06,0.46256,0.0396548,0.00524751,0.000590917,0.0818504,0.443694,0.575918,0.00146875,0.00362003,0.0647576,0.0836678,0.252944,0.241149,0.0700009,0.135349,0.0298116,0.363413,0.183,0.193513,0.231111,0.250132,0.479685,0.0894667,0.0817434,0.117816,0.191131,0.191594,0.443816,0.23106,0.187206,0.19327,0.13214,0.000613676,0.000728365,0.00203026,1.50439e-05,2.25122e-05,0.0947099,0.00113868,0.000409907,0.846464,0.0411351,0.00149923,0.488493,0.730722,0.290486,0.000986929,0.000722079,0.770512,0.000327226,0.163844,0.162578,0.260017,0.0143977,0.105221,0.0238392,0.345328,0.0112234,0.0182422,0.0128391,
0.415,0.162354,0.00056761,0.308426,0.407375,0.03591,0.0148179,0.546804,0.0764461,0.0434385,0.100966,0.246114,0.316221,0.0391724,0.00559643,0.105644,0.0136437,0.0430479,0.453579,0.0232227,1.54678e-06,0.454695,0.0300942,0.0050622,0.000647195,0.0821504,0.445607,0.575719,0.00143406,0.00366364,0.0647053,0.0839597,0.253701,0.242368,0.0466783,0.135334,0.0339852,0.367831,0.193352,0.195218,0.242198,0.252036,0.467623,0.0913809,0.086871,0.113422,0.186863,0.209465,0.507504,0.204018,0.18683,0.193131,0.136141,0.000494484,0.000677458,0.00203026,2.00585e-05,2.32626e-05,0.0750359,0.00101334,0.000465488,0.907945,0.0425133,0.00149024,0.502387,0.809631,0.291323,0.00100819,0.000613416,0.823844,0.000345624,0.164739,0.1631,0.259719,0.00168884,0.128542,0.0390329,0.347646,0.00869173,0.0148005,0.0113673,
0.42,0.164739,0.000556073,0.245461,0.340039,0.0350867,0.0150531,0.47311,0.0765024,0.0430956,0.0721345,0.309763,0.316064,0.0394109,0.00572794,0.0841661,0.0130742,0.0322561,0.443416,0.0219506,1.54678e-06,0.449236,0.0369628,0.00489655,0.000787889,0.082308,0.450563,0.575862,0.00141093,0.00370726,0.0644328,0.0841057,0.257742,0.245829,0.0820907,0.135374,0.0248629,0.372206,0.161467,0.170975,0.200583,0.253958,0.45253,0.0742094,0.0676127,0.107565,0.181613,0.158523,0.367849,0.200157,0.186178,0.192253,0.137855,0.000510591,0.000608929,0.00212694,4.51316e-05,2.32626e-05,0.0853453,0.00124108,0.000444645,0.864715,0.0417906,0.00140396,0.409048,0.679443,0.29409,0.00124184,0.000685858,0.710643,0.000270717,0.16766,0.16371,0.259659,0.0273408,0.0961952,0.0289629,0.349975,0.0197829,0.0397905,0.0225115,
0.425,0.167064,0.000526078,0.276141,0.383475,0.0344622,0.0153177,0.554973,0.076428,0.0430642,0.0877301,0.253913,0.315426,0.0394109,0.00584484,0.0998081,0.012684,0.033389,0.383487,0.0212365,3.09355e-06,0.440827,0.0297896,0.00475336,0.001013,0.0818396,0.452381,0.575007,0.0013531,0.00375087,0.0640249,0.0842151,0.258468,0.246998,0.0726642,0.132794,0.0347007,0.376472,0.182782,0.192156,0.231588,0.255828,0.439752,0.0872278,0.0847842,0.104671,0.177019,0.208011,0.512257,0.145231,0.185366,0.191309,0.138163,0.000355964,0.000577601,0.00217528,7.52193e-05,2.32626e-05,0.0677233,0.00119217,0.00043075,0.868185,0.0404581,0.00117745,0.483635,0.770338,0.294903,0.00141541,0.000577196,0.812149,0.000336425,0.168555,0.164385,0.259719,0.0249636,0.114788,0.0301481,0.352252,0.0256007,0.0551989,0.0293979,
0.43,0.169449,0.000507619,0.239216,0.336616,0.0336957,0.0155235,0.463093,0.0761579,0.0429156,0.070332,0.292984,0.314543,0.0394109,0.00598679,0.0811246,0.0122679,0.0316003,0.388401,0.0201504,4.64033e-06,0.433928,0.0342874,0.00459894,0.00129439,0.0813956,0.457087,0.574078,0.00131841,0.0038381,0.0634438,0.0841786,0.262336,0.250313,0.0767894,0.131487,0.0231338,0.380689,0.152741,0.162426,0.189639,0.257716,0.424375,0.0698568,0.0634987,0.0997144,0.171561,0.148871,0.343249,0.187251,0.184257,0.189857,0.138169,0.000457438,0.000554106,0.00227196,0.000105307,2.4013e-05,0.0787336,0.00126553,0.000416855,0.844233,0.03946,0.00124217,0.386492,0.660185,0.297584,0.00129367,0.000636785,0.689388,0.000254947,0.171476,0.165147,0.259897,0.023438,0.092289,0.0285167,0.354536,0.0273002,0.0623,0.033138,
0.435,0.171715,0.000484545,0.271857,0.387587,0.0328441,0.0158763,0.496542,0.0760083,0.0427556,0.0806738,0.262256,0.313162,0.0392321,0.00609951,0.0851087,0.011568,0.0418555,0.355337,0.0189802,6.1871e-06,0.423296,0.0278869,0.00437994,0.00157578,0.0806354,0.458814,0.572155,0.00127215,0.00388172,0.0626732,0.0841057,0.26303,0.251432,0.0646859,0.129656,0.0224779,0.384797,0.145768,0.149618,0.178324,0.259535,0.408074,0.0632432,0.0586096,0.0945724,0.165711,0.139824,0.334485,0.164119,0.182931,0.188478,0.140208,0.000373682,0.000483619,0.00236864,0.00013038,2.4013e-05,0.0649376,0.00117994,0.00045854,0.868922,0.0397225,0.00122959,0.352557,0.675017,0.298371,0.00128516,0.00056259,0.686268,0.00023392,0.172311,0.165952,0.260196,0.019223,0.0977151,0.037614,0.356765,0.0256357,0.0610114,0.032703,
0.44,0.17398,0.000463779,0.241993,0.365748,0.0320493,0.0161409,0.493978,0.0756648,0.0428442,0.0666333,0.323493,0.312208,0.0391128,0.00628529,0.0774949,0.0116025,0.0347603,0.344837,0.0178821,7.73388e-06,0.416526,0.034484,0.00423395,0.00199786,0.0797879,0.46328,0.571192,0.00122589,0.00396895,0.061754,0.0840327,0.266728,0.254603,0.0992,0.128505,0.0204508,0.388854,0.135648,0.146049,0.165372,0.261389,0.390867,0.0566774,0.0528261,0.089696,0.159617,0.125771,0.298838,0.158811,0.181727,0.186957,0.142349,0.000375293,0.000458165,0.00251366,0.000175512,2.4013e-05,0.0746245,0.00140768,0.000444645,0.865092,0.0387995,0.00115948,0.317457,0.612431,0.300966,0.00161024,0.000626853,0.635098,0.000210265,0.175113,0.166844,0.260613,0.0432571,0.0836569,0.0310305,0.358997,0.036898,0.0858084,0.0439977,
0.445,0.176246,0.000440706,0.259906,0.385773,0.0311693,0.0164937,0.484736,0.0753916,0.0428356,0.0730716,0.2768,0.310713,0.0388147,0.00643767,0.0773946,0.0109247,0.042094,0.320177,0.0167,9.28066e-06,0.40653,0.0281555,0.00402899,0.00239181,0.078735,0.464919,0.569229,0.00117963,0.00405618,0.0606738,0.0838867,0.267392,0.255674,0.074582,0.126946,0.0180062,0.392802,0.126764,0.13159,0.152102,0.263174,0.37283,0.050509,0.0469831,0.0844399,0.15317,0.111731,0.265904,0.153708,0.180258,0.185384,0.144526,0.000338246,0.000411174,0.00261033,0.000210614,2.47634e-05,0.0634146,0.00131444,0.000472435,0.866283,0.0389539,0.00115768,0.284065,0.612211,0.301727,0.00146006,0.000566096,0.611355,0.000186611,0.175948,0.16778,0.26115,0.0260635,0.085992,0.0376667,0.361174,0.0347241,0.0847426,0.0438819,
0.45,0.178452,0.00040148,0.211288,0.371201,0.0305164,0.0166995,0.515323,0.0746384,0.0434842,0.048465,0.370928,0.309877,0.0385762,0.00673409,0.0650548,0.0104166,0.0296327,0.265771,0.0154878,1.23742e-05,0.400179,0.0351958,0.0038858,0.00309528,0.0772317,0.469153,0.568747,0.0011218,0.00423064,0.0593498,0.0836678,0.270924,0.258704,0.144272,0.124568,0.0134748,0.396697,0.103397,0.123005,0.123176,0.264976,0.3531,0.0384481,0.0341045,0.0795116,0.146328,0.0807429,0.18462,0.0909948,0.178939,0.183371,0.146866,0.000201337,0.000278032,0.00285203,0.000280819,2.47634e-05,0.066959,0.0017531,0.000423802,0.852367,0.0360982,0.000846688,0.216121,0.448046,0.304234,0.0022681,0.000622179,0.477731,0.000137987,0.178631,0.16876,0.261805,0.0821714,0.0573659,0.0263083,0.363349,0.0616432,0.142763,0.0703378,
0.455,0.180599,0.000387636,0.236275,0.358823,0.0294944,0.0170229,0.412592,0.0741253,0.0434528,0.0632307,0.26628,0.307922,0.0382781,0.00691361,0.0623609,0.00981547,0.0432864,0.284799,0.0140597,1.3921e-05,0.389604,0.0269535,0.00364995,0.00360178,0.0759537,0.470706,0.566306,0.00107554,0.00431786,0.0579335,0.0833394,0.271558,0.259727,0.0626918,0.123406,0.0101359,0.400484,0.0952855,0.0974,0.108242,0.266711,0.332014,0.0303913,0.0280229,0.0728327,0.13888,0.064348,0.150244,0.170892,0.177056,0.181216,0.147679,0.000359186,0.000338729,0.00299705,0.000320936,2.47634e-05,0.0624856,0.00140004,0.000465488,0.837919,0.0368454,0.00111633,0.171784,0.515981,0.30497,0.00136916,0.000569601,0.455878,0.000109075,0.179406,0.169805,0.262521,0.0133404,0.0704565,0.03873,0.365469,0.0421442,0.109766,0.0564871,
0.46,0.182745,0.000348411,0.207555,0.382391,0.0288131,0.0171993,0.517231,0.0732164,0.04423,0.044826,0.379115,0.306876,0.03798,0.00724134,0.0597873,0.00957675,0.0316003,0.224217,0.0128895,1.85613e-05,0.382923,0.0338387,0.00350957,0.00441781,0.0741559,0.474716,0.565621,0.00101772,0.00449232,0.0563041,0.083011,0.274927,0.262618,0.152982,0.120962,0.0104341,0.404216,0.0858926,0.104867,0.0988221,0.268462,0.310674,0.0261463,0.0240878,0.0680224,0.131507,0.0581355,0.136232,0.0704671,0.175538,0.178939,0.150111,0.000141741,0.000197755,0.00323875,0.000401169,2.55138e-05,0.0616735,0.00183869,0.000423802,0.850709,0.0342456,0.000762199,0.148975,0.384953,0.307389,0.00240738,0.000602901,0.393607,9.59336e-05,0.18203,0.170893,0.263296,0.0919354,0.0493122,0.0279612,0.367585,0.0694755,0.165329,0.0816764,
0.465,0.184832,0.000343796,0.240303,0.365237,0.0277912,0.0175521,0.408419,0.0727333,0.04419,0.0641874,0.27068,0.304962,0.0376819,0.00742086,0.0610574,0.0096151,0.0459695,0.271329,0.0117074,1.85613e-05,0.373906,0.0273634,0.00332146,0.00495245,0.072876,0.476188,0.563292,0.000994588,0.00457955,0.0546952,0.0826826,0.275531,0.263595,0.0600617,0.120786,0.00912235,0.407843,0.0900873,0.0898364,0.0999245,0.270163,0.289546,0.0247932,0.0245648,0.0621883,0.124014,0.0566505,0.135813,0.183145,0.173676,0.176895,0.151147,0.000380125,0.000328939,0.00338377,0.000436272,2.55138e-05,0.0639565,0.0014306,0.000486331,0.8481,0.0359372,0.0011433,0.1423,0.514099,0.308099,0.00135081,0.000574859,0.432726,9.19911e-05,0.182805,0.172003,0.26419,0.00943055,0.0704486,0.0410633,0.369645,0.0441742,0.11908,0.0616165,
0.47,0.186919,0.000327645,0.215249,0.383319,0.026968,0.0178167,0.480444,0.0720856,0.0446701,0.0467637,0.377939,0.304006,0.0374434,0.00771101,0.0558099,0.00960743,0.0380992,0.24862,0.0106573,2.16549e-05,0.369204,0.0342846,0.00321196,0.0057122,0.0714385,0.479983,0.562742,0.000959893,0.0047104,0.0529551,0.0823542,0.27874,0.26635,0.137156,0.120494,0.00649893,0.411415,0.0766085,0.0894471,0.0831876,0.27188,0.268072,0.0174989,0.0160983,0.0573979,0.116554,0.0365478,0.0798587,0.111968,0.172252,0.174992,0.154345,0.000236773,0.000221251,0.00357713,0.000496447,2.62642e-05,0.0667722,0.00177908,0.000472435,0.86611,0.0352132,0.000956344,0.0993884,0.366612,0.31043,0.00214052,0.000631527,0.311714,6.17655e-05,0.185309,0.173179,0.265085,0.077041,0.0490964,0.0336421,0.371699,0.0623316,0.153568,0.0770237,
0.475,0.188946,0.000341489,0.226557,0.347764,0.0258041,0.0181989,0.360124,0.0717984,0.0443072,0.0570556,0.291849,0.302332,0.0373241,0.00787175,0.0511976,0.0095825,0.0478774,0.310257,0.00949912,2.16549e-05,0.363298,0.0299253,0.00305754,0.0062187,0.0706531,0.481376,0.560918,0.000959893,0.00479763,0.0512652,0.0820623,0.279316,0.267281,0.0611576,0.12237,0.00357739,0.414882,0.0721955,0.0693455,0.0734286,0.27353,0.246275,0.0118116,0.0120439,0.051152,0.108851,0.0240079,0.052237,0.210189,0.170509,0.173201,0.155478,0.00046227,0.000330897,0.00372214,0.000511491,2.62642e-05,0.0714274,0.001452,0.000521069,0.848701,0.0376247,0.00132306,0.0668207,0.437786,0.311114,0.00120515,0.000637369,0.286825,4.07389e-05,0.186084,0.174376,0.266039,0.0088061,0.0603319,0.0425492,0.373696,0.0392081,0.108578,0.0572264,
0.48,0.190973,0.000359948,0.209512,0.335048,0.0245834,0.0185811,0.351181,0.0715453,0.04375,0.0489525,0.328345,0.300759,0.0373837,0.00802204,0.0457228,0.00957867,0.0450751,0.342392,0.00839499,2.16549e-05,0.359561,0.032886,0.00293962,0.00664078,0.0701857,0.484962,0.559389,0.000971458,0.00488486,0.0495784,0.0817339,0.282368,0.269903,0.082848,0.124809,0.00190794,0.418295,0.0637474,0.0625197,0.0619698,0.275179,0.224338,0.00628522,0.00709516,0.045019,0.101115,0.0117775,0.0216322,0.199711,0.168797,0.171421,0.156299,0.000468713,0.000321107,0.00381882,0.000526535,2.70146e-05,0.0755956,0.00146881,0.000534964,0.841253,0.0392593,0.00139497,0.0348577,0.371614,0.313356,0.00124795,0.000678263,0.207958,1.97124e-05,0.188469,0.175617,0.267112,0.0303353,0.0511981,0.0398321,0.375686,0.0354708,0.0963944,0.0513138,
0.485,0.192881,0.000396866,0.196061,0.292085,0.0231357,0.0189633,0.274088,0.0713896,0.0425641,0.0482444,0.296074,0.298692,0.0375626,0.00808884,0.0400476,0.00962469,0.0450155,0.401512,0.00734487,2.01081e-05,0.356723,0.0327059,0.00283012,0.00689403,0.0702974,0.486279,0.557149,0.00100615,0.00488486,0.0479828,0.081369,0.282916,0.270788,0.0533671,0.128203,0.000894348,0.421607,0.0605258,0.0533459,0.0567836,0.276777,0.202754,0.00349905,0.00572383,0.0385672,0.0934095,0.00723893,0.0129277,0.245517,0.166818,0.169484,0.154707,0.000597569,0.000391594,0.00381882,0.000516506,2.70146e-05,0.0816355,0.00129916,0.000548859,0.810667,0.0414323,0.00160529,0.019358,0.385891,0.314014,0.000761262,0.000710979,0.185064,1.05133e-05,0.189244,0.176879,0.268125,0.00337768,0.0523976,0.0398081,0.37762,0.0205374,0.0617516,0.0355836,
0.49,0.194849,0.000415325,0.191472,0.320162,0.0218298,0.0192867,0.339494,0.0711195,0.0416069,0.0428883,0.337853,0.296934,0.0377415,0.00818904,0.0409032,0.00939267,0.0413785,0.38212,0.00649277,2.01081e-05,0.354828,0.0335507,0.00275431,0.00717542,0.0703217,0.489665,0.555486,0.00102928,0.00492847,0.0463698,0.0809677,0.285815,0.27328,0.0934075,0.130225,0.00107322,0.424863,0.0561556,0.0564289,0.0524066,0.278376,0.182057,0.00180747,0.00381588,0.0335766,0.0860404,0.00445691,0.00609037,0.184805,0.165,0.167572,0.154429,0.000452606,0.000305443,0.0039155,0.000516506,2.70146e-05,0.0758024,0.00147034,0.000534964,0.820877,0.0416581,0.00142912,0.00991354,0.324726,0.316168,0.0012724,0.000707473,0.155338,5.25664e-06,0.191569,0.178163,0.269258,0.0403761,0.0443623,0.0365435,0.379545,0.0310686,0.0792342,0.0425055,
0.495,0.196697,0.000443013,0.190459,0.289339,0.0204105,0.0196101,0.269974,0.0709447,0.0401839,0.0464578,0.292772,0.294695,0.0380396,0.008212,0.0380021,0.00935528,0.0441212,0.412595,0.00570667,1.85613e-05,0.352516,0.0319277,0.00267289,0.00728797,0.070727,0.490908,0.553022,0.00105241,0.00497209,0.0448521,0.0805298,0.286336,0.274122,0.0542829,0.132674,0.00017887,0.428021,0.0555699,0.048738,0.0503973,0.27994,0.162351,0.000646643,0.00339852,0.0285488,0.0789101,0.00201862,0.000807423,0.237235,0.162967,0.165594,0.152586,0.000575019,0.000370056,0.0039155,0.000496447,2.70146e-05,0.0793788,0.00130069,0.000548859,0.800099,0.0428989,0.00158372,0.00334407,0.365597,0.316799,0.000786513,0.000708642,0.154591,1.31416e-06,0.192285,0.179469,0.270391,0.00437822,0.0495953,0.0390927,0.381414,0.019709,0.0554646,0.0319576,
0.5,0.198545,0.000463779,0.183296,0.303752,0.0191047,0.0199042,0.314632,0.0707288,0.0390038,0.0412113,0.348727,0.293162,0.038457,0.00828089,0.0382628,0.00966687,0.0403649,0.415797,0.00514861,1.85613e-05,0.353534,0.0363535,0.00265604,0.00742867,0.0712269,0.494101,0.551818,0.00108711,0.0050157,0.0433846,0.0801649,0.289085,0.276486,0.0905661,0.135047,0.000596232,0.431124,0.0555713,0.0548377,0.0508641,0.281488,0.144043,0.000202363,0.00304078,0.0249008,0.0723041,0.00183252,8.46323e-05,0.213616,0.161323,0.163871,0.152661,0.00053153,0.000346561,0.0039155,0.000486418,2.7765e-05,0.0838472,0.00148257,0.000528016,0.819707,0.042972,0.0015262,0.000974114,0.327661,0.318864,0.00115731,0.000755378,0.136473,-0,0.19455,0.180819,0.271524,0.0345148,0.0440908,0.0357046,0.383273,0.0279808,0.0704594,0.0383023,
0.505,0.200394,0.000486853,0.173539,0.271192,0.0178272,0.02011,0.26109,0.0704707,0.0375865,0.0409566,0.30847,0.291296,0.0389339,0.00830385,0.0349606,0.00955566,0.0395898,0.435833,0.00466255,1.70145e-05,0.35405,0.0343511,0.00263077,0.00745681,0.0719204,0.495273,0.550086,0.0011218,0.0050157,0.0420113,0.0797271,0.289579,0.277284,0.0647641,0.137074,0.000238493,0.434132,0.0541869,0.0501868,0.0492455,0.282984,0.127163,5.88694e-05,0.00321965,0.0215024,0.0661142,0.00157806,7.88499e-06,0.235481,0.159523,0.161988,0.150603,0.000591126,0.000379846,0.0039155,0.000466359,2.7765e-05,0.0839756,0.00138475,0.000521069,0.788804,0.0432242,0.00159091,0.000263173,0.340033,0.31947,0.000850306,0.000755378,0.135052,-0,0.195206,0.182168,0.272716,0.0119638,0.0450957,0.0350829,0.385076,0.0218868,0.0583508,0.0330669,
0.51,0.202182,0.000509926,0.146368,0.244797,0.0166634,0.0201982,0.25471,0.0700278,0.0362978,0.031736,0.351071,0.289955,0.0395898,0.00836647,0.0306156,0.00991997,0.0318388,0.460119,0.00436852,1.70145e-05,0.35856,0.039857,0.0026757,0.00754122,0.0728085,0.49828,0.54946,0.00116806,0.00505932,0.0407406,0.0792527,0.292181,0.279523,0.0885055,0.139311,0.000476985,0.437086,0.0533558,0.0547143,0.049254,0.28448,0.111845,1.6557e-05,0.00339852,0.0190039,0.0604971,0.0018648,5.25666e-07,0.23671,0.157958,0.160043,0.148308,0.000621729,0.000399426,0.00396384,0.00045633,2.85154e-05,0.0936938,0.00152537,0.000479383,0.775825,0.0423656,0.00158192,6.77869e-05,0.298713,0.321444,0.00100049,0.000828404,0.105926,-0,0.197353,0.183518,0.273969,0.0290864,0.0378733,0.0282763,0.386868,0.026713,0.0674437,0.0371597,
0.515,0.203911,0.000530692,0.146853,0.239283,0.0155279,0.0201982,0.238195,0.0695237,0.0349434,0.0338309,0.324926,0.288491,0.0402456,0.00840613,0.0301744,0.00981547,0.0324946,0.472725,0.00412249,1.70145e-05,0.362275,0.0375084,0.00270377,0.00754122,0.0737767,0.499384,0.548633,0.00120276,0.00510293,0.0395621,0.0787419,0.292649,0.280279,0.0741887,0.141031,0.000298116,0.439948,0.0526912,0.0521651,0.0484163,0.285926,0.0980226,4.59917e-06,0.00339852,0.016837,0.0553537,0.00172333,-0,0.23992,0.156354,0.158025,0.145573,0.000628172,0.0004053,0.00396384,0.000441286,2.85154e-05,0.0908382,0.00147799,0.00045854,0.762779,0.0417972,0.0016017,1.68881e-05,0.312825,0.322024,0.00086466,0.000822562,0.113022,-0,0.198009,0.184911,0.275161,0.0178606,0.0397728,0.0290393,0.388605,0.0240918,0.0625515,0.0351409,
0.52,0.20564,0.000553766,0.133499,0.230474,0.0145627,0.02011,0.244515,0.0689372,0.0337661,0.0287392,0.36393,0.287699,0.04114,0.00848754,0.028403,0.0102488,0.0282614,0.493404,0.00401447,1.54678e-05,0.369288,0.042333,0.00278519,0.0075975,0.0749188,0.50221,0.54906,0.00124902,0.00519016,0.0384922,0.0782675,0.295108,0.282396,0.0933899,0.143249,0.000536609,0.442755,0.053535,0.0567769,0.0497267,0.287371,0.0856997,9.19834e-07,0.00363701,0.0153713,0.0507768,0.00197874,-0,0.246696,0.155097,0.15616,0.143951,0.000658775,0.00042488,0.00401218,0.000436272,2.92659e-05,0.0995747,0.00161402,0.000423802,0.769483,0.0408601,0.00161248,4.22202e-06,0.292387,0.32391,0.00101484,0.000886241,0.0966816,-0,0.200095,0.186282,0.276413,0.0304701,0.0360833,0.0253804,0.39033,0.0288402,0.0722678,0.0396499,
0.525,0.20725,0.000569918,0.127743,0.219109,0.0136827,0.0199336,0.22949,0.0682352,0.0326289,0.0279897,0.339897,0.286796,0.0419747,0.00856269,0.027046,0.010035,0.0270689,0.495297,0.00392446,1.54678e-05,0.374891,0.0399844,0.00283573,0.00762564,0.0760158,0.503249,0.549293,0.00128371,0.00527739,0.0375012,0.0777202,0.29555,0.283111,0.0846973,0.144541,0.000417362,0.445475,0.0515747,0.0546495,0.0478933,0.288765,0.0747553,-0,0.00351777,0.0141776,0.0466562,0.00186195,-0,0.23788,0.153795,0.154163,0.141424,0.000641058,0.00041509,0.00401218,0.000431257,2.92659e-05,0.0954093,0.00159262,0.00040296,0.748076,0.0398236,0.00158192,9.38226e-07,0.285484,0.324463,0.00095397,0.000873388,0.0944385,-0,0.200751,0.187675,0.277665,0.024772,0.0350614,0.0243951,0.392001,0.0288441,0.0733389,0.0403112,
0.53,0.20892,0.000586069,0.102281,0.191488,0.012973,0.0196101,0.218459,0.0673494,0.0316802,0.0197623,0.375521,0.286439,0.0429883,0.00868168,0.0229015,0.010384,0.020093,0.514296,0.00393646,1.54678e-05,0.38352,0.0452106,0.00293962,0.00768192,0.0772263,0.505902,0.55062,0.00132997,0.00536462,0.0366158,0.0771729,0.29787,0.285109,0.102901,0.14614,0.000596232,0.448141,0.0510337,0.0587709,0.0480913,0.29016,0.0651323,-0,0.00375626,0.0134732,0.0430536,0.00213256,-0,0.246343,0.152739,0.152122,0.138867,0.000681325,0.000438585,0.00410886,0.000436272,3.00163e-05,0.105246,0.00173323,0.000354327,0.735582,0.0381502,0.00156934,2.34557e-07,0.251162,0.326261,0.00107518,0.00094174,0.0673713,-0,0.202719,0.18909,0.278917,0.0358843,0.0289723,0.018254,0.393658,0.0343819,0.0855139,0.0460641,
0.535,0.210529,0.000597606,0.0991098,0.187166,0.0123485,0.0191985,0.21202,0.0663311,0.030823,0.0198927,0.354242,0.285964,0.0439423,0.00879857,0.0222464,0.0101443,0.0192583,0.511326,0.00394247,1.70145e-05,0.390346,0.0426986,0.003007,0.00776633,0.0783171,0.506876,0.551725,0.00136467,0.00549546,0.035797,0.0765526,0.298286,0.285784,0.0961296,0.146774,0.000536609,0.450721,0.0491884,0.0570065,0.0463663,0.291503,0.0566908,-0,0.00357739,0.0129504,0.0398568,0.00201672,-0,0.23403,0.151627,0.14993,0.135819,0.000650722,0.000422922,0.0041572,0.000441286,3.07667e-05,0.100298,0.00172559,0.000326536,0.717385,0.0365056,0.00151901,-0,0.2471,0.326788,0.00105152,0.000925966,0.068314,-0,0.203315,0.190483,0.280169,0.0320667,0.0284649,0.0176555,0.395263,0.0356653,0.0898729,0.0482879,
0.54,0.21208,0.000606835,0.084839,0.180092,0.0118943,0.0186987,0.223408,0.0652003,0.0302515,0.0144318,0.394992,0.286182,0.0450751,0.00896974,0.0205686,0.0105316,0.0146077,0.52087,0.00403248,1.70145e-05,0.399777,0.0476533,0.0031165,0.00796331,0.079442,0.509362,0.554074,0.00139936,0.00562631,0.0350612,0.0759688,0.30047,0.287665,0.117605,0.147835,0.000775101,0.453249,0.0497812,0.0622109,0.0475239,0.292846,0.0493693,-0,0.00375626,0.0129203,0.0371304,0.00228828,-0,0.237917,0.150864,0.14787,0.134062,0.00067005,0.000432711,0.00425388,0.00045633,3.15171e-05,0.108716,0.00189219,0.000284851,0.725171,0.0345829,0.00149204,-0,0.222216,0.328496,0.00125858,0.000986724,0.0501287,-0,0.205283,0.191898,0.281421,0.0459393,0.0242925,0.0135943,0.396853,0.0433303,0.107051,0.0564069,
0.545,0.21363,0.00061145,0.0916038,0.183998,0.0114969,0.0181401,0.217028,0.0640414,0.02974,0.0177101,0.361457,0.286173,0.0460887,0.0091263,0.0213774,0.010221,0.0166349,0.511854,0.00408048,1.85613e-05,0.406135,0.0436042,0.00317265,0.00813214,0.0803985,0.510276,0.555898,0.00142249,0.00580077,0.0343756,0.075312,0.300862,0.2883,0.102447,0.147986,0.000596232,0.455695,0.0485563,0.0589451,0.0460783,0.294139,0.0429969,-0,0.00357739,0.0128484,0.0347188,0.00208129,-0,0.228796,0.150027,0.145783,0.132053,0.000639447,0.00041509,0.00435056,0.000471374,3.22675e-05,0.1014,0.00183564,0.000270956,0.713816,0.033224,0.00146148,-0,0.235038,0.328998,0.00116714,0.000949919,0.0614868,-0,0.205819,0.193313,0.282674,0.0359269,0.0264469,0.01551,0.398391,0.0425953,0.107944,0.0571598,
0.55,0.21512,0.000602221,0.0604699,0.166883,0.0113549,0.0174051,0.240401,0.062539,0.0297172,0.00523307,0.402216,0.286512,0.0471023,0.00935383,0.0175605,0.0100456,0.0066778,0.481382,0.0042005,2.01081e-05,0.413185,0.0471465,0.00325407,0.00844167,0.0809849,0.5126,0.558403,0.00143406,0.00597523,0.0336952,0.0746552,0.302912,0.290067,0.139798,0.146824,0.00113284,0.45809,0.0444073,0.0644344,0.0434014,0.295414,0.0375792,-0,0.00321965,0.0135451,0.0327329,0.00236423,-0,0.187361,0.149314,0.143439,0.129527,0.000552469,0.000360267,0.00454392,0.000506476,3.30179e-05,0.102366,0.00205267,0.000208427,0.689558,0.0300385,0.00124037,-0,0.143237,0.330618,0.00160944,0.000968614,0.0189549,-0,0.207668,0.194706,0.283926,0.066617,0.0142172,0.00657676,0.399913,0.0575832,0.140196,0.0719503,
0.555,0.216551,0.000602221,0.0690626,0.156551,0.011213,0.0166701,0.205879,0.0611179,0.0295886,0.012154,0.37182,0.286741,0.0480563,0.00954796,0.0188306,0.0102517,0.00965896,0.499102,0.00433851,2.16549e-05,0.419384,0.0461772,0.00332146,0.0087512,0.0816532,0.513455,0.560596,0.00145719,0.00614969,0.03311,0.0739254,0.303281,0.290664,0.109599,0.146407,0.0017887,0.460405,0.0498624,0.0644545,0.0495649,0.296655,0.0333161,0.00205491,0.00596232,0.0140191,0.0311016,0.00834034,0.0168402,0.231265,0.148604,0.141223,0.127038,0.000650722,0.00042488,0.0046406,0.000536564,3.37683e-05,0.10603,0.00195791,0.000194532,0.687348,0.0285975,0.00135003,0.0125936,0.228346,0.331093,0.00127267,0.000977961,0.0781509,9.19911e-06,0.208204,0.196121,0.285178,0.038006,0.0232475,0.00952033,0.401386,0.0518198,0.132248,0.0690856,
0.56,0.217982,0.000627602,0.0996766,0.161808,0.0114401,0.0158469,0.274326,0.0600464,0.0295972,0.0328304,0.385915,0.288402,0.0493084,0.00972122,0.0440918,0.0128844,0.00453136,0.583504,0.00563467,2.16549e-05,0.433956,0.0544914,0.00362468,0.00894817,0.0829195,0.515624,0.564832,0.00151501,0.00628053,0.0329286,0.0734511,0.305202,0.29232,0.105173,0.148539,0.0203315,0.46267,0.115874,0.129917,0.139716,0.29788,0.0375543,0.0378824,0.0470427,0.0193362,0.0319768,0.113879,0.300597,0.288798,0.148948,0.140292,0.124983,0.000834341,0.000691163,0.00478561,0.000546593,3.45187e-05,0.128431,0.00191511,0.000166742,0.743351,0.0282842,0.00158552,0.225688,0.562301,0.332625,0.00108687,0.00108195,0.557797,0.00016427,0.209993,0.197514,0.28637,0.0270428,0.0622849,0.00529202,0.402841,0.0425175,0.111516,0.0602651,
0.565,0.219354,0.000639138,0.0642809,0.135732,0.011582,0.0150237,0.203613,0.0588392,0.0295543,0.0120833,0.381133,0.289537,0.0504412,0.00988822,0.0232023,0.0116994,0.00476985,0.579565,0.00613272,2.16549e-05,0.443482,0.0493566,0.00375103,0.00917328,0.0839932,0.516421,0.568202,0.00154971,0.00645499,0.0327339,0.0729037,0.305547,0.292879,0.112924,0.149384,0.00351777,0.464859,0.0703973,0.088373,0.0784557,0.29907,0.0393647,0.0173462,0.016456,0.0213638,0.0322711,0.0289785,0.0436907,0.244548,0.148936,0.138886,0.122535,0.000729646,0.000536484,0.00488229,0.000561637,3.52691e-05,0.115204,0.00193193,0.000145899,0.689706,0.0274202,0.00151002,0.0971158,0.262789,0.333074,0.00114508,0.00105624,0.17465,5.65088e-05,0.210529,0.198907,0.287622,0.0415469,0.0277281,0.00541434,0.404247,0.043972,0.11265,0.0604793,
0.57,0.220725,0.000625294,0.0573665,0.169396,0.0119227,0.0141123,0.268424,0.0574172,0.0300372,0.00571811,0.407197,0.290718,0.0513952,0.0101199,0.0217117,0.0106994,0.00190794,0.508015,0.00639075,2.32016e-05,0.449462,0.0478389,0.00380999,0.00956722,0.0844282,0.51844,0.571537,0.00154971,0.00662945,0.0324603,0.0723199,0.307341,0.294428,0.149591,0.147835,0.00369664,0.466998,0.0562008,0.0815243,0.0611676,0.300243,0.0404699,0.0099756,0.0103148,0.0231163,0.0325131,0.0191266,0.0374248,0.170047,0.148926,0.137303,0.121556,0.000523477,0.000381804,0.00507565,0.000596739,3.60195e-05,0.102622,0.00214438,0.000118109,0.68815,0.0248972,0.00117925,0.0554691,0.177237,0.334519,0.00176308,0.00100016,0.11191,3.15398e-05,0.212199,0.2003,0.288874,0.0747064,0.0167799,0.00269262,0.405635,0.0625843,0.151305,0.077682,
0.575,0.222037,0.000581454,0.076595,0.212708,0.0124904,0.0132008,0.348378,0.0558626,0.031123,0.0116666,0.394694,0.291791,0.0519914,0.0103829,0.031157,0.0100791,0.00149058,0.412841,0.0067568,2.62952e-05,0.451129,0.0440003,0.00382683,0.01013,0.08404,0.519182,0.574378,0.00150345,0.00684752,0.0321139,0.0716996,0.307664,0.29495,0.160543,0.143626,0.00846649,0.469064,0.0650646,0.0944448,0.0754119,0.301365,0.0429316,0.0161284,0.0181851,0.0261017,0.0332341,0.0430708,0.106744,0.113767,0.148948,0.135758,0.121215,0.000347911,0.000297611,0.00526901,0.000656915,3.67699e-05,0.0886194,0.00225442,9.03186e-05,0.700458,0.0216016,0.000841295,0.0946694,0.244134,0.334943,0.00220617,0.00090143,0.252541,6.43938e-05,0.212736,0.201672,0.290067,0.0855916,0.0228229,0.00234001,0.406976,0.0795089,0.190522,0.0959539,
0.58,0.223289,0.000556073,0.143399,0.266547,0.0135408,0.0123482,0.47001,0.0548302,0.0326975,0.0439729,0.398765,0.29441,0.052528,0.0106376,0.0662246,0.012637,0.00286191,0.426618,0.00835899,2.93887e-05,0.458985,0.0501376,0.00407391,0.0106928,0.0837743,0.521057,0.579051,0.00149188,0.00702198,0.0320739,0.0714077,0.309336,0.296393,0.147761,0.141484,0.0289172,0.471082,0.141104,0.168669,0.177947,0.302488,0.0543446,0.0570656,0.0642142,0.034558,0.0366158,0.161171,0.417444,0.174118,0.150216,0.135952,0.123234,0.00048482,0.000544316,0.00546237,0.000707061,3.75203e-05,0.105697,0.00223608,8.3371e-05,0.798922,0.0203322,0.000947356,0.332024,0.627968,0.336301,0.00217109,0.000936482,0.69006,0.000240491,0.214345,0.203043,0.291259,0.0651907,0.0732894,0.00399506,0.408298,0.0787933,0.193549,0.0983994,
0.585,0.224541,0.000535307,0.0918736,0.191248,0.0144491,0.0114662,0.326258,0.0536823,0.0340347,0.0198074,0.376418,0.296145,0.0529454,0.0108547,0.0401078,0.0115805,0.0015502,0.429959,0.00909107,3.09355e-05,0.462423,0.0464292,0.00415533,0.0112274,0.0833528,0.521746,0.582304,0.00146875,0.00715283,0.0320042,0.0710064,0.309636,0.29688,0.133742,0.139075,0.0110899,0.473029,0.0956063,0.123613,0.11658,0.303559,0.0629379,0.0368614,0.0335678,0.0388289,0.0392748,0.073841,0.153285,0.174728,0.150936,0.135517,0.122015,0.000505759,0.000460123,0.00565573,0.000752193,3.82707e-05,0.100576,0.00214132,7.64234e-05,0.718083,0.0191987,0.000986904,0.207792,0.359258,0.3367,0.00184415,0.000928888,0.389286,0.000131416,0.214822,0.204393,0.292452,0.0594714,0.0380334,0.00256271,0.409573,0.0735589,0.1856,0.0951753,
0.59,0.225793,0.000544537,0.0695655,0.144407,0.0151304,0.010643,0.246363,0.0527122,0.0349177,0.0159819,0.393843,0.297899,0.0536012,0.0110342,0.0308696,0.0119851,0.000894348,0.503355,0.00947512,3.09355e-05,0.468462,0.0520043,0.00423956,0.0116776,0.0834897,0.523481,0.585667,0.00149188,0.00732729,0.0320514,0.0706415,0.311188,0.29822,0.120738,0.139688,0.0097782,0.47493,0.0873584,0.109875,0.103009,0.30463,0.0699837,0.0284992,0.0280825,0.0406538,0.0415533,0.0606744,0.138367,0.247083,0.151638,0.135122,0.120599,0.000708707,0.000552148,0.00580074,0.000777266,3.90211e-05,0.118434,0.00208171,7.64234e-05,0.703445,0.0196049,0.00127812,0.161154,0.365554,0.337972,0.00141115,0.00103288,0.332882,0.00010119,0.216313,0.20572,0.293585,0.0421572,0.0366184,0.00208104,0.410829,0.0614216,0.160659,0.0841432,
0.595,0.226985,0.000586069,0.123874,0.175299,0.0160104,0.00984917,0.33228,0.0523386,0.0355777,0.0469489,0.377223,0.300753,0.054436,0.0111344,0.0622205,0.0146532,0.000894348,0.610845,0.0109393,3.09355e-05,0.481526,0.0567597,0.00453436,0.0118746,0.0844579,0.524119,0.590357,0.00156127,0.00741452,0.0325269,0.0705685,0.311467,0.298673,0.0995366,0.143239,0.0310637,0.476762,0.159658,0.177067,0.200393,0.305651,0.0844256,0.0663412,0.0737539,0.0467066,0.0459918,0.17945,0.460499,0.303697,0.15327,0.136149,0.119772,0.000887494,0.000834095,0.00589742,0.000772251,3.97715e-05,0.135498,0.0019197,8.3371e-05,0.773417,0.0216858,0.00160889,0.380246,0.699954,0.338345,0.00107464,0.00111525,0.728436,0.000272031,0.21679,0.207048,0.294717,0.019443,0.0862796,0.00253066,0.412039,0.043482,0.118613,0.065014,
0.6,0.228118,0.000588376,0.0797959,0.161917,0.0166634,0.00911416,0.271464,0.0516426,0.0361407,0.0173128,0.361725,0.302078,0.0549726,0.0112221,0.0345796,0.0119908,0.00172907,0.545746,0.0111433,3.09355e-05,0.484054,0.0454626,0.00453156,0.012156,0.0847641,0.525719,0.592684,0.00157284,0.00745813,0.0328077,0.0702766,0.312903,0.299913,0.121824,0.142806,0.00846649,0.478548,0.0907965,0.114968,0.10942,0.306654,0.0928917,0.0350208,0.029752,0.0478703,0.0487742,0.0616239,0.115279,0.187448,0.153906,0.135986,0.117517,0.000586294,0.000514946,0.00594576,0.000777266,4.0522e-05,0.102868,0.0019304,8.3371e-05,0.689067,0.0214228,0.00129071,0.194346,0.321741,0.339531,0.00141328,0.000984971,0.333,0.00011696,0.21828,0.208376,0.29591,0.0548874,0.0347647,0.00276643,0.413229,0.0508243,0.128924,0.0683387,
0.605,0.229251,0.000622987,0.0939748,0.153172,0.0168905,0.00858495,0.190973,0.0514568,0.0359349,0.0250356,0.365657,0.303135,0.0556881,0.0112263,0.0285367,0.0121203,0.0129382,0.601825,0.0107893,2.93887e-05,0.486515,0.0493539,0.0044754,0.0121841,0.0857783,0.526308,0.59455,0.0016191,0.00750174,0.033152,0.0701306,0.313161,0.300332,0.0826758,0.145909,0.00542571,0.480269,0.0795455,0.0897336,0.0880214,0.307623,0.0973857,0.0206549,0.0199738,0.0456335,0.0503661,0.0378743,0.0798829,0.304196,0.154405,0.136137,0.11834,0.000845616,0.000608929,0.0059941,0.000752193,4.0522e-05,0.120527,0.00176991,0.000145899,0.722766,0.0244341,0.0016754,0.114426,0.384447,0.339879,0.000789969,0.0010469,0.258039,6.70221e-05,0.218698,0.20966,0.296983,0.0111478,0.0428489,0.0128874,0.414375,0.0338219,0.09309,0.0521923,
0.61,0.230324,0.0006899,0.0448443,0.0630289,0.0167485,0.00805574,0.0843668,0.0514348,0.0350063,0.0115203,0.408271,0.304499,0.0568209,0.0112158,0.0148733,0.0132113,0.00572383,0.726796,0.0102192,2.62952e-05,0.495293,0.0602466,0.00449786,0.0120434,0.0878607,0.527779,0.597297,0.00171162,0.00750174,0.0336419,0.0699847,0.314484,0.301475,0.0841572,0.152783,0.00357739,0.481946,0.0734129,0.081307,0.0777941,0.308592,0.0984552,0.012839,0.0158001,0.0412837,0.0509681,0.0257711,0.0533041,0.385852,0.154911,0.136188,0.118066,0.00112588,0.000757734,0.00594576,0.000707061,4.12724e-05,0.1504,0.00180507,0.000159794,0.698359,0.0275994,0.00209425,0.0715724,0.342693,0.340982,0.000354051,0.0012467,0.160588,4.20531e-05,0.220069,0.210944,0.298116,0.00465496,0.0345792,0.00632032,0.4155,0.0199929,0.0591885,0.0371362,
0.615,0.231398,0.000738355,0.0236141,0.0537751,0.0164363,0.00755593,0.0813856,0.0511837,0.0338233,0.00369142,0.378052,0.304941,0.0579537,0.0111845,0.00873012,0.0122008,0.0017887,0.728811,0.00941511,2.47484e-05,0.499887,0.0538683,0.0044389,0.0118465,0.0898287,0.528319,0.598792,0.00178101,0.00754536,0.0340702,0.0697293,0.314721,0.301861,0.0921532,0.157017,0.00137133,0.483559,0.05674,0.0676867,0.0578481,0.30951,0.0963639,0.00587314,0.00894348,0.0361636,0.0505801,0.0106058,0.015903,0.314115,0.154773,0.135418,0.115381,0.000966419,0.000650046,0.00589742,0.000666944,4.12724e-05,0.133327,0.00180354,0.000145899,0.639339,0.0285797,0.00195943,0.0318303,0.23312,0.341305,0.000493332,0.00120405,0.0569872,1.70841e-05,0.220487,0.212207,0.299189,0.0209757,0.0218556,0.00272763,0.416582,0.0209263,0.0560255,0.0348383,
0.62,0.232411,0.000798346,0.0101457,0.0262314,0.0158969,0.00702672,0.040663,0.0510361,0.0322488,0.00144781,0.412964,0.305669,0.0594443,0.0111574,0.00417789,0.0128556,0.000476985,0.791742,0.00861702,2.16549e-05,0.508197,0.0608614,0.00444171,0.0115369,0.0924362,0.529665,0.60099,0.00188509,0.00754536,0.0345744,0.0695103,0.315934,0.302909,0.0898029,0.163217,0.000357739,0.485129,0.0560528,0.0650236,0.0548485,0.310412,0.0919656,0.0021285,0.00709516,0.0305996,0.0494861,0.00461928,0.00286383,0.379474,0.154681,0.134646,0.113975,0.00113554,0.000734239,0.00584908,0.000616798,4.20228e-05,0.151842,0.00186162,0.000132004,0.651135,0.0300608,0.00216076,0.0109552,0.25085,0.342324,0.000307535,0.00131096,0.0146207,5.25664e-06,0.221798,0.213469,0.300203,0.00928863,0.0224878,0.0018343,0.417643,0.0164618,0.0443434,0.0296793,
0.625,0.233365,0.00081219,0.0252897,0.0887997,0.0154143,0.00652692,0.135643,0.0506343,0.031063,0.00181707,0.39124,0.305772,0.0605175,0.0111574,0.00946543,0.0115901,0.000775101,0.709431,0.00788493,2.16549e-05,0.50997,0.0518105,0.00436029,0.01134,0.094242,0.530159,0.602124,0.00190822,0.00758897,0.0349157,0.0691819,0.316152,0.303263,0.115497,0.16469,0.00113284,0.486639,0.0489755,0.0643975,0.0484712,0.311262,0.0864067,0.00140643,0.00548533,0.0264923,0.0479987,0.00499528,0.00637896,0.259368,0.15422,0.133425,0.112918,0.000816624,0.000548232,0.00580074,0.000591725,4.27732e-05,0.122962,0.00195027,0.000118109,0.644798,0.029137,0.00176708,0.00774271,0.18154,0.342623,0.000909315,0.00117601,0.0218967,3.94248e-06,0.222216,0.214688,0.301276,0.0435622,0.0163274,0.00192456,0.418662,0.0314613,0.0747331,0.0423179,
0.63,0.234379,0.000860645,0.0110861,0.0274767,0.0147898,0.00605651,0.0440019,0.0504927,0.02946,0.00218877,0.423789,0.30653,0.0620081,0.0111511,0.00484635,0.0130291,0.000298116,0.79514,0.00733287,1.85613e-05,0.518115,0.0630633,0.00439398,0.0110304,0.0968963,0.531384,0.604453,0.00198918,0.00763259,0.0353973,0.068963,0.317259,0.30422,0.0903606,0.170051,0.000894348,0.488106,0.0582597,0.0674968,0.0573168,0.312112,0.0802383,0.00192981,0.00810875,0.0223132,0.0462882,0.00751238,0.0123353,0.397001,0.154078,0.132605,0.112873,0.00116937,0.000749903,0.0057524,0.000551608,4.35236e-05,0.156855,0.00194721,0.000118109,0.665513,0.0303646,0.00215537,0.0113478,0.274396,0.343559,0.000360696,0.00133666,0.0348354,7.88495e-06,0.223468,0.215907,0.30229,0.00507362,0.0244871,0.00174278,0.41966,0.0209963,0.0551423,0.0345492,
0.635,0.235273,0.000867567,0.0202757,0.0760772,0.014222,0.0056155,0.117875,0.0501282,0.0282427,0.000898177,0.396069,0.306692,0.063141,0.0111657,0.00793465,0.0118911,0.000238493,0.731105,0.0068228,1.85613e-05,0.520035,0.0536689,0.00434344,0.0108053,0.0987734,0.531834,0.605726,0.00201231,0.0076762,0.0357335,0.0686711,0.317458,0.304543,0.112405,0.171092,0.000775101,0.489515,0.0495029,0.0642925,0.0485756,0.312928,0.0736823,0.000814053,0.00530646,0.0193978,0.0444058,0.00360617,0.00173838,0.279639,0.153615,0.13142,0.11234,0.000876219,0.000581517,0.0057524,0.000536564,4.35236e-05,0.128808,0.00198389,0.000104214,0.647122,0.0295151,0.00184078,0.00448261,0.184843,0.343834,0.00082665,0.0012169,0.00957113,2.62832e-06,0.223825,0.217083,0.303303,0.0389711,0.0164657,0.00148887,0.420616,0.0312163,0.0758297,0.0432001,
0.64,0.236167,0.000853723,0.0292583,0.10492,0.0138246,0.00517449,0.164381,0.0496592,0.0274484,0.00170251,0.405615,0.306753,0.0640353,0.0112137,0.0113238,0.0113715,0.000298116,0.665083,0.00645076,1.85613e-05,0.519399,0.0525666,0.00427887,0.0106928,0.100048,0.532943,0.606703,0.00200074,0.00771982,0.0359528,0.0683427,0.31846,0.305411,0.125274,0.170116,0.0015502,0.490882,0.0492667,0.0674588,0.0493004,0.313727,0.0673806,0.00159499,0.00584307,0.0177511,0.0425724,0.00665784,0.0110327,0.25065,0.153127,0.130222,0.112714,0.000765081,0.000509072,0.0057524,0.000531549,4.4274e-05,0.121568,0.00206796,9.72661e-05,0.658838,0.027994,0.00161069,0.00950447,0.181309,0.344689,0.00115944,0.00115205,0.0313823,6.57079e-06,0.224958,0.218258,0.304257,0.0485577,0.0158655,0.00154117,0.42155,0.0428636,0.102687,0.0551675,
0.645,0.237062,0.000888333,0.016425,0.0375167,0.0132853,0.00479229,0.0625447,0.0495678,0.0262568,0.00386082,0.438518,0.307814,0.0654066,0.0112513,0.0075202,0.0133618,0.000119246,0.779855,0.00630674,1.85613e-05,0.527161,0.0653122,0.0043659,0.0104677,0.102301,0.53335,0.609316,0.00205856,0.00780705,0.0363576,0.0681967,0.318641,0.305704,0.0958967,0.174451,0.00214643,0.492195,0.0639293,0.0744723,0.0646312,0.314476,0.061792,0.00427355,0.010911,0.0159384,0.0409265,0.0145367,0.0309139,0.406279,0.153209,0.129751,0.114042,0.00118708,0.000767524,0.0057524,0.000511491,4.50244e-05,0.161334,0.00204962,0.000104214,0.688994,0.0293814,0.002132,0.0257567,0.304459,0.34494,0.000472333,0.00135769,0.0800532,1.83982e-05,0.225316,0.219412,0.305211,0.00661345,0.0275618,0.00168036,0.422445,0.0278174,0.0742769,0.0437956,
0.65,0.237896,0.000936788,0.00622151,0.0133617,0.0126607,0.00441008,0.0221202,0.0496261,0.0247996,0.00158796,0.427803,0.309063,0.0668972,0.0112722,0.00318188,0.0138728,5.96232e-05,0.858226,0.00613872,1.70145e-05,0.536391,0.0651931,0.00445575,0.01013,0.104983,0.534346,0.612242,0.00213952,0.00785066,0.0368474,0.0680873,0.319543,0.306486,0.0879086,0.179902,0.000357739,0.493465,0.0605274,0.068625,0.0591553,0.315224,0.0560926,0.00188382,0.00798951,0.0137074,0.0392085,0.00557542,0.00438563,0.416696,0.153393,0.12945,0.114526,0.00126279,0.000816474,0.00570407,0.000481403,4.57748e-05,0.165098,0.00199001,0.000118109,0.67624,0.0312042,0.00236929,0.0105518,0.274504,0.345715,0.000192708,0.00142897,0.0195399,6.57079e-06,0.226449,0.220544,0.306165,0.0038815,0.0249809,0.00164113,0.423317,0.0165046,0.0477055,0.0322724,
0.655,0.238731,0.000911407,0.0312641,0.121909,0.0123201,0.00408667,0.189184,0.0493087,0.0242624,0.000748278,0.407099,0.309585,0.0677319,0.0113453,0.0117917,0.0116476,0.000357739,0.705723,0.0059467,1.70145e-05,0.535333,0.0509187,0.00439117,0.0100456,0.106134,0.534712,0.61372,0.00211639,0.00789428,0.0370626,0.0679048,0.319705,0.30675,0.138076,0.178076,0.00113284,0.494684,0.0471484,0.0672924,0.0466053,0.315921,0.0507154,0.000641124,0.00423325,0.0133231,0.0375826,0.0029947,0.000469946,0.214025,0.153234,0.128719,0.115231,0.000705486,0.000483619,0.0057524,0.000486418,4.57748e-05,0.116582,0.00212757,9.72661e-05,0.668122,0.0292311,0.00166821,0.00332507,0.139709,0.345942,0.00127878,0.00118419,0.00640617,1.31416e-06,0.226807,0.221654,0.307059,0.0653752,0.0126641,0.00157576,0.424151,0.0421481,0.098941,0.0536618,
0.66,0.239506,0.000927558,0.0111402,0.0352041,0.0118375,0.00376327,0.0553899,0.0492073,0.0232794,0.000916457,0.417481,0.3103,0.0688052,0.0113787,0.0044787,0.012707,0.000119246,0.771554,0.00579068,1.70145e-05,0.538906,0.0612907,0.00440802,0.00984861,0.107934,0.5356,0.615573,0.00213952,0.00798151,0.0373957,0.0677589,0.320511,0.307448,0.09293,0.180073,0.000238493,0.495862,0.0540055,0.0650292,0.0522078,0.316618,0.045523,0.000289748,0.00608156,0.0119703,0.035961,0.0030792,0.000820565,0.377975,0.153189,0.128221,0.114944,0.00110494,0.000702911,0.0057524,0.000471374,4.65252e-05,0.151158,0.0020221,0.000104214,0.661664,0.0298726,0.00204392,0.00151711,0.246925,0.346638,0.000512204,0.00131037,0.00477853,1.31416e-06,0.22782,0.222742,0.307954,0.00752883,0.0215278,0.00158757,0.424961,0.0285874,0.0749559,0.0439243,
0.665,0.240222,0.000946017,0.0143902,0.0538536,0.0114117,0.00346926,0.083234,0.0492103,0.0224307,0.000803119,0.442736,0.311514,0.069938,0.0114392,0.00578889,0.0132343,0.000119246,0.801853,0.00570067,1.70145e-05,0.544169,0.0632405,0.00445575,0.00965164,0.109791,0.535927,0.618118,0.00217421,0.00802512,0.037739,0.0677224,0.320655,0.307683,0.111231,0.182693,0.000476985,0.496989,0.0558893,0.0685641,0.0540575,0.317281,0.0406939,0.0001113,0.00602194,0.0110004,0.0344698,0.00297666,0.000211318,0.364968,0.153446,0.128063,0.116267,0.00110494,0.000712701,0.0057524,0.000461345,4.72756e-05,0.154378,0.00210158,0.000111161,0.689135,0.0304839,0.00212841,0.000567158,0.235698,0.346842,0.000627297,0.00136587,0.00333605,-0,0.228118,0.223809,0.308788,0.026319,0.0208909,0.00163354,0.425735,0.0286924,0.0737807,0.0435217,
0.67,0.240997,0.000946017,0.0178041,0.0679143,0.0110427,0.00320466,0.105175,0.0491159,0.0217678,0.0006715,0.415513,0.312313,0.0708323,0.0114935,0.0069587,0.0125891,0.000119246,0.77064,0.00559866,1.70145e-05,0.545877,0.0578565,0.00444733,0.00951095,0.111205,0.53671,0.619904,0.00218578,0.00806874,0.0380126,0.0676129,0.321366,0.3083,0.111949,0.183155,0.000536609,0.498078,0.0519036,0.0662792,0.0503684,0.317911,0.0362719,3.58735e-05,0.00530646,0.010416,0.0330671,0.00268991,2.62833e-05,0.316332,0.15351,0.127726,0.116372,0.000972861,0.00063634,0.0057524,0.00045633,4.72756e-05,0.139996,0.0020863,0.000104214,0.67011,0.0301904,0.00197381,0.000172634,0.205129,0.347461,0.000778805,0.00129635,0.00268728,-0,0.229132,0.224832,0.309623,0.0321873,0.0180778,0.001534,0.426485,0.0323636,0.0811263,0.0465279,
0.675,0.241653,0.000950632,0.0180835,0.0556791,0.0106736,0.00296945,0.085917,0.0490576,0.0210706,0.00240936,0.41059,0.312928,0.0716671,0.0115248,0.00719266,0.012638,0.000476985,0.77425,0.00555066,1.70145e-05,0.547189,0.0586153,0.00444452,0.00934211,0.112562,0.536998,0.621332,0.00219734,0.00811235,0.0382934,0.06754,0.321494,0.308508,0.101206,0.183703,0.00119246,0.499118,0.0552133,0.0674063,0.05455,0.318523,0.0325741,0.00161431,0.00733365,0.00997022,0.0318383,0.00743642,0.0131485,0.340743,0.15352,0.127416,0.115892,0.00102601,0.000669626,0.0057524,0.000451316,4.8026e-05,0.143546,0.00202363,0.000111161,0.664597,0.0303023,0.00201336,0.00987952,0.242224,0.347642,0.000623044,0.00129343,0.0368066,6.57079e-06,0.22937,0.225855,0.310458,0.0208834,0.0216237,0.00187859,0.427199,0.0288519,0.0742971,0.0435437,
0.68,0.242309,0.000911407,0.03614,0.130625,0.0105601,0.00273425,0.200751,0.0487805,0.0211163,0.0016623,0.419755,0.313283,0.0720248,0.0116104,0.0130618,0.0114885,0.00107322,0.665075,0.00550265,1.70145e-05,0.543203,0.0523533,0.00437152,0.00939839,0.112828,0.537681,0.622125,0.00213952,0.00819958,0.0383672,0.067394,0.322113,0.309046,0.140708,0.180329,0.00119246,0.500119,0.0481587,0.0689076,0.0477232,0.319101,0.0292923,0.000741386,0.00453136,0.0107117,0.0307713,0.00371631,0.00188767,0.224529,0.153445,0.126983,0.116956,0.000705486,0.000473829,0.00580074,0.000471374,4.8026e-05,0.118516,0.00217495,9.72661e-05,0.681865,0.0283626,0.00157473,0.0041995,0.153997,0.348185,0.0013851,0.00116199,0.0135053,2.62832e-06,0.230324,0.226856,0.311233,0.0639063,0.0139097,0.00217721,0.42789,0.0486698,0.115893,0.0615416,
0.685,0.242964,0.000920636,0.0183174,0.0592593,0.0103614,0.00255785,0.0909254,0.0487724,0.020822,0.001265,0.445188,0.314305,0.0727403,0.0116834,0.0067381,0.0129611,0.000596232,0.747834,0.00549065,1.85613e-05,0.546038,0.0637557,0.00441083,0.00937025,0.113827,0.537931,0.624009,0.00216265,0.0082432,0.0385619,0.067394,0.322225,0.309227,0.109135,0.181737,0.000357739,0.501074,0.0558708,0.0695885,0.0541477,0.319662,0.0262231,0.000255714,0.00602194,0.0104808,0.0297835,0.00308395,0.000203433,0.374075,0.153744,0.127016,0.118303,0.00108883,0.000691163,0.00584908,0.000476389,4.87764e-05,0.154256,0.00216425,0.000104214,0.696804,0.0290437,0.00199178,0.00134002,0.245079,0.348344,0.000756743,0.00133024,0.00529882,1.31416e-06,0.230563,0.227836,0.312008,0.0188895,0.021516,0.00202706,0.428546,0.0376331,0.0972748,0.0543934,
0.69,0.24362,0.000835264,0.14807,0.298258,0.0108723,0.00252845,0.459516,0.0487845,0.0220279,0.0404155,0.358569,0.314814,0.0722633,0.0117607,0.0562511,0.0115076,0.0115073,0.521308,0.00646276,2.01081e-05,0.535778,0.0391729,0.00436029,0.0096235,0.112604,0.538517,0.624027,0.00203544,0.0082432,0.0385506,0.067467,0.322756,0.309689,0.147234,0.173797,0.020093,0.501992,0.1051,0.127648,0.12791,0.320189,0.0313102,0.0351349,0.0416766,0.0173881,0.0310839,0.106467,0.283313,0.0931009,0.154265,0.127855,0.122028,0.00032214,0.000391594,0.00594576,0.00052152,4.87764e-05,0.0811635,0.00211687,0.000132004,0.782088,0.0268196,0.00111633,0.210037,0.497971,0.348812,0.00208709,0.000914282,0.552174,0.000153757,0.231457,0.228772,0.312724,0.0834486,0.0566944,0.0115263,0.429177,0.0635643,0.150038,0.0768028,
0.695,0.244157,0.00076835,0.0785506,0.195562,0.0113549,0.00246964,0.306523,0.0485676,0.0233966,0.0100201,0.417929,0.315159,0.0716671,0.0118776,0.0284631,0.0109707,0.00453136,0.47544,0.0067988,2.32016e-05,0.526967,0.0488969,0.0042901,0.00998931,0.111078,0.538732,0.623958,0.00193135,0.00833043,0.0383989,0.067467,0.322851,0.309845,0.151197,0.167391,0.00393513,0.502865,0.0664184,0.0936668,0.0747511,0.320699,0.0339758,0.0161753,0.0146673,0.0210168,0.0318146,0.0275153,0.0412233,0.179447,0.154586,0.128215,0.123756,0.000502538,0.000377888,0.00604244,0.000571666,4.87764e-05,0.103141,0.00224525,0.000118109,0.728566,0.0245769,0.00107319,0.0907314,0.210687,0.348949,0.00197599,0.00097095,0.161583,5.25664e-05,0.231696,0.229708,0.313439,0.0706404,0.0218409,0.00493141,0.429776,0.07261,0.175207,0.0890819,
0.7,0.244753,0.000666827,0.0697938,0.230996,0.012093,0.00241084,0.367398,0.0478796,0.025511,0.00272012,0.407582,0.314719,0.0705938,0.012055,0.0249738,0.00917121,0.00208681,0.340185,0.0067928,2.62952e-05,0.512114,0.0414163,0.00411322,0.0106365,0.108188,0.539224,0.622625,0.00178101,0.00837404,0.0379183,0.067321,0.323297,0.310234,0.181598,0.157314,0.0023253,0.503702,0.0435912,0.0782965,0.0469654,0.321192,0.0351557,0.00600559,0.00453136,0.0239265,0.0322021,0.00807638,0.00788604,0.0611584,0.154429,0.127836,0.124584,0.000199727,0.000160554,0.0062358,0.000656915,4.87764e-05,0.0773076,0.00241185,8.3371e-05,0.698413,0.0203108,0.000600412,0.0317379,0.0585272,0.349344,0.00260647,0.000845346,0.0420283,1.57699e-05,0.232471,0.2306,0.314155,0.107234,0.00631651,0.00264158,0.43035,0.0953251,0.226902,0.11338,
0.705,0.24529,0.000592991,0.0580938,0.207458,0.0128595,0.00229324,0.331147,0.0471154,0.0277713,0.000726341,0.434322,0.314476,0.069461,0.01227,0.0209229,0.00945787,0.000894348,0.328319,0.00666079,3.09355e-05,0.500813,0.0475786,0.00399529,0.0113963,0.105174,0.539404,0.621694,0.00165379,0.00846127,0.0373198,0.0671386,0.323377,0.310364,0.176833,0.149861,0.00166945,0.504497,0.042057,0.075271,0.0431859,0.321651,0.0351458,0.00190774,0.00292154,0.0256007,0.0323217,0.00356344,0.00091939,0.125279,0.154324,0.127387,0.125855,0.000341468,0.000219293,0.00642916,0.000742163,4.87764e-05,0.0934172,0.00251731,6.25282e-05,0.707814,0.017453,0.000659734,0.00939376,0.0852641,0.349459,0.00250653,0.00091253,0.0101695,3.94248e-06,0.232709,0.231493,0.31481,0.0924818,0.00712994,0.00177652,0.430892,0.100692,0.2456,0.123608,
0.71,0.245826,0.000507619,0.0643307,0.23831,0.0137395,0.00220504,0.38296,0.0461151,0.0304601,0.000321735,0.424824,0.313932,0.0680897,0.0125267,0.0233628,0.00875033,0.000655855,0.259165,0.00646876,3.55758e-05,0.487613,0.0429644,0.00385491,0.012353,0.101431,0.539806,0.620277,0.00152658,0.00859211,0.0365031,0.0668832,0.323741,0.310682,0.192574,0.141323,0.00202719,0.505255,0.0375128,0.0745834,0.0387539,0.322077,0.0344525,0.000740466,0.00172907,0.027205,0.0322851,0.00313807,0.00157174,0.0563026,0.15403,0.126621,0.126921,0.000170734,0.000117478,0.00667086,0.000842456,4.87764e-05,0.0783207,0.00260902,4.16855e-05,0.705364,0.0141074,0.000422445,0.00366589,0.0356221,0.349783,0.00286005,0.000844762,0.00857837,1.31416e-06,0.233425,0.232341,0.315466,0.11294,0.00315019,0.00146314,0.431409,0.112977,0.274871,0.138218,
0.715,0.246303,0.000417632,0.0720115,0.268122,0.0147614,0.00208744,0.433639,0.0449572,0.0336004,6.70281e-05,0.436517,0.313404,0.0664202,0.0128336,0.0261168,0.00826233,0.000596232,0.184163,0.00628274,4.02162e-05,0.474084,0.0417292,0.00372014,0.0135067,0.0970837,0.539953,0.618844,0.00137623,0.00872296,0.0354824,0.0666277,0.323806,0.310788,0.209637,0.132518,0.00220606,0.505974,0.035328,0.0765645,0.0367799,0.322485,0.0333288,0.000240077,0.000953971,0.0289754,0.0321773,0.0026149,0.00022078,0.0174229,0.153733,0.125763,0.128781,4.83209e-05,3.72014e-05,0.00696089,0.000962807,4.87764e-05,0.0704499,0.00273893,2.77903e-05,0.719348,0.0106792,0.000188752,0.00113478,0.00580207,0.349877,0.00324254,0.000791599,0.00513672,-0,0.233663,0.233169,0.316122,0.127564,0.000643162,0.00140409,0.431895,0.127409,0.308248,0.154996,
0.72,0.246721,0.000334567,0.0794246,0.289277,0.0159253,0.00196984,0.468519,0.0437802,0.037095,0.00071781,0.456506,0.313306,0.0647508,0.0131926,0.0285768,0.00831027,0.00101359,0.137556,0.00616273,4.64033e-05,0.46262,0.0432829,0.00362749,0.0148011,0.0924461,0.540268,0.618027,0.00124902,0.00889742,0.0343152,0.0663723,0.324089,0.311037,0.2222,0.124829,0.00250417,0.506657,0.0367287,0.0807206,0.0384665,0.322876,0.0320424,0.000373452,0.00107322,0.0309043,0.0320852,0.00350078,0.00249902,0.0111236,0.153674,0.125106,0.131959,1.44963e-05,1.17478e-05,0.00729927,0.00108817,4.87764e-05,0.0712834,0.00288566,2.08427e-05,0.746318,0.00782107,7.72985e-05,0.00216918,0.00837513,0.350131,0.00350569,0.000789262,0.0125062,1.31416e-06,0.234319,0.233996,0.316718,0.135256,0.000861226,0.00180098,0.432357,0.139289,0.336801,0.169905,
0.725,0.247198,0.000265346,0.0836548,0.289068,0.0170892,0.00185223,0.460768,0.0426645,0.0406154,0.0023667,0.44738,0.313319,0.0630217,0.0135538,0.0288508,0.00833232,0.0025638,0.120864,0.00604871,5.10436e-05,0.452491,0.0427733,0.00354888,0.0161799,0.0877751,0.540383,0.617357,0.00113337,0.00907188,0.0330557,0.0661534,0.32414,0.31112,0.213946,0.118528,0.00226568,0.507302,0.0370773,0.0797493,0.038437,0.32325,0.0305916,0.000159131,0.000894348,0.0324553,0.0319494,0.00274403,0.000357453,0.0217251,0.153687,0.124575,0.13473,3.38247e-05,1.95797e-05,0.00768599,0.00120852,4.87764e-05,0.0716106,0.00289483,2.08427e-05,0.750659,0.00601472,8.26914e-05,0.000871847,0.0236152,0.350205,0.00345013,0.000786341,0.0138207,-0,0.234558,0.234779,0.317255,0.127578,0.00258905,0.00316543,0.432789,0.14149,0.346244,0.175554,
0.73,0.247615,0.000207662,0.0790438,0.284576,0.018253,0.00176403,0.459933,0.0415336,0.0441271,0.000558162,0.446337,0.313339,0.0613523,0.013917,0.0280754,0.00820481,0.00137133,0.105464,0.0059527,5.56839e-05,0.443487,0.0423967,0.00348711,0.0175868,0.0830943,0.540614,0.61673,0.00102928,0.00924634,0.0317204,0.0659345,0.324347,0.311302,0.216777,0.112992,0.00226568,0.507912,0.0358096,0.0794125,0.0373054,0.32359,0.029092,5.33504e-05,0.000715478,0.033787,0.0317968,0.00256078,3.83736e-05,0.0117456,0.153692,0.124011,0.136404,1.44963e-05,5.87391e-06,0.00802436,0.00132386,4.87764e-05,0.0700135,0.00290859,1.38952e-05,0.74194,0.00441352,4.13457e-05,0.000272789,0.00423639,0.35039,0.00348362,0.000776994,0.00634086,-0,0.235154,0.235541,0.317851,0.131268,0.000597909,0.00200976,0.433196,0.143882,0.353627,0.17979,
0.735,0.247973,0.000161515,0.082153,0.287619,0.0193601,0.00167583,0.460708,0.0404842,0.0475103,0.00181707,0.44589,0.313416,0.0596828,0.0142677,0.0286369,0.00822111,0.00214643,0.100961,0.00588069,6.03243e-05,0.435853,0.0423828,0.00343657,0.0190219,0.0785692,0.540698,0.616201,0.000948328,0.0094208,0.0303492,0.0657155,0.324384,0.311363,0.214678,0.108607,0.0023253,0.508486,0.0364904,0.0794549,0.0379512,0.323896,0.0276302,0.000158211,0.000894348,0.0348525,0.03164,0.00294248,0.00117171,0.0164987,0.153736,0.123544,0.137814,2.09391e-05,1.17478e-05,0.00836274,0.00142917,4.87764e-05,0.0703543,0.00290248,1.38952e-05,0.745824,0.00344223,4.85363e-05,0.000950423,0.0174217,0.350444,0.00346342,0.000775241,0.0132554,1.31416e-06,0.235333,0.236281,0.318328,0.129026,0.00191534,0.00275589,0.433575,0.143937,0.355508,0.181137,
