time,hip_flexion_r,hip_flexion_r_id,hip_adduction_r,hip_adduction_r_id,hip_rotation_r,hip_rotation_r_id,ankle_angle_r,ankle_angle_r_id,hip_flexion_l,hip_flexion_l_id,hip_adduction_l,hip_adduction_l_id,hip_rotation_l,hip_rotation_l_id,knee_angle_l,knee_angle_l_id,
3.6,32.2155,46561.8,110.94,-41419.4,4.99433,-6228.66,-50.8793,-52.9379,-0.923239,54023.1,131.651,-35969,3.55062,-4912.7,48.4374,-26989.9,
3.605,56.5075,47672,79.9696,-41313.4,14.6485,-6271.06,-54.2005,-54.1301,12.488,54972.6,126.87,-35426.8,6.32076,-4943.76,38.5412,-27302.7,
3.61,8.42875,48796.9,115.551,-41201.6,11.4796,-6313.12,-56.785,-49.5673,-17.0122,55921.5,102.014,-34880.2,13.4164,-4976.53,25.2322,-27624.7,
3.615,-5.62166,50000.8,124.207,-41091.7,10.4865,-6363.24,-58.6128,-49.8103,-12.4439,56864.5,93.3581,-34337.9,18.1799,-5010.55,14.6043,-27951.2,
3.62,-9.57686,51194.6,130.898,-40957.3,8.46867,-6415.77,-59.1912,-49.0662,-19.8339,57808.9,85.8593,-33791.4,17.896,-5062.76,4.26098,-28250.9,
3.625,-7.12475,52371.1,131.726,-40792.5,8.58425,-6472.51,-58.9204,-46.5179,-6.30132,58752.2,84.5849,-33253,21.8052,-5098.66,-5.48626,-28601.1,
3.63,-2.55358,53533.9,131.517,-40597.2,9.07047,-6526.39,-57.9832,-45.6699,-14.6614,59696.6,80.8678,-32721.4,19.8819,-5136.77,-14.6445,-28965.4,
3.635,1.51613,54671.7,133.745,-40367.2,8.04398,-6577.73,-56.6041,-44.7721,1.36972,60639,82.8894,-32196.6,23.738,-5176.41,-23.1803,-29343.8,
3.64,5.27309,55756.6,136.492,-40097.4,6.91695,-6627.11,-54.8697,-41.13,-8.43146,61568.9,80.5612,-31690,21.2615,-5217.34,-31.0837,-29733.2,
3.645,9.7057,56787.1,138.083,-39785,6.48302,-6674.85,-52.9255,-41.2238,5.92151,62466.5,84.0574,-31235.4,24.5762,-5263.89,-38.3914,-30130.8,
3.65,14.0774,57772.8,139.885,-39440.9,5.87409,-6721.4,-50.8082,-38.4519,-3.89198,63335.9,82.9827,-30825.5,22.1086,-5311.43,-45.1557,-30538.1,
3.655,17.753,58698.9,141.432,-39062.1,6.36037,-6767.31,-48.6255,-38.0915,8.53154,64172.1,87.5931,-30437.5,24.8558,-5361.43,-51.4604,-30949.1,
3.66,22.02,59550.3,143.467,-38650.8,5.74854,-6810.45,-46.4857,-36.677,-1.19491,64969.5,87.5397,-30094.7,22.3823,-5413.08,-57.3557,-31365.6,
3.665,26.1913,60320.2,145.413,-38211,5.53526,-6852.21,-44.3559,-35.673,9.98535,65719.7,93.0809,-29800.5,24.7014,-5464.72,-62.841,-31784.3,
3.67,30.5582,61004.7,147.367,-37752.8,5.34836,-6890.55,-42.1726,-32.0212,0.483639,66431.2,93.7987,-29521,22.2022,-5517.44,-67.8915,-32203.9,
3.675,35.2445,61598.6,149.29,-37272.3,5.1672,-6927.96,-39.9178,-32.5173,10.4871,67093.4,100.04,-29265.1,24.0703,-5570.27,-72.5166,-32619.8,
3.68,40.3582,62109.1,151.158,-36788.2,4.98603,-6963.7,-37.9739,-32.3436,2.03814,67700,101.591,-29024.5,21.6835,-5621.18,-76.6766,-33030,
3.685,45.8705,62532.2,152.973,-36300.7,4.82191,-6997.51,-36.26,-31.327,10.3843,68260,108.21,-28803.4,22.9986,-5675.07,-80.3605,-33501.1,
3.69,51.9692,62871,154.919,-35819.1,4.0628,-7028.76,-34.9459,-31.219,4.16669,68757.5,110.694,-28603.7,20.9934,-5728.76,-83.6013,-33979.5,
3.695,56.5615,63130.9,156.683,-35349.8,5.35485,-7059.45,-33.9165,-30.4285,9.96429,69188.4,116.88,-28451.1,21.5711,-5781.04,-86.4011,-34445.9,
3.7,49.4989,63308.4,163.908,-34893.8,6.89336,-7085.96,-32.7732,-28.9673,7.00829,69560.2,120.319,-28292.2,20.1381,-5830.5,-88.7937,-34898.6,
3.705,95.9698,63409.7,147.886,-34456,0.987469,-7109.84,-32.1446,-29.3307,10.1275,69868.4,125.644,-28121.4,19.9931,-5875.58,-90.7874,-35329.4,
3.71,73.4024,63448.9,156.511,-34039.2,3.49382,-7134.54,-31.5991,-28.2437,10.0506,70115.9,129.769,-27940.3,19.1408,-5916.41,-92.4044,-35739.5,
3.715,91.8841,63420.9,161.348,-33645.9,5.14814,-7153.58,-31.2405,-28.3511,11.6783,70303.2,134.339,-27748.7,18.6567,-5953.15,-93.6483,-36125.4,
3.72,96.5522,63337.5,160.891,-33277,5.05568,-7169.93,-30.8764,-27.8952,12.8709,70426.3,138.57,-27541.2,18.0967,-5986.39,-94.5583,-36484.1,
3.725,104.255,63203.6,161.369,-32928,5.55184,-7183.63,-29.9352,-27.0906,14.2537,70494.4,142.694,-27324.9,17.6057,-6016.24,-95.121,-36819.3,
3.73,111.331,63028.7,161.508,-32601,6.02825,-7193.99,-29.1104,-25.762,15.611,70509,146.606,-27098.8,17.142,-6043.21,-95.355,-37130.9,
3.735,117.774,62818.7,161.538,-32292.6,6.46552,-7201.75,-28.7927,-27.6146,17.612,70471.4,150.089,-26859.3,16.7508,-6067.64,-95.9836,-37415.3,
3.74,123.347,62583.6,161.653,-32003.1,6.65866,-7206.94,-28.7727,-27.4409,18.085,70387.1,153.69,-26612.6,16.3886,-6089.23,-95.0086,-37672.6,
3.745,127.804,62328.4,162.01,-31727.2,6.40069,-7209.3,-28.9435,-27.0781,19.1484,70261.8,156.825,-26351.2,16.0801,-6111.25,-94.5177,-37904.3,
3.75,131.484,62060,162.11,-31459.7,6.36011,-7210.63,-29.2292,-27.7899,20.1291,70090.4,159.684,-26112.4,15.8146,-6132.8,-93.8908,-38109.5,
3.755,135.222,61783.7,160.972,-31202.7,7.94669,-7207.01,-29.5283,-29.46,21.0276,69883.4,162.251,-25909.4,15.5931,-6152.13,-93.1986,-38295.3,
3.76,137.882,61509.2,159.854,-30948.2,9.48805,-7205.01,-29.706,-28.0502,21.773,69647.3,164.516,-25715,15.4124,-6172.24,-92.4197,-38460.7,
3.765,139.201,61232.5,159.095,-30695.7,10.5113,-7200.09,-29.5915,-28.5513,22.2207,69384.1,166.499,-25525.1,15.2671,-6192.44,-91.468,-38604.7,
3.77,139.469,60963.1,158.424,-30444,11.3892,-7193.94,-29.4148,-29.7917,22.2806,69103.3,168.231,-25348.8,15.1359,-6212.99,-90.2167,-38733.1,
3.775,138.755,60699.2,157.844,-30186.7,12.1499,-7186.72,-29.2703,-28.8832,21.9127,68807.4,169.717,-25184,15.0125,-6232.71,-88.6359,-38848.3,
3.78,137.149,60443.8,157.361,-29924.4,12.8036,-7178.94,-29.0487,-27.626,21.1306,68504,170.968,-25027,14.8932,-6253.93,-86.7367,-38840.1,
3.785,134.749,60195.7,156.962,-29653.9,13.3701,-7170.35,-28.4408,-28.5134,19.9778,68191.4,172.008,-24870.6,14.7709,-6276.38,-84.5282,-38601,
3.79,131.665,59959.2,156.655,-29376.6,13.8611,-7162.16,-27.9965,-27.4459,18.5029,67878,172.833,-24750,14.644,-6296.12,-82.0537,-38304.3,
3.795,128.006,59731.8,156.447,-29088.1,14.2773,-7155,-27.5194,-27.8003,16.7634,67558.5,173.448,-24641,14.5168,-6317.34,-79.3487,-37887.9,
3.8,123.877,59511.7,156.346,-28794.2,14.6206,-7145.86,-27.0397,-26.3512,14.7913,67244.7,173.863,-24539.3,14.3824,-6340.18,-76.4317,-37402.1,
3.805,119.4,59299.8,156.349,-28488.6,14.9055,-7139.91,-26.411,-27.633,12.64,66935.5,174.087,-24445.4,14.2433,-6361.9,-73.3443,-36882.8,
3.81,114.665,59095.1,156.46,-28178.3,15.1383,-7133.38,-25.9599,-27.4041,10.3392,66629.8,174.127,-24350.5,14.1036,-6384.36,-70.1399,-36349.7,
3.815,109.772,58893.2,156.674,-27865.8,15.3233,-7125.42,-25.5599,-27.05,7.93121,66334.7,174.004,-24267.5,13.9643,-6406.65,-66.8803,-35793.8,
3.82,104.803,58695.9,156.981,-27550.5,15.4706,-7118.96,-25.2002,-26.6635,5.43202,66047.4,173.736,-24199.5,13.8189,-6427.32,-63.5915,-35192.9,
3.825,99.8485,58498.7,157.373,-27227.6,15.5903,-7113.81,-24.8162,-27.0165,2.88443,65770.3,173.346,-24123.9,13.6681,-6451.52,-60.3104,-34561.1,
3.83,94.9587,58301.1,157.839,-26904.8,15.6942,-7108.8,-24.4182,-26.9094,0.290955,65502.2,172.853,-24045.3,13.5107,-6471.87,-57.0494,-33911.1,
3.835,90.1923,58103.1,158.356,-26580.7,15.7911,-7105.66,-24.0343,-26.8052,-2.33983,65247,172.282,-23954.5,13.338,-6493.03,-53.8426,-33251.7,
3.84,85.5731,57902.6,158.9,-26260.6,15.8972,-7101.69,-23.6928,-25.3286,-4.98754,65004.8,171.668,-23856.7,13.1445,-6512.35,-50.697,-32593.6,
3.845,81.1465,57697.2,159.462,-25939.7,16.012,-7099.2,-23.219,-26.0049,-7.63772,64764.9,171.035,-23741.8,12.9343,-6530.8,-47.6385,-31933.9,
3.85,76.9276,57490.2,160.03,-25622.8,16.1456,-7097.79,-22.841,-25.9884,-10.2793,64537.7,170.398,-23619.3,12.6969,-6548.29,-44.6955,-31276.7,
3.855,72.9351,57276,160.594,-25311.4,16.3046,-7095.95,-22.527,-26.0213,-12.9194,64319.6,169.782,-23488.8,12.4374,-6563.89,-41.86,-30613.3,
3.86,69.1653,57058.6,161.154,-25000.7,16.4799,-7096.04,-22.2991,-25.1747,-15.5307,64113.7,169.19,-23354.6,12.1514,-6577.26,-39.172,-29904.1,
3.865,65.6198,56836.4,161.687,-24696.5,16.683,-7095.99,-22.078,-24.3301,-18.1011,63911.9,168.627,-23207.6,11.8409,-6590.23,-36.6217,-29118.1,
3.87,62.2968,56610.2,162.198,-24396.7,16.9055,-7097.08,-21.8255,-23.6585,-20.6336,63711.2,168.097,-23047,11.5228,-6602.75,-34.2304,-28311.2,
3.875,59.174,56376.5,162.677,-24097.5,17.146,-7099.22,-21.493,-22.607,-23.0962,63520.8,167.612,-22884.3,11.1984,-6614.03,-31.986,-27507.5,
3.88,56.2357,56140.8,163.136,-23804.8,17.3923,-7102.42,-21.1,-23.8492,-25.4728,63326.1,167.168,-22711,10.8587,-6624.5,-29.9101,-26703.8,
3.885,53.4579,55896.2,163.561,-23514.5,17.6458,-7104.18,-20.8115,-22.8714,-27.7436,63137.8,166.774,-22532.6,10.5129,-6634.37,-28.0118,-25908.6,
3.89,50.8165,55648.6,163.953,-23229.2,17.8919,-7105.73,-20.7733,-22.0178,-29.9097,62946.9,166.413,-22346.4,10.1656,-6643.13,-26.2823,-25114.1,
3.895,48.3015,55395.5,164.312,-22945.5,18.1329,-7107.57,-21.2314,-22.3628,-31.9556,62756.7,166.087,-22158.7,9.82651,-6649.94,-24.7174,-24322.4,
3.9,45.9052,55138.5,164.643,-22663.6,18.3554,-7108.32,-20.6788,-21.4421,-33.864,62562.2,165.794,-21963.8,9.49488,-6656.5,-23.3279,-23530,
3.905,43.6024,54877.9,164.934,-22381.7,18.5615,-7109.65,-20.9795,-20.4124,-35.659,62369.4,165.518,-21767.5,9.17853,-6664.16,-22.0885,-22741.8,
3.91,41.3913,54611.2,165.195,-22103,18.7435,-7108.3,-21.0149,-20.6704,-37.3221,62169.4,165.261,-21568.6,8.88548,-6669.29,-20.9743,-21949.4,
3.915,39.2695,54344.8,165.421,-21827.3,18.887,-7105.73,-20.7866,-20.37,-38.8485,61963.1,165.015,-21364.7,8.60845,-6674.96,-19.992,-21146.2,
3.92,37.2197,54072.6,165.623,-21549.3,19.0139,-7102.68,-20.9926,-21.1736,-40.2343,61750.3,164.783,-21160.4,8.35021,-6678.71,-19.1253,-20325.6,
3.925,35.2419,53801.3,165.799,-21272.9,19.1203,-7098.28,-21.314,-20.9376,-41.4878,61537.1,164.557,-20956.9,8.11329,-6684.44,-18.3674,-19492.7,
3.93,33.3429,53530.7,165.941,-20995.8,19.2047,-7094.93,-21.7012,-21.2113,-42.6149,61307.7,164.333,-20746.9,7.89343,-6687.51,-17.7125,-18644.6,
3.935,31.5277,53256.7,166.059,-20721.8,19.2675,-7087.55,-22.1888,-20.3099,-43.6036,61074.9,164.119,-20542.1,7.69026,-6689.88,-17.1517,-17789,
3.94,29.7886,52984.7,166.154,-20447.2,19.32,-7081.06,-22.1934,-20.3613,-44.4748,60841.5,163.913,-20339.8,7.5056,-6692.53,-16.6593,-16927.8,
3.945,28.1396,52713.3,166.234,-20174.1,19.3587,-7073.66,-22.5685,-20.0453,-45.2444,60601.6,163.715,-20139,7.33006,-6694.48,-16.2467,-16059.3,
3.95,26.5756,52443.6,166.301,-19903.5,19.3923,-7065.41,-23.0268,-22.2792,-45.9019,60349.3,163.515,-19939.9,7.16255,-6693.26,-15.8966,-15182.5,
3.955,25.1047,52171.9,166.358,-19634,19.4236,-7055.5,-22.8589,-20.9265,-46.4598,60102.4,163.324,-19745.1,7.01318,-6694.66,-15.5924,-14302.4,
3.96,23.7176,51906.3,166.422,-19369.3,19.4632,-7046.24,-23.3264,-20.7385,-46.9166,59843.4,163.126,-19549.2,6.86657,-6695.01,-15.3256,-13411.8,
3.965,22.4256,51639.2,166.478,-19106.3,19.5173,-7035.28,-22.5287,-20.4463,-47.2875,59579.9,162.939,-19354,6.72533,-6697.06,-15.0954,-12512.7,
3.97,21.2235,51374.1,166.55,-18846.8,19.5741,-7025.99,-23.0742,-21.7423,-47.5655,59312.5,162.753,-19172.5,6.59307,-6691.46,-14.8886,-11605.9,
3.975,20.111,51110.7,166.636,-18593.4,19.6424,-7013.93,-23.9994,-21.2732,-47.7699,59044.3,162.58,-18989.9,6.46654,-6689.2,-14.6901,-10694.7,
3.98,19.0833,50848.6,166.739,-18343,19.7147,-7003.05,-24.3936,-22.8034,-47.9165,58773.2,162.401,-18813.4,6.34496,-6686.16,-14.4991,-9782.55,
3.985,18.1387,50588.9,166.869,-18098.9,19.798,-6991.22,-25.1736,-24.9348,-48.0066,58497.6,162.223,-18639.6,6.23096,-6681.59,-14.3068,-8876.61,
3.99,17.2679,50330.5,167.022,-17858.7,19.8886,-6979.83,-26.178,-25.577,-48.0513,58223.3,162.058,-18470.5,6.11886,-6676.95,-14.1057,-7981.43,
3.995,16.4773,50077.4,167.208,-17625.4,19.9821,-6968.88,-27.271,-29.516,-48.0616,57944.6,161.896,-18302.1,6.01275,-6671.13,-13.8959,-7097.5,
4,15.7581,49820.4,167.428,-17399.8,20.0798,-6954.02,-27.9094,-28.2113,-48.0453,57671.2,161.739,-18144.6,5.9106,-6666.7,-13.6699,-6225.37,
4.005,15.0932,49568.3,167.673,-17178.3,20.1926,-6941.62,-28.4834,-28.9289,-48.0056,57396.7,161.592,-17988.7,5.81903,-6660.91,-13.4235,-5366.26,
4.01,14.4898,49318.8,167.956,-16961.8,20.314,-6930.14,-29.4139,-31.2128,-47.9514,57120.9,161.459,-17834.7,5.72745,-6654.6,-13.1781,-4523.11,
4.015,13.9428,49071.7,168.277,-16753.2,20.439,-6916.86,-30.3748,-31.5957,-47.8935,56848.7,161.33,-17687,5.64264,-6647.86,-12.9303,-3696.94,
4.02,13.4535,48826.7,168.635,-16549.4,20.5665,-6904.32,-31.3484,-31.7844,-47.8227,56582.2,161.228,-17544.2,5.55733,-6641.05,-12.6775,-2889.94,
4.025,13.0141,48581.8,169.021,-16350.6,20.6963,-6890.92,-31.8777,-33.7368,-47.7553,56310.9,161.141,-17398.3,5.47878,-6635.47,-12.4242,-2093.74,
4.03,12.6193,48341.4,169.443,-16158.3,20.8331,-6877.11,-32.8734,-35.9194,-47.6874,56046.5,161.069,-17261.1,5.39964,-6627.71,-12.178,-1315.02,
4.035,12.2803,48102.5,169.9,-15972.3,20.9674,-6861.74,-33.0968,-32.8867,-47.6193,55787.6,161.015,-17128.3,5.32591,-6621.39,-11.9382,-554.592,
4.04,11.9766,47868.1,170.389,-15787.1,21.1063,-6851.2,-34.0375,-36.9415,-47.5469,55525.7,160.995,-16994,5.24998,-6614.3,-11.7072,190.843,
4.045,11.7246,47637,170.91,-15608.8,21.2384,-6838.31,-34.8737,-37.2165,-47.4747,55269.2,160.998,-16864.7,5.16449,-6608.15,-11.4834,918.908,
4.05,11.51,47405.9,171.459,-15433,21.3744,-6826.1,-35.8151,-38.748,-47.4024,55014,161.029,-16736.9,5.09057,-6601.95,-11.2783,1629.94,
4.055,11.339,47178.8,172.041,-15262.7,21.5028,-6813.17,-36.709,-40.0834,-47.3328,54761.2,161.089,-16614.4,5.01602,-6594.47,-11.088,2327.53,
4.06,11.2075,46950.7,172.659,-15092.6,21.6249,-6801.79,-37.639,-42.0447,-47.2581,54510.3,161.187,-16493.8,4.94497,-6586.97,-10.9143,3007.79,
4.065,11.1148,46727,173.312,-14928.9,21.7361,-6788.51,-38.3827,-40.8051,-47.1714,54262.5,161.308,-16377,4.86736,-6579.27,-10.7598,3673.61,
4.07,11.0545,46505.6,173.999,-14767.3,21.8382,-6776.82,-39.2042,-43.2165,-47.084,54015.2,161.459,-16258.2,4.80169,-6575.87,-10.6197,4327.68,
4.075,11.0321,46285.5,174.721,-14607.4,21.9186,-6765.35,-40.3456,-45.991,-46.9731,53771,161.654,-16151.1,4.73197,-6565.73,-10.4992,4966.32,
4.08,11.0392,46067.4,175.475,-14452.5,21.9717,-6751.57,-41.034,-46.4667,-46.8532,53522.4,161.867,-16039.6,4.66292,-6557.6,-10.3967,5593,
4.085,11.0704,45853.1,176.261,-14300.4,21.9938,-6738.02,-41.52,-45.782,-46.7166,53281.6,162.117,-15932.2,4.60419,-6552.5,-10.3083,6208.64,
4.09,11.1432,45637.7,177.098,-14147,22.0116,-6726.37,-42.2135,-48.9944,-46.559,53039.6,162.396,-15828.7,4.54151,-6544.7,-10.3381,6812.81,
4.095,11.2454,45424.1,177.974,-13997,22.0156,-6713.55,-43.063,-50.053,-46.3862,52801.3,162.694,-15726,4.48901,-6539.91,-10.4483,7403.02,
4.1,11.37,45213.6,178.895,-13849,22.0042,-6700.93,-44.0533,-50.7592,-46.1941,52561.2,163.018,-15623,4.44056,-6535.99,-10.579,7986.7,
4.105,11.5272,45001.5,179.854,-13701.4,21.9647,-6687.06,-44.7728,-50.8535,-45.9843,52324.8,163.364,-15527.9,4.39579,-6528.9,-10.7736,8557.36,
4.11,11.7031,44789.8,180.858,-13556.5,21.913,-6672.13,-45.5119,-52.9987,-45.7525,52092.6,163.74,-15432.4,4.36005,-6524.92,-11.0118,9121.06,
4.115,11.8996,44579.2,181.902,-13412.2,21.8421,-6657.2,-46.3252,-53.5822,-45.5072,51859.8,164.134,-15340,4.33011,-6520.4,-11.259,9672.66,
4.12,12.1249,44372.6,182.995,-13270.7,21.7451,-6641.02,-46.9515,-52.2302,-45.2502,51630.2,164.543,-15248.9,4.30679,-6516.86,-11.5139,10217.6,
4.125,12.3659,44171,184.132,-13127.2,21.6353,-6629.79,-47.6709,-54.6227,-44.9799,51402.9,164.965,-15157.6,4.28714,-6517.23,-11.7824,10752.1,
4.13,12.6244,43964.9,185.304,-12984.5,21.5081,-6614.27,-48.302,-54.5113,-44.7003,51178.9,165.402,-15077.1,4.27867,-6510.06,-12.0506,11275.8,
4.135,12.8944,43762.9,186.523,-12841.8,21.3641,-6599.86,-49.0646,-55.7797,-44.4176,50953.2,165.85,-14990.8,4.276,-6508.36,-12.321,11792.4,
4.14,13.1761,43561.1,187.773,-12699.6,21.2064,-6583.69,-49.5992,-53.7433,-44.1386,50732.6,166.294,-14909.3,4.27614,-6506.64,-12.5947,12297.9,
4.145,13.4642,43363.8,189.058,-12554.3,21.0342,-6569.49,-50.0181,-54.4519,-43.8497,50510.5,166.755,-14827.7,4.2839,-6504.47,-12.8652,12796.9,
4.15,13.7554,43172.7,190.374,-12408.1,20.8526,-6556.78,-50.6236,-55.2066,-43.5736,50291.2,167.207,-14748.4,4.30327,-6502.74,-13.1335,13282.7,
4.155,14.0471,42982.8,191.711,-12257.7,20.6515,-6543.65,-51.2497,-55.1511,-43.3041,50077.2,167.661,-14672.7,4.32154,-6500.31,-13.404,13757.9,
4.16,14.3307,42795.5,193.066,-12106.2,20.4416,-6529.77,-51.8832,-56.1208,-43.0402,49862.4,168.124,-14593.4,4.34523,-6499.79,-13.7,14223.7,
4.165,14.6041,42615.1,194.429,-11950.9,20.217,-6518.14,-52.002,-54.5052,-42.7853,49647,168.592,-14515.1,4.37697,-6500.47,-14.008,14681,
4.17,14.8616,42435.4,195.8,-11796,19.9814,-6503.62,-52.2188,-53.9275,-42.5379,49436.2,169.065,-14440.3,4.40364,-6497.65,-14.3116,15128.8,
4.175,15.0615,42255.8,197.182,-11638.2,19.7508,-6490.6,-51.8546,-53.0924,-42.3095,49222.7,169.542,-14364.2,4.43748,-6495.42,-14.6236,15562.8,
4.18,15.2487,42078.6,198.562,-11478.4,19.5045,-6478.11,-52.1663,-53.2263,-42.0836,49017.7,170.042,-14285.6,4.46955,-6497.28,-14.9316,15992.3,
4.185,15.4256,41899.8,199.949,-11317.8,19.2461,-6463.6,-52.0498,-52.2178,-41.8748,48816.2,170.545,-14210.2,4.49677,-6496.26,-15.2411,16408.6,
4.19,15.5929,41724.2,201.345,-11155.5,18.9741,-6450.08,-52.1738,-52.2024,-41.6732,48610.8,171.065,-14129.4,4.51763,-6498.46,-15.5555,16822.5,
4.195,15.747,41548.4,202.748,-10991,18.6874,-6435.91,-52.3478,-53.9223,-41.4903,48410,171.595,-14049.4,4.54212,-6499.22,-15.8703,17228.3,
4.2,15.892,41374.8,204.164,-10825.8,18.3851,-6419.05,-52.8215,-52.8089,-41.3102,48208.7,172.138,-13969.1,4.55367,-6499.72,-16.1964,17624.4,
4.205,16.0305,41204.9,205.6,-10658.2,18.0654,-6404.82,-53.0468,-53.674,-41.1342,48009.6,172.691,-13884.2,4.55748,-6503.61,-16.5342,18016.2,
4.21,16.1641,41033.9,207.064,-10488.7,17.7288,-6389.12,-53.5074,-53.2914,-40.9578,47812.3,173.269,-13802.1,4.55044,-6503.79,-16.8857,18399.1,
4.215,16.2963,40868.6,208.564,-10318.4,17.3733,-6375.57,-53.7722,-53.8734,-40.7857,47613.8,173.851,-13718,4.53609,-6503.98,-17.2498,18776.6,
4.22,16.4341,40690.1,210.102,-10145.2,16.9984,-6356.45,-55.2033,-57.4712,-40.6017,47416.8,174.458,-13630.4,4.5062,-6505.7,-17.6299,19152.2,
4.225,16.5788,40523.6,211.688,-9973,16.6027,-6340.09,-55.558,-55.6836,-40.4127,47222,175.082,-13544.4,4.47069,-6506.4,-18.0346,19519.7,
4.23,16.7347,40352.8,213.329,-9801.15,16.1816,-6319.97,-56.2965,-56.9076,-40.2151,47022.4,175.726,-13454.5,4.41813,-6506.99,-18.4629,19887.8,
4.235,16.9067,40182.4,215.035,-9625.54,15.739,-6304.57,-56.5286,-56.7053,-40.0022,46828.5,176.382,-13366.4,4.35492,-6507.17,-18.9183,20247.5,
4.24,17.0933,40009.4,216.803,-9451.19,15.2786,-6285.07,-57.3524,-58.1104,-39.7717,46630,177.063,-13273.2,4.27113,-6509.06,-19.4029,20608.9,
4.245,17.3001,39838.3,218.649,-9277.25,14.7928,-6266.09,-57.5908,-57.5966,-39.5243,46435.8,177.765,-13181.3,4.16975,-6509.43,-19.9183,20964.8,
4.25,17.5288,39663,220.565,-9103.69,14.2846,-6245.81,-58.5063,-59.0783,-39.2613,46242.8,178.496,-13089.7,4.05823,-6507.01,-20.471,21319.9,
4.255,17.7835,39489,222.564,-8930.58,13.7566,-6226.45,-59.1036,-60.3305,-38.9809,46049.3,179.235,-12994.8,3.92605,-6506.63,-21.0583,21675.7,
4.26,18.0642,39313.9,224.647,-8757.9,13.2082,-6205.61,-59.5137,-59.079,-38.6833,45861.8,179.998,-12901.2,3.77957,-6504.86,-21.6834,22026.6,
4.265,18.3736,39137.1,226.817,-8587.53,12.6367,-6184.57,-59.2039,-57.3758,-38.3789,45669.3,180.769,-12804.4,3.61032,-6503.53,-22.3407,22383.6,
4.27,18.7052,38960.4,229.072,-8417.29,12.0503,-6164.44,-59.436,-59.3229,-38.0555,45480.4,181.559,-12707.4,3.42524,-6501.06,-23.0354,22739.6,
4.275,19.0573,38780.4,231.409,-8250.99,11.4528,-6141.52,-59.9879,-60.5889,-37.7221,45289.1,182.364,-12609,3.2215,-6497.86,-23.7671,23101.3,
4.28,19.4319,38601.3,233.838,-8086.54,10.8417,-6117.92,-61.2176,-60.6426,-37.3976,45095.9,183.168,-12509.5,3.00578,-6493.86,-24.5313,23466.2,
4.285,19.8023,38421.5,236.336,-7923.46,10.22,-6098.51,-61.9961,-61.7922,-37.0677,44899.9,183.978,-12408.5,2.77079,-6488.32,-25.3285,23834.7,
4.29,20.1855,38239.4,238.91,-7764.58,9.59282,-6074.88,-62.5546,-61.2615,-36.732,44706.7,184.804,-12307.7,2.51886,-6482.28,-26.1603,24206.2,
4.295,20.5791,38057,241.546,-7607.64,8.96054,-6053.95,-62.7096,-61.1931,-36.4097,44510.9,185.627,-12206.4,2.25176,-6474.77,-27.0161,24582.1,
4.3,20.9775,37870,244.238,-7454.34,8.32668,-6029.8,-63.1388,-61.9172,-36.0996,44315.1,186.449,-12102.1,1.96976,-6467.37,-27.8931,24961.4,
4.305,21.3781,37688.9,246.992,-7303.97,7.69141,-6009.73,-63.4353,-61.3313,-35.8096,44117.7,187.259,-11995.6,1.6697,-6458.37,-28.7933,25343.3,
4.31,21.7753,37504.8,249.786,-7158.68,7.05849,-5986.4,-64.6417,-64.0811,-35.5412,43924.3,188.052,-11889.1,1.35727,-6448.31,-29.7139,25728.1,
4.315,22.1624,37324.4,252.61,-7016.83,6.42963,-5963.78,-64.9457,-61.936,-35.2882,43719.1,188.832,-11776.2,1.02701,-6437.41,-30.6446,26119.4,
4.32,22.5328,37139.3,255.452,-6877.9,5.80441,-5940.38,-64.3309,-61.7755,-35.0575,43517.1,189.609,-11664.4,0.68264,-6423.25,-31.5814,26509.8,
4.325,22.8843,36955.8,258.313,-6742.6,5.18602,-5918.11,-64.5761,-62.7496,-34.8535,43319.4,190.351,-11550.4,0.327567,-6412.78,-32.5222,26904.8,
4.33,23.2093,36774.2,261.173,-6610.85,4.57617,-5896.83,-65.2903,-62.4905,-34.6817,43119.3,191.072,-11435.6,-0.0326986,-6397.69,-33.4532,27298.8,
4.335,23.5082,36592.1,264.036,-6481.76,3.97208,-5874.52,-66.189,-61.7951,-34.5372,42918.1,191.773,-11317.4,-0.400041,-6382.92,-34.3797,27693.9,
4.34,23.7692,36412.9,266.881,-6357.05,3.37896,-5853.1,-65.9315,-62.562,-34.4186,42710.8,192.452,-11193.8,-0.779403,-6367.1,-35.2985,28088,
4.345,23.9927,36231.9,269.7,-6235.03,2.79623,-5831.2,-66.7297,-62.0045,-34.3321,42513.4,193.098,-11075.2,-1.15821,-6349.43,-36.2143,28477,
4.35,24.162,36060.9,272.394,-6116.1,2.22693,-5806.95,-66.4443,-62.6063,-34.2798,42309.9,193.711,-10950.5,-1.53676,-6332.9,-37.1161,28870.3,
4.355,24.2899,35893.1,275.15,-6000.09,1.65907,-5784.05,-67.6601,-62.7193,-34.2578,42109.4,194.306,-10826.7,-1.91805,-6313.13,-37.9973,29256.5,
4.36,24.3607,35728.7,277.854,-5886.9,1.10018,-5759.53,-67.3526,-63.3418,-34.2681,41906.8,194.878,-10699.4,-2.29477,-6293.85,-38.8758,29641.7,
4.365,24.3784,35563.5,280.521,-5775.43,0.549407,-5736.14,-69.1087,-63.4594,-34.3053,41699.4,195.423,-10568.6,-2.67598,-6274.26,-39.7369,30026.1,
4.37,24.3505,35398.3,283.135,-5666.62,0.0063715,-5713.41,-69.1702,-64.5172,-34.3669,41500.3,195.951,-10440.6,-3.05286,-6253.89,-40.5891,30404.3,
4.375,24.2753,35236.6,285.699,-5559.93,-0.528383,-5691.04,-70.2989,-64.3459,-34.4528,41298.4,196.463,-10310.3,-3.42243,-6232.74,-41.4379,30779.9,
4.38,24.1496,35073.2,288.202,-5454.96,-1.05295,-5667.82,-69.4646,-64.7027,-34.5714,41097.9,196.945,-10177.1,-3.78906,-6213.01,-42.2814,31150.9,
4.385,23.9822,34910.8,290.664,-5353.72,-1.5727,-5645.32,-71.0006,-65.361,-34.7056,40893.2,197.405,-10042.4,-4.1498,-6192.49,-43.1164,31520.6,
4.39,23.7727,34751.6,293.088,-5253.37,-2.08692,-5623.69,-70.6024,-65.4389,-34.8596,40693.3,197.839,-9911.58,-4.50483,-6168.91,-43.9493,31882.3,
4.395,23.5226,34593,295.476,-5155.43,-2.59591,-5602.13,-70.6278,-65.8039,-35.0303,40488.4,198.248,-9774.85,-4.85011,-6148.76,-44.7883,32242.8,
4.4,23.2352,34434.4,297.839,-5060,-3.10255,-5579.03,-70.3247,-66.0169,-35.2175,40285.9,198.627,-9640.33,-5.19048,-6127.09,-45.6298,32597.7,
4.405,22.889,34305.1,300.195,-4970.94,-3.60649,-5561.29,-73.6045,-66.4222,-35.4229,40084.7,198.975,-9506.96,-5.51533,-6103.81,-46.4802,32947.8,
4.41,22.4439,34246.9,302.557,-4895.12,-4.09411,-5553.22,-72.4019,-66.4019,-35.6372,39883.8,199.304,-9373.99,-5.8332,-6082.4,-47.3372,33295.8,
4.415,22.0348,34193.6,304.94,-4819.82,-4.59373,-5547.49,-73.5143,-67.8582,-35.8651,39685.8,199.601,-9241.56,-6.14466,-6059.92,-48.207,33637.7,
4.42,21.5608,34138.3,307.323,-4746.11,-5.08636,-5541.03,-73.8668,-69.5524,-36.1078,39481.9,199.869,-9110.12,-6.44659,-6037.07,-49.0933,33979.3,
4.425,21.0027,34081.8,309.748,-4673.4,-5.58249,-5534.94,-75.629,-69.3855,-36.3654,39281,200.118,-8980.37,-6.73906,-6014.21,-49.9927,34315.7,
4.43,21.017,34026.2,312.349,-4601.94,-6.00597,-5526.46,-75.5416,-67.8458,-36.631,39084.6,200.342,-8852.11,-7.02727,-5991.45,-50.9082,34649.3,
4.435,20.9184,33970.7,315.039,-4531.44,-6.44351,-5519.29,-77.1948,-70.5326,-36.9046,38888.9,200.552,-8725.58,-7.31134,-5969.24,-51.8493,34980.5,
4.44,20.961,33914.6,316.078,-4460.13,-6.63521,-5512.32,-76.7802,-68.6179,-37.182,38686.3,200.749,-8598.6,-7.59545,-5945.52,-52.808,35309.3,
4.445,20.3967,33860,317.596,-4391.62,-7.07519,-5504.3,-77.391,-68.5181,-37.4668,38486.8,200.939,-8473.74,-7.87662,-5922.3,-53.7882,35634.5,
4.45,19.8018,33805.4,320.234,-4323.68,-7.5068,-5498.41,-77.5659,-68.8842,-37.7612,38287.8,201.114,-8351.24,-8.15783,-5897.75,-54.7883,35959.4,
4.455,19.1462,33759.3,322.616,-4256.87,-7.91967,-5496.17,-79.0215,-69.0757,-38.0621,38089.9,201.284,-8228.42,-8.43862,-5874.25,-55.8139,36281.4,
4.46,18.5923,33698.3,324.903,-4191.56,-8.32807,-5485.73,-78.7738,-70.0434,-38.3694,37891.6,201.457,-8107.17,-8.72451,-5850.62,-56.8551,36600.8,
4.465,17.8113,33644.9,327.155,-4126.58,-8.69016,-5479,-80.8299,-71.2007,-38.6839,37693.6,201.624,-7987.52,-9.01096,-5826.16,-57.9152,36917.3,
4.47,17.198,33595.8,329.209,-4062.25,-9.25968,-5473.23,-79.8433,-72.8767,-39.0084,37497.2,201.774,-7868.72,-9.29885,-5803.06,-58.99,37233.9,
4.475,16.2424,33544.9,331.379,-3994.95,-9.32758,-5467.08,-79.9356,-73.2284,-39.3339,37298.6,201.924,-7752.09,-9.5893,-5777.44,-60.0933,37549,
4.48,15.0545,33496.4,333.209,-3931.28,-9.94444,-5461.47,-79.419,-74.7271,-39.6691,37099.1,202.069,-7635.29,-9.87942,-5754.18,-61.2159,37862.4,
4.485,14.5363,33466.7,335.6,-3866.62,-10.1157,-5456.99,-81.3844,-75.0898,-40.0067,36900.7,202.207,-7520.37,-10.17,-5729.38,-62.3572,38173.8,
4.49,14.0304,33502.7,337.116,-3456.59,-10.838,-5458.08,-80.9169,-74.8392,-40.3507,36699.8,202.265,-7405.41,-10.4559,-5706.4,-63.5129,38484.8,
4.495,12.8129,33578,339.847,-3357.49,-10.5444,-5461.13,-81.3011,-74.9627,-40.6935,36500.8,202.378,-7292.26,-10.7461,-5681.31,-64.6939,38790.4,
4.5,11.7385,33624,341.755,-3264.03,-10.9527,-5461.27,-82.1457,-77.9852,-41.0565,36305.1,202.474,-7181.14,-11.0368,-5654.01,-65.8679,39099.1,
4.505,11.1526,33669.1,343.636,-3173.78,-11.6555,-5458.45,-80.8421,-75.2148,-41.4237,36111.5,202.552,-7070.83,-11.3286,-5627.08,-67.047,39404.8,
4.51,9.92798,33718.5,346.443,-3083.04,-11.3318,-5460.45,-82.4573,-78.9961,-41.8021,35925.2,202.62,-6961.71,-11.6094,-5599.8,-68.2271,39703.9,
4.515,9.15482,33765,348.543,-2989.58,-11.7529,-5459.48,-82.6708,-78.8543,-42.1657,35736.1,202.666,-6852.75,-11.9069,-5573.08,-69.4054,40002.8,
4.52,8.40503,33812.9,350.483,-2897.92,-12.3351,-5459.33,-83.0972,-79.1847,-42.5538,35550,202.719,-6746.31,-12.164,-5544.48,-70.5753,40295.2,
4.525,7.05887,33861.3,353.274,-2802.02,-11.9903,-5460.72,-83.5168,-79.6772,-42.8869,35362.6,202.695,-6638.36,-12.5243,-5518.87,-71.7304,40586.9,
4.53,6.13449,33909.7,355.394,-2708.39,-12.369,-5461.32,-83.8241,-79.6858,-43.3311,35176.6,202.844,-6533.7,-12.6554,-5490.04,-72.8733,40872.5,
4.535,6.50053,33956.1,356.793,-2610.97,-12.3949,-5461.33,-82.9742,-79.2292,-43.384,34991.1,202.4,-6429.2,-13.5538,-5463.64,-73.9988,41155,
4.54,4.28356,34005.6,359.891,-2514.48,-12.4571,-5462.65,-82.8361,-79.876,-44.2365,34807.8,203.156,-6327.25,-12.8717,-5433.76,-75.1049,41430,
4.545,3.07678,34056.5,362.139,-2418.96,-12.7882,-5464.5,-82.6468,-78.6377,-44.5004,34676.9,202.975,-6233.75,-13.4388,-5415.96,-76.1872,41704.3,
4.55,1.8673,34106.4,364.452,-2320.52,-12.934,-5466.57,-82.611,-79.4364,-44.6042,34613.2,202.562,-6152.48,-14.334,-5405.25,-77.2472,41971,
4.555,0.63393,34156,366.747,-2225.09,-13.0147,-5467.84,-82.399,-78.6534,-45.4996,34556.2,203.398,-6072.46,-13.6693,-5395.08,-78.2765,42232.1,
4.56,-0.518751,34193.5,368.903,-1827.07,-13.1091,-5510.96,-81.8798,-78.4826,-45.7679,34494.1,203.3,-5992.86,-14.2282,-5383.27,-79.2811,42488.4,
4.565,-1.76911,34245.6,371.172,-1710.97,-13.1356,-5515.9,-82.0214,-80.3247,-45.8702,34435.6,202.974,-5914.35,-15.1116,-5375.1,-80.2564,42739.7,
4.57,-3.00688,34295,373.361,-1588.72,-13.2213,-5519.36,-81.3326,-77.9712,-46.7799,34380,203.902,-5836.64,-14.477,-5364.5,-81.1985,42983.3,
4.575,-4.27403,34345,375.57,-1474.49,-13.2377,-5523.54,-81.1922,-78.4396,-47.0627,34326.1,203.923,-5759.63,-15.0316,-5355.38,-82.1133,43223,
4.58,-5.56444,34398.1,377.749,-1353.28,-13.2818,-5527.33,-80.8519,-77.9932,-47.176,34269.6,203.777,-5684.03,-15.886,-5346.33,-82.9987,43455.8,
4.585,-6.75579,34451.6,379.987,-1237.86,-13.2786,-5531.14,-80.6566,-78.0578,-47.0116,34219.4,205.049,-5609.76,-15.2239,-5338.28,-83.8597,43682.9,
4.59,-8.08614,34503.7,382.155,-1120.27,-13.292,-5537.56,-80.9107,-78.8039,-46.9265,34167,205.398,-5536.76,-15.7472,-5328.39,-84.6907,43903.4,
4.595,-9.44283,34555.2,384.39,-1005.19,-13.2998,-5540.76,-81.1114,-79.3123,-46.9409,34120.3,205.551,-5464.55,-16.5944,-5317.49,-85.4982,44118.7,
4.6,-10.7864,34608.2,386.643,-889.56,-13.3008,-5546.14,-81.1905,-79.103,-47.6736,34070.1,206.941,-5392.58,-16.1113,-5309.42,-86.2764,44330.7,
4.605,-12.1113,34660.3,388.906,-772.928,-13.2954,-5549.38,-80.2564,-77.3073,-47.9521,34022.3,207.531,-5321.64,-16.7011,-5300.35,-87.0358,44533.7,
4.61,-13.4348,34713.7,391.203,-654.217,-13.2855,-5554.22,-80.8913,-80.711,-48.0458,34022.1,208.032,-5249.98,-17.6071,-5295.18,-87.7716,44740.8,
4.615,-14.8075,34767.1,393.55,-540.69,-13.2796,-5558.23,-81.508,-79.7654,-49.0162,34098.1,209.829,-5174.45,-17.2197,-5290.38,-88.4823,44947.3,
4.62,-16.1777,34821.5,395.908,-423.941,-13.2778,-5566.19,-83.3922,-84.6119,-49.4023,34187.6,210.681,-4739.96,-17.9145,-5296.51,-89.1744,45151.4,
4.625,-16.9541,34875.6,398.087,-303.709,-13.1209,-5568.15,-82.8969,-79.0158,-49.4186,34268.8,209.995,-4633.99,-18.5721,-5297.32,-89.8527,45351.7,
4.63,-18.6845,34926.6,400.657,-191.218,-13.2121,-5574.74,-83.119,-82.3606,-50.8757,34347.8,211.279,-4529.18,-18.326,-5294.8,-90.515,45544.6,
4.635,-20.1104,34978.3,403.132,-73.7293,-13.2309,-5579.41,-83.6778,-82.8998,-50.7023,34426,212.625,-4426.75,-18.9702,-5295.29,-91.159,45735.7,
4.64,-21.5304,35030.4,405.607,41.6841,-13.2445,-5583.99,-84.4761,-84.3982,-50.6286,34507.3,213.58,-4323.53,-19.8667,-5296.8,-91.7959,45924.3,
4.645,-22.84,35081.9,408.135,153.614,-13.2472,-5589.87,-85.2549,-85.1249,-51.3009,34583.2,215.703,-4216.9,-19.7084,-5295.07,-92.4284,46108.8,
4.65,-24.2439,35131.5,410.593,271.017,-13.2639,-5595.52,-85.8305,-85.5586,-51.4518,34663.8,217.133,-4114.19,-20.4396,-5295.41,-93.0504,46291,
4.655,-25.5995,35180.4,413.011,383.787,-13.2706,-5603.46,-86.4741,-87.1418,-51.5636,34742.3,218.566,-4009.42,-21.2937,-5295.71,-93.6648,46471.9,
4.66,-27.0423,35229.5,415.506,490.742,-13.3134,-5604.77,-86.7125,-85.993,-52.2189,34817.3,220.877,-3905.46,-21.3457,-5295.4,-94.2731,46651.9,
4.665,-28.3764,35278.2,417.872,600.865,-13.3313,-5609.99,-87.2133,-87.5737,-52.4165,34893.6,222.619,-3796.82,-22.1116,-5296.18,-94.8755,46826.9,
4.67,-29.7142,35323.7,420.202,711.338,-13.3668,-5614.57,-87.9727,-88.1342,-52.6349,34966.5,224.502,-3692.7,-22.8502,-5296.31,-95.4733,47005,
4.675,-30.9893,35368.8,422.468,816.663,-13.3964,-5617.64,-88.6695,-89.0403,-53.0308,35038.9,226.844,-3589.31,-23.2201,-5296.17,-96.0658,47180.9,
4.68,-32.2887,35414.1,424.674,920.983,-13.4395,-5621.66,-89.3483,-89.3332,-53.2466,35096.1,228.737,-3163.97,-24.0472,-5341.65,-96.6552,47362.8,
4.685,-33.5765,35459.2,426.767,1021.51,-13.4887,-5625.77,-90.4116,-91.504,-53.5981,35165,231.132,-3039.47,-24.5063,-5346.8,-97.2349,47536.4,
4.69,-34.8464,35500,428.72,1121.5,-13.543,-5626.68,-90.8378,-90.1824,-53.788,35236.4,233.116,-2908.93,-25.381,-5347.15,-97.805,47709.2,
4.695,-36.1714,35542.9,430.598,1216.05,-13.6189,-5627.91,-90.9228,-89.4254,-54.2092,35304.5,235.63,-2785.08,-25.7687,-5353.59,-98.3686,47885.4,
4.7,-37.3361,35585,432.399,1304.65,-13.6795,-5630.85,-91.3395,-90.3088,-54.401,35364.3,237.652,-2663.65,-26.6261,-5358.11,-98.9164,48057.7,
4.705,-38.5606,35623.9,434.037,1394.15,-13.7592,-5631.41,-91.8651,-90.2856,-53.3699,35432,239.24,-2540.6,-26.7739,-5360.81,-99.4522,48229.1,
4.71,-39.7436,35664,435.556,1477.86,-13.8428,-5631.79,-92.402,-90.4363,-54.4232,35494.9,241.586,-2427.61,-28.011,-5362.72,-99.9695,48400.6,
4.715,-40.8862,35703.2,436.937,1559.42,-13.932,-5633.55,-93.2262,-91.6462,-55.2536,35557.5,244.342,-2311.84,-28.2506,-5365.16,-100.469,48570.4,
4.72,-41.9739,35738.8,438.251,1634.67,-14.0227,-5630.32,-93.9559,-91.4727,-55.5677,35619.7,246.258,-2205.52,-29.1119,-5367.38,-100.95,48739.5,
4.725,-43.084,35779,439.37,1709.66,-14.1168,-5627.62,-94.8945,-92.5451,-55.6682,35681.7,247.977,-2099.12,-30.0113,-5371.41,-101.404,48910.4,
4.73,-44.2325,35815.6,440.387,1773.85,-14.2255,-5630.15,-95.8528,-94.1013,-56.3443,35742.8,250.402,-1993.97,-30.1747,-5369.7,-101.834,49077.5,
4.735,-45.2992,35849.9,441.284,1840.2,-14.3251,-5628.17,-96.9365,-94.217,-56.5588,35808.4,252.028,-1899.43,-30.9897,-5369.14,-102.234,49242.3,
4.74,-46.2519,35888,442.062,1896.01,-14.4028,-5628.14,-98.0213,-96.3032,-56.8677,35870.8,253.699,-1806.3,-31.6812,-5368.21,-102.605,49406.7,
4.745,-47.2759,35926.1,442.712,1955.53,-14.4899,-5627.49,-99.2411,-96.9479,-57.3936,35934.2,255.656,-1720.78,-32.0552,-5367,-102.938,49567.9,
4.75,-48.3582,35958.5,443.28,2010.4,-14.592,-5624.34,-100.304,-97.5893,-57.7098,35997.6,257.017,-1630.46,-32.8285,-5365.52,-103.239,49728.4,
4.755,-49.3705,35994.6,443.746,2060.16,-14.6761,-5621.98,-101.409,-97.8922,-58.2888,36060.6,258.846,-1550.86,-33.206,-5362.79,-103.499,49884.8,
4.76,-50.3968,36031.3,444.113,2106.51,-14.7504,-5619.56,-102.429,-99.313,-58.7202,36126.3,260.263,-1471.52,-33.7805,-5361.54,-103.72,50039.1,
4.765,-51.4023,36066.7,444.411,2156.66,-14.8186,-5617.54,-103.496,-99.3658,-59.1375,36191.3,261.719,-1395.46,-34.4449,-5359.44,-103.896,50189.2,
4.77,-52.4245,36102.4,444.617,2203.51,-14.8821,-5615.4,-104.485,-100.833,-59.9465,36259.5,263.412,-1331.67,-34.5221,-5354.32,-104.031,50334.9,
4.775,-53.4306,36141.5,444.75,2249.6,-14.9337,-5613.36,-105.58,-101.393,-60.3593,36327.7,264.806,-1259.83,-35.1776,-5352.02,-104.129,50480.5,
4.78,-54.4999,36174.6,444.825,2295.84,-14.9826,-5612.44,-107.181,-105.38,-61.0629,36393.7,266.253,-1194.52,-35.5468,-5349.49,-104.18,50621.1,
4.785,-55.5795,36216,444.832,2345.84,-15.0292,-5610.04,-108.322,-103.716,-61.46,36464,267.396,-1124.99,-36.3219,-5347.01,-104.189,50756.7,
4.79,-56.6872,36252,444.764,2393.03,-15.056,-5605.91,-109.357,-105.252,-61.843,36533.7,268.691,-1065.94,-36.3024,-5344.96,-104.158,50887.8,
4.795,-57.8441,36295.2,444.644,2445,-15.0807,-5606.74,-110.423,-105.97,-62.9974,36604,270.531,-1000.03,-36.6028,-5341.93,-104.088,51015.2,
4.8,-59.0608,36337.1,444.421,2498.44,-15.0975,-5604.94,-111.316,-106.229,-63.7167,36676.2,271.789,-934.439,-37.0867,-5340.15,-103.978,51136.5,
4.805,-60.2448,36386.1,444.179,2555.46,-15.1056,-5606.84,-112.37,-107.985,-64.3451,36748.5,273,-872.141,-37.6503,-5339.21,-103.83,51253.3,
4.81,-61.5039,36430.9,443.809,2604.74,-15.1021,-5604.27,-113.314,-108.425,-65.3724,36819.2,274.628,-808.369,-37.6538,-5339.01,-103.644,51363.9,
4.815,-62.9067,36478.5,443.369,2666.69,-15.1129,-5604.69,-114.343,-109.477,-66.0391,36894.5,275.594,-743.139,-38.2784,-5338.63,-103.422,51471.8,
4.82,-64.3077,36525.2,442.822,2730.23,-15.106,-5603.51,-115.336,-110.598,-67.1002,36968.8,277.165,-681.168,-38.2405,-5338.38,-103.173,51571.6,
4.825,-65.6813,36581.6,442.216,2799.99,-15.082,-5606.32,-116.323,-110.85,-67.8774,37040,278.18,-618.663,-38.6278,-5340.04,-102.891,51666.8,
4.83,-67.2017,36635.8,441.512,2861.75,-15.0737,-5607.94,-117.752,-113.767,-68.7671,37115.7,279.27,-551.653,-38.8473,-5340.78,-102.584,51755.9,
4.835,-68.6573,36695.5,440.72,2937.92,-15.0432,-5610.92,-118.637,-112.953,-69.65,37193.4,280.248,-488.916,-39.0359,-5342.05,-102.245,51839.8,
4.84,-69.9599,36756.6,439.702,3018.13,-14.9585,-5613.25,-119.557,-114.817,-70.6658,37269.3,281.111,-426.607,-39.2213,-5341.57,-101.884,51916.8,
4.845,-71.7506,36822.5,438.736,3095.95,-14.982,-5616.65,-120.742,-116.064,-71.6139,37346.4,281.819,-360.28,-39.3592,-5347.87,-101.499,51989.5,
4.85,-73.4387,36888.1,437.595,3175.36,-14.9612,-5617.96,-121.955,-116.882,-72.6055,37423.8,282.431,-295.671,-39.4844,-5350.08,-101.089,52056.4,
4.855,-75.097,36958.5,436.363,3262.86,-14.9381,-5625.55,-123.699,-121.041,-73.578,37504.5,282.841,-238.398,-39.5307,-5352.77,-100.658,52116.1,
4.86,-76.8045,37030.5,435.007,3352.58,-14.918,-5627.15,-124.865,-119.384,-74.5559,37583.2,283.123,-174.505,-39.6141,-5358.68,-100.205,52171.4,
4.865,-78.5236,37106.2,433.533,3439.26,-14.8646,-5632.52,-126.219,-122.402,-75.571,37664,283.246,-121.499,-39.6408,-5362.67,-99.7373,52218.2,
4.87,-80.2048,37185,431.97,3528.57,-14.8692,-5634.78,-127.866,-123.463,-76.4956,37745.8,283.225,-62.859,-39.6273,-5365.11,-99.2452,52261.3,
4.875,-81.9382,37266,430.257,3620.11,-14.8398,-5641.58,-128.927,-123.858,-77.511,37828.1,283.059,-12.2953,-39.5894,-5371.45,-98.7277,52298,
4.88,-83.5783,37350.1,428.54,3711.04,-14.814,-5644.68,-129.938,-124.773,-78.5032,37911.7,282.725,42.2002,-39.5102,-5377.86,-98.1912,52327.5,
4.885,-85.3913,37435.4,426.591,3794.7,-14.7933,-5651.59,-131.338,-127.739,-79.4565,37997.8,282.295,93.6979,-39.3932,-5381.89,-97.6349,52350.4,
4.89,-87.1644,37523.4,424.644,3887.05,-14.7759,-5657.3,-133.097,-129.152,-80.4109,38083.7,281.752,140.182,-39.2572,-5386.17,-97.0492,52368.3,
4.895,-88.8643,37613.8,422.618,3972.38,-14.7351,-5662.55,-134.206,-129.969,-81.3631,38169.4,281.101,184.091,-39.1009,-5391.98,-96.4372,52380.8,
4.9,-90.5698,37705.7,420.516,4063.2,-14.6924,-5668.61,-135.382,-131.201,-82.3097,38257,280.357,226.218,-38.9237,-5398.58,-95.7934,52387.2,
4.905,-92.2545,37795.9,418.386,4146.25,-14.6504,-5673.61,-136.976,-133.7,-83.2677,38342.7,279.563,257.76,-38.7423,-5402.64,-95.1276,52384.5,
4.91,-93.9636,37894.4,416.171,4234.16,-14.6212,-5679.3,-138.057,-134.286,-84.1662,38428.6,278.72,290.42,-38.5419,-5407.6,-94.4303,52376.3,
4.915,-95.5797,37987.6,413.962,4320.88,-14.594,-5684.59,-138.716,-134.794,-85.0105,38512.4,277.83,318.5,-38.3268,-5414.23,-93.6994,52363.9,
4.92,-97.1832,38083.4,411.794,4397.98,-14.5619,-5690.03,-139.693,-136.306,-85.8836,38596.1,276.964,342.437,-38.0728,-5417.38,-92.9416,52341.3,
4.925,-98.6747,38179.5,409.564,4478.73,-14.5582,-5696.24,-140.412,-137.138,-86.6308,38679.2,275.984,368.082,-37.8637,-5423.12,-92.1414,52313.7,
4.93,-100.262,38273.8,407.38,4557.92,-14.5533,-5701.8,-141.216,-138.264,-87.4423,38761.9,274.997,393.55,-37.6216,-5429.45,-91.3039,52278.8,
4.935,-101.995,38371.2,405.161,4638.09,-14.6042,-5708.23,-141.703,-138.604,-88.2259,38841,273.986,414.152,-37.3564,-5435.27,-90.4295,52237.7,
4.94,-103.066,38464.3,402.901,4714.25,-14.5153,-5714.07,-142.682,-140.355,-88.9401,38921.1,272.938,424.798,-37.074,-5441.47,-89.5194,52189.5,
4.945,-104.55,38557.5,400.845,4779.96,-14.5355,-5718.36,-143.025,-140.231,-89.6618,39001.2,271.884,436.875,-36.7813,-5447.55,-88.565,52132.8,
4.95,-106.099,38651.9,398.871,4851.37,-14.5758,-5725.42,-143.103,-140.649,-90.3337,39076.6,270.799,445.091,-36.4596,-5452.34,-87.5765,52070.9,
4.955,-107.353,38741.6,396.721,4916.38,-14.5524,-5731.49,-143.576,-141.108,-90.9908,39151.3,269.652,452.955,-36.0981,-5460.37,-86.5386,51998.9,
4.96,-108.445,38829.7,394.74,4980.48,-14.5268,-5738.72,-143.637,-141.455,-91.5799,39224.3,268.482,456.704,-35.7274,-5466.42,-85.4823,51916.5,
4.965,-109.492,38913.1,392.796,5039.65,-14.4975,-5744.74,-144.467,-142.399,-92.1558,39294.1,267.254,457.476,-35.319,-5473.45,-84.3662,51834.2,
4.97,-110.502,38995.8,390.836,5095.62,-14.4601,-5751.27,-144.271,-142.497,-92.6847,39362.1,265.95,453.796,-34.8847,-5481.13,-83.2118,51739.8,
4.975,-111.453,39075,388.902,5144.08,-14.4166,-5758.22,-145.075,-144.07,-93.1776,39428.4,264.559,447.896,-34.4275,-5488.61,-82.0174,51638.8,
4.98,-112.304,39148.8,386.988,5187.57,-14.3668,-5764.27,-144.825,-143.694,-93.6612,39494.5,263.082,435.328,-33.9475,-5495.56,-80.7798,51527.5,
4.985,-113.043,39217.6,385.074,5225.77,-14.3081,-5770.2,-145.689,-146.845,-94.0618,39555.9,261.49,416.711,-33.4374,-5501.89,-79.4986,51409.1,
4.99,-113.728,39286.2,383.116,5268.08,-14.2471,-5773.03,-145.773,-143.033,-94.3507,39617.3,259.817,392.948,-32.9006,-5509.56,-78.1775,51282.7,
4.995,-114.295,39352.6,381.135,5287.29,-14.1786,-5782.46,-147.991,-146.386,-94.779,39676,258.022,361.354,-32.3602,-5515.21,-76.8197,51146.7,
5,-114.753,39414.1,379.1,5308.09,-14.1023,-5788.82,-142.924,-147.504,-95.0166,39730.3,256.161,323.43,-31.7791,-5522.17,-75.4189,51003.7,
5.005,-115.132,39469,377.003,5320.3,-14.0263,-5793.14,-148.303,-146.88,-95.2249,39786.1,254.188,279.012,-31.1681,-5526.04,-73.9818,50851.2,
5.01,-115.369,39525.3,374.863,5325.68,-13.9468,-5799.26,-145.641,-148.024,-95.3693,39835.9,252.157,226.811,-30.5301,-5530.77,-72.5028,50690,
5.015,-115.512,39572.8,372.633,5321.78,-13.8595,-5802.74,-146.211,-147.087,-95.48,39885.4,250.074,167.672,-29.8826,-5535.92,-70.99,50523.1,
5.02,-115.532,39618.8,370.334,5309.87,-13.7574,-5807.6,-145.984,-147.63,-95.5826,39928.6,247.951,99.4026,-29.2125,-5538.9,-69.4414,50343.5,
5.025,-115.562,39661.4,367.95,5287.54,-13.669,-5810.87,-146.234,-148.636,-95.5665,39969.3,245.801,23.7815,-28.5156,-5542.2,-67.8608,50157.5,
5.03,-115.374,39701,365.542,5254.16,-13.5571,-5813.55,-146.32,-148.563,-95.5318,40008.5,243.633,-59.7007,-27.7985,-5544.59,-66.2458,49960.3,
5.035,-115.104,39739.1,363.056,5216.47,-13.4267,-5817.82,-146.091,-147.901,-95.4999,40042.1,241.479,-146.329,-27.0703,-5548.19,-64.6046,49760.6,
5.04,-114.754,39773.3,360.53,5168.14,-13.2947,-5819.63,-145.614,-147.75,-95.3603,40073.1,239.333,-246.34,-26.318,-5550.87,-62.9308,49547.7,
5.045,-114.312,39803.2,357.966,5108.98,-13.1523,-5821.8,-144.663,-147.417,-95.2396,40101.1,237.216,-352.066,-25.5659,-5557.1,-61.2299,49328.8,
5.05,-113.775,39829.3,355.378,5040.42,-12.9928,-5822.2,-143.998,-146.988,-94.9913,40125.2,235.189,-464.313,-24.7904,-5554.67,-59.5087,49099.4,
5.055,-113.054,39855.4,352.797,4963.78,-12.8131,-5822.02,-142.551,-144.849,-94.806,40143.5,233.218,-577.189,-24.0279,-5556.12,-57.7658,48863.8,
5.06,-112.442,39874.7,350.144,4881.09,-12.6359,-5822.74,-141.168,-145.512,-94.4658,40158.2,231.345,-700.26,-23.2443,-5558.46,-56.0031,48619.5,
5.065,-111.641,39892.2,347.423,4783.37,-12.4513,-5821.9,-139.895,-143.999,-94.1127,40167.5,229.527,-826.453,-22.4532,-5556.35,-54.2283,48365.9,
5.07,-110.408,39908.2,344.892,4684.7,-12.1539,-5821.73,-138.945,-142.409,-93.7379,40175.9,227.816,-954.171,-21.6657,-5559.15,-52.4422,48107.1,
5.075,-109.91,39920.3,342.468,4574.49,-12.026,-5820.97,-137.585,-141.47,-93.6788,40178.3,226.369,-1091.51,-20.9704,-5559.05,-50.6457,47839.5,
5.08,-108.743,39927.9,339.727,4459.05,-11.7205,-5819.55,-136.268,-140.823,-93.0471,40172.6,224.686,-1231.21,-20.1241,-5558.08,-48.8402,47564.5,
5.085,-107.582,39935.1,337.417,4336.16,-11.4629,-5817.82,-135.435,-141.15,-92.4828,40170.2,223.161,-1370.82,-19.3101,-5558.46,-47.0304,47279.5,
5.09,-106.533,39937.4,335.046,4208.91,-11.1899,-5815.51,-134.618,-140.088,-91.938,40156.2,221.73,-1511.85,-18.52,-5558.2,-45.215,46991.5,
5.095,-105.459,39933.2,332.777,4074.24,-10.896,-5811.61,-133.779,-138.313,-91.5026,40145.2,220.37,-1648.75,-17.7449,-5556.79,-43.3979,46694.1,
5.1,-104.218,39933.5,330.593,3933.85,-10.5667,-5811.76,-132.953,-138.951,-90.9834,40131.8,219.069,-1795.77,-16.9629,-5557.55,-41.583,46388.1,
5.105,-102.889,39924.1,328.496,3788.63,-10.2162,-5808.76,-131.598,-137.109,-90.4134,40115.9,217.754,-1947.04,-16.1585,-5555.37,-39.7673,46076.5,
5.11,-101.632,39916,326.465,3638.62,-9.8664,-5805.91,-128.192,-137.936,-89.9291,40096.8,216.487,-2093.21,-15.3754,-5557.13,-37.9499,45759.7,
5.115,-100.187,39902.5,324.552,3485.99,-9.48302,-5804.06,-127.829,-138.294,-89.2998,40075.4,215.128,-2246,-14.5566,-5557.01,-36.1255,45431,
5.12,-98.8093,39886.9,322.693,3328.39,-9.09011,-5799.88,-126.963,-137.193,-88.8111,40055.9,213.804,-2396.69,-13.7674,-5551.11,-34.2782,45099.1,
5.125,-97.2974,39870.6,320.903,3166.33,-8.6655,-5795.92,-126.225,-136.085,-88.314,40035.5,212.395,-2548.36,-12.9662,-5547.02,-32.4187,44753.7,
5.13,-96.099,39849.5,319.235,3002.1,-8.30009,-5791.39,-125.352,-135.394,-87.7713,40010.8,210.915,-2700.27,-12.1471,-5544.3,-30.5435,44407.7,
5.135,-94.4517,39832.1,317.441,2832.96,-7.82102,-5788.98,-124.377,-134.572,-88.8535,39989.7,210.335,-2857.62,-11.7425,-5540.35,-28.6434,44050.6,
5.14,-92.7337,39807.8,315.77,2662,-7.34067,-5783.41,-123.324,-132.892,-87.1634,39969.3,208.108,-3019.98,-10.6124,-5538.11,-26.721,43686.6,
5.145,-91.1176,39783.7,314.041,2492.58,-6.86861,-5779.16,-121.938,-132.248,-86.3196,39947.2,206.258,-3172.88,-9.67994,-5533.53,-24.7672,43313.3,
5.15,-89.4477,39760.2,312.371,2311.41,-6.39645,-5773.46,-120.731,-130.792,-85.663,39925.3,204.455,-3339.37,-8.78735,-5527.85,-22.7771,42932.7,
5.155,-87.7565,39737.1,310.606,2129.59,-5.8928,-5769.35,-119.319,-128.58,-85.1951,39906.1,202.635,-3501.64,-7.90789,-5522.26,-20.7475,42541.1,
5.16,-86.1155,39709.5,308.838,1942.56,-5.39537,-5762.25,-118.102,-127.64,-84.6476,39891.2,200.73,-3662.2,-7.00635,-5517.94,-18.6764,42140.2,
5.165,-84.4023,39682.1,307.024,1755.88,-4.87624,-5755.45,-116.605,-125.025,-84.1534,39867,198.857,-3829.92,-6.10608,-5512.07,-16.5592,41732.2,
5.17,-82.6359,39657.7,305.173,1567.79,-4.3475,-5749.31,-115.428,-124.984,-83.6515,39850.9,196.973,-3997.57,-5.19647,-5504.72,-14.3964,41310.2,
5.175,-80.946,39632,303.28,1374.33,-3.81444,-5740.75,-113.932,-119.798,-83.221,39835.8,195.03,-4167.58,-4.27585,-5498.29,-12.1846,40880.2,
5.18,-79.1521,39606.6,301.371,1176.71,-3.25456,-5733.18,-112.68,-118.904,-82.7663,39816.1,193.022,-4331.56,-3.33273,-5490.25,-9.92921,40439.1,
5.185,-77.4133,39579.5,299.418,983.981,-2.69438,-5723.85,-111.448,-117.265,-82.2654,39803.4,191.083,-4513.19,-2.39895,-5482.03,-7.62037,39985.8,
5.19,-75.6377,39555.5,297.504,783.511,-2.12062,-5715.6,-109.943,-115.381,-81.8377,39789.6,189.168,-4678.7,-1.45634,-5471.98,-5.26603,39520,
5.195,-73.8065,39533.2,295.572,583.858,-1.51281,-5708.17,-108.76,-116.965,-81.4533,39771.7,187.277,-4852.23,-0.515362,-5461.88,-2.8628,39042,
5.2,-72.0603,39507.2,293.736,378.223,-0.922361,-5694.85,-107.702,-113.379,-80.9532,39761.1,185.445,-5028.37,0.435694,-5454.21,-0.410898,38551.8,
5.205,-70.3626,39484.4,291.927,171.869,-0.310671,-5686.06,-106.335,-111.485,-80.5182,39744.5,183.816,-5200.12,1.3848,-5444.04,2.08389,38051.1,
5.21,-68.9083,39459.2,290.341,-31.359,0.243708,-5675.85,-105.268,-111.606,-80.1529,39734.5,182.098,-5373.73,2.32115,-5434.46,4.61919,37534.8,
5.215,-66.9189,39436.9,288.614,-233.977,0.942314,-5666.65,-104.092,-109.973,-79.6751,39717.4,180.47,-5546.22,3.26477,-5425.07,7.19472,37006.4,
5.22,-64.967,39407.3,287.01,-431.311,1.65271,-5655.72,-102.38,-106.501,-79.3262,39706.3,178.945,-5717.76,4.18287,-5413.25,9.80169,36464.1,
5.225,-63.2015,39376.1,285.554,-634.46,2.33893,-5645,-101.383,-108.669,-78.8831,39697.2,177.538,-5881.19,5.10548,-5402.94,12.4333,35901.8,
5.23,-61.3449,39348.5,284.284,-836.737,3.05374,-5635.82,-100.473,-108.772,-78.3877,39696.7,176.252,-6036.65,6.0103,-5396.88,15.0862,35305.2,
5.235,-59.5272,39314.8,283.118,-1032.62,3.79288,-5623.83,-99.7778,-107.287,-78.1027,39724.4,175.228,-6487.53,6.86007,-5345.87,17.7489,34677.7,
5.24,-57.6473,39279.9,282.131,-1231.84,4.55708,-5613.82,-99.0562,-106.625,-77.5855,39734.1,174.228,-6602.01,7.71722,-5345.07,20.4235,34035.9,
5.245,-55.8517,39240.4,281.266,-1425.55,5.33681,-5603.72,-98.3057,-105.916,-77.202,39746.8,173.675,-6712.37,8.5423,-5343.25,23.0874,33376.1,
5.25,-53.9974,39200.9,280.516,-1625.6,6.16311,-5593.86,-97.4978,-105.18,-75.5602,39767,172.767,-6818.04,9.45866,-5341.39,25.7643,32699.1,
5.255,-52.0554,39158.3,279.983,-1812.35,7.01978,-5585.25,-96.6226,-103.771,-76.0181,39775.7,172.234,-6916.38,10.1399,-5340.86,28.4462,32011.8,
5.26,-50.131,39108,279.63,-2005.14,7.89071,-5574.23,-95.5529,-102.146,-75.8056,39791.4,171.748,-7016.46,10.8518,-5341.49,31.1229,31309,
5.265,-48.1165,39058.2,279.436,-2194.34,8.79748,-5565.33,-94.5947,-101.806,-75.5022,39802.4,171.39,-7107.78,11.5378,-5342.38,33.7804,30594.5,
5.27,-47.3634,39001.8,280.145,-2383.14,9.3911,-5557.09,-93.5751,-100.015,-74.945,39818,171.085,-7199.02,12.2112,-5340.52,36.4019,29867.7,
5.275,-44.4372,38942.4,279.743,-2565.86,10.5722,-5548.91,-92.5611,-99.3103,-74.4043,39829.9,170.882,-7284.98,12.8537,-5341.48,38.9778,29132,
5.28,-42.0455,38887.6,279.851,-2737.89,11.6236,-5542.41,-90.9309,-97.0487,-73.9123,39832.3,171.08,-7688.1,13.4623,-5345.09,41.4914,28386.2,
5.285,-39.8638,38831.3,280.397,-2903.75,12.6004,-5540.1,-90.2039,-98.0108,-72.8445,39848.4,170.895,-7735.89,13.982,-5346.6,43.9321,27632.5,
5.29,-37.5792,38778.4,280.753,-3060.16,13.6544,-5535.95,-89.7579,-97.7377,-72.6012,39861.9,170.929,-7781.2,14.5319,-5346.94,46.2882,26872.4,
5.295,-35.2709,38723.2,281.387,-3212.66,14.686,-5533.76,-89.0745,-96.2785,-70.8735,39971.2,170.721,-7821.25,15.1748,-5354.88,48.5421,26111.1,
5.3,-33.0059,38681.6,282.253,-3676,15.7002,-5486.25,-88.0985,-95.4414,-69.9933,40166.4,170.697,-7857.02,15.7005,-5371.86,50.6537,25357.7,
5.305,-30.5931,38619.3,283.129,-3789.73,16.7412,-5490.52,-86.9265,-94.5797,-69.2839,40361,170.741,-7891.6,16.175,-5387.91,52.6107,24602.4,
5.31,-28.1633,38554.8,284.17,-3898.63,17.7886,-5494.76,-85.5255,-93.1729,-68.6495,40560.5,170.836,-7928.92,16.6026,-5400.56,54.4329,23849.5,
5.315,-25.6821,38485.6,285.16,-4004.62,18.8212,-5500.69,-84.7712,-93.5441,-68.023,40752.4,170.962,-7963.92,16.997,-5414.33,56.1115,23100.7,
5.32,-23.1884,38413.9,286.187,-4108.77,19.8421,-5506.63,-83.4328,-91.8325,-67.3898,40949.9,171.13,-7996.5,17.3605,-5431.79,57.6381,22356.8,
5.325,-20.6134,38343,287.274,-4211.49,20.8489,-5512.2,-81.8773,-90.6998,-66.7342,41145.9,171.338,-8029.13,17.6883,-5448.37,59.0097,21619.1,
5.33,-18.0484,38267.6,288.652,-4315.05,21.8326,-5517.56,-80.2913,-88.9568,-66.0563,41336.4,171.583,-8061.45,17.9896,-5463.3,60.2163,20886.5,
5.335,-14.6865,38189.3,289.851,-4416.52,22.8562,-5524.6,-79.1604,-88.4628,-65.3653,41525.9,171.861,-8093.56,18.2581,-5477.62,61.2635,20165,
5.34,-12.6551,38110.4,290.969,-4517.22,23.7012,-5529.67,-77.6645,-86.7132,-64.6702,41743.2,172.181,-8129.59,18.5005,-5496.06,62.1422,19453.5,
5.345,-10.2913,38047.5,292.434,-4942.31,24.5443,-5539.14,-76.3161,-85.8243,-64.0976,42116.4,172.548,-8185.97,18.7374,-5534.29,62.8482,18752.9,
5.35,-7.27903,38165.6,293.62,-4996.86,25.3311,-5555.55,-75.052,-84.8397,-63.4363,42481.3,172.941,-8242.65,18.9332,-5571.99,63.3899,18067.7,
5.355,-4.81922,38283.4,294.78,-5049.64,26.1411,-5577.08,-74.3482,-84.7493,-62.7757,42845.8,173.368,-8301.59,19.1067,-5608.87,63.7709,17394.9,
5.36,-2.14881,38395.6,295.972,-5104.81,26.9011,-5596.07,-73.222,-83.5025,-62.1119,43200.2,173.827,-8359.79,19.2569,-5646.85,64.003,16741.6,
5.365,0.467842,38504.1,297.207,-5162.02,27.5848,-5614.5,-71.8279,-81.5414,-61.4813,43564.4,174.321,-8421.72,19.3828,-5680.1,64.0917,16103.2,
5.37,4.65712,38608.4,298.507,-5220.86,28.3739,-5633.52,-70.0811,-79.4763,-60.9112,43943.5,174.831,-8484.2,19.4794,-5710.71,64.0495,15486.4,
5.375,7.9574,38713.3,299.776,-5281.62,29.0049,-5652.9,-69.1686,-79.7611,-60.3191,44318.4,175.372,-8549.93,19.5576,-5740.04,63.8863,14885.1,
5.38,11.0941,38816.1,301.061,-5345.2,29.5498,-5671.11,-68.1758,-79.3221,-59.7309,44687,176.34,-8642.43,19.5744,-5766.18,63.6191,14303.2,
5.385,14.1483,38913.1,302.36,-5409.87,30.0199,-5689.06,-67.1223,-77.5566,-59.1104,45050.6,176.867,-8709.69,19.6293,-5795.67,63.2775,13739.5,
5.39,17.2079,39010.1,303.679,-5477.51,30.4252,-5705.8,-65.4068,-74.6955,-58.4532,45404.7,177.404,-8781.51,19.6686,-5823.11,62.8219,13195.3,
5.395,20.2857,39123.6,305.019,-5548.5,30.7745,-5728.39,-63.9453,-73.0988,-57.7854,45750.5,177.935,-8854.65,19.7061,-5849.86,62.3069,12670.9,
5.4,23.2779,39389.4,306.412,-5649.41,31.0866,-5767.28,-61.4146,-70.072,-57.1014,46090.6,178.461,-8927.47,19.7343,-5878.81,61.7371,12162.6,
5.405,26.4202,39651.4,307.825,-5751.55,31.3351,-5808.95,-61.2849,-69.3447,-56.4038,46426.4,178.976,-9009.09,19.7532,-5902.85,61.1341,11671.3,
5.41,29.5813,39910.8,309.263,-5858.23,31.5439,-5849.04,-60.0634,-68.4139,-55.7017,46750.9,179.459,-9088.46,19.7705,-5928.33,60.4966,11198,
5.415,32.7801,40162.3,310.712,-5968.73,31.711,-5885.28,-58.8679,-64.8041,-54.9896,47071.8,179.929,-9169.92,19.7811,-5954.23,59.8503,10741.2,
5.42,36.0148,40415,312.178,-6079.96,31.8329,-5925.08,-57.1853,-66.5796,-54.2719,47386.6,180.38,-9257.08,19.788,-5976.99,59.1954,10297,
5.425,39.2464,40691,313.654,-6195.26,31.9063,-5958.99,-56.4313,-66.2372,-53.5526,47692.9,180.797,-9343.23,19.788,-6001.33,58.5424,9868.56,
5.43,42.5234,40963.1,315.442,-6330.8,31.9094,-5989.25,-56.7545,-65.5702,-52.8355,47992.4,181.182,-9432.08,19.7837,-6024.09,57.9005,9453.37,
5.435,45.8719,41227.1,316.903,-6452.98,31.9137,-6019.87,-55.47,-65.5572,-52.1156,48286.6,181.553,-9522.82,19.7709,-6046.95,57.2745,9051.8,
5.44,49.249,41490,318.378,-6578.35,31.8992,-6051.86,-55.3775,-65.187,-51.4032,48576.9,181.885,-9617.88,19.7511,-6067.11,56.6736,8659.29,
5.445,52.628,41745.9,319.832,-6706.92,31.8768,-6082.8,-55.3417,-65.904,-50.6929,48858.6,182.196,-9711.78,19.7264,-6088.91,56.1004,8279.69,
5.45,56.0538,42001.1,321.266,-6841.88,31.8205,-6111.47,-54.4444,-66.6758,-50.0723,49141.8,182.492,-9808.02,19.6978,-6109.69,55.5348,7909.09,
5.455,59.5236,42247.9,322.655,-6978.16,31.7304,-6140.77,-55.2258,-67.5536,-49.5175,49425.2,182.769,-9907.46,19.6697,-6130.07,54.9496,7548.27,
5.46,63.0364,42497.2,324.003,-7119.47,31.6063,-6171.22,-54.9718,-68.0825,-48.953,49704,183.029,-10008.2,19.6324,-6149.37,54.3956,7195.36,
5.465,66.5925,42742.3,325.297,-7266.22,31.4491,-6198.98,-54.3964,-66.7606,-48.3799,49975.9,183.286,-10111.1,19.5912,-6168.02,53.8752,6850.04,
5.47,70.1873,42982.8,326.537,-7413.68,31.2592,-6227.17,-54.0525,-67.2508,-47.8018,50245,183.523,-10218.7,19.5466,-6183.47,53.3885,6510.33,
5.475,73.8227,43225.8,327.715,-7566.61,31.0336,-6256.65,-54.6961,-68.5015,-47.2116,50503.5,183.752,-10322.6,19.4917,-6202.13,52.9363,6179.64,
5.48,77.4926,43463.5,328.822,-7722.71,30.774,-6283.8,-53.3324,-66.4931,-46.606,50763.7,183.983,-10431.5,19.4326,-6218.11,52.5255,5849.99,
5.485,81.1906,43698.4,329.859,-7883.27,30.4779,-6309.99,-53.9341,-67.2845,-45.9866,51022.6,184.211,-10543.8,19.3732,-6235.33,52.1508,5526.59,
5.49,84.8193,43940.9,330.818,-8047.63,30.1546,-6337.16,-54.1369,-67.8541,-45.3495,51262.6,184.435,-10652.8,19.3126,-6247.42,51.8185,5206.1,
5.495,88.4828,44178.6,331.707,-8216.39,29.7923,-6360.73,-51.0946,-62.8524,-44.6952,51514,184.651,-10768,19.2548,-6263.62,51.5257,4889.17,
5.5,92.1794,44416.7,332.514,-8387.26,29.3933,-6386.47,-55.3143,-63.2177,-44.0181,51755.7,184.864,-10882.5,19.194,-6278.2,51.2737,4573.13,
5.505,95.9066,44654.4,333.246,-8561.15,28.9544,-6412.54,-53.7337,-63.0633,-43.3275,51995.9,185.065,-11000.9,19.142,-6291.62,51.0682,4258.6,
5.51,99.6593,44889.3,333.898,-8737.48,28.4799,-6438.35,-49.7725,-62.8438,-42.6188,52235.4,185.253,-11121.1,19.1002,-6304.88,50.9039,3942.9,
5.515,103.44,45126,334.475,-8919.54,27.9753,-6460.6,-52.8031,-62.3185,-41.8729,52468.8,185.433,-11242.6,19.0885,-6317.47,50.7841,3627.27,
5.52,107.247,45357,334.979,-9100.45,27.4411,-6485.6,-51.1283,-65.2888,-41.1143,52701.5,185.587,-11368.6,19.1012,-6327.55,50.6868,3309.17,
5.525,111.082,45594.5,335.405,-9289.22,26.8815,-6507.4,-49.2032,-62.5647,-40.3197,52928.2,185.724,-11488.7,19.1507,-6344.4,50.5598,2991.09,
5.53,114.944,45828.9,335.767,-9478.56,26.3007,-6530.15,-48.1319,-63.5788,-39.4887,53155.5,185.84,-11616.8,19.2259,-6354.96,50.4887,2665.9,
5.535,118.838,46061.2,336.058,-9672.35,25.6968,-6550.94,-48.9445,-64.6106,-38.6002,53380.4,185.944,-11744.9,19.3041,-6368.01,50.4824,2339.47,
5.54,122.771,46291.7,336.293,-9866.56,25.0736,-6571.32,-48.7924,-65.4001,-37.6861,53610,186.016,-11879.9,19.421,-6377.16,50.5455,1999.02,
5.545,126.731,46527.6,336.468,-10066.6,24.4405,-6592.79,-47.6625,-65.6449,-36.7395,53831.2,186.041,-12011.1,19.5549,-6388.23,50.459,1657.31,
5.55,130.728,46759,336.586,-10268.3,23.7924,-6612.05,-50.0665,-66.3479,-35.7559,54061.7,186.025,-12148.2,19.709,-6400.4,50.4246,1301.6,
5.555,134.756,46988.2,336.655,-10471,23.1326,-6631.39,-51.4847,-69.8344,-34.7355,54287.2,185.964,-12286.9,19.8825,-6407.64,50.4737,936.196,
5.56,138.824,47225.9,336.673,-10680.4,22.4688,-6651.94,-53.6469,-71.3551,-33.6818,54514.6,185.85,-12426.9,20.0727,-6417.91,50.6105,563.393,
5.565,142.928,47458.9,336.643,-10891.9,21.8192,-6670.11,-50.268,-70.5597,-32.5865,54744.2,185.693,-12570.6,20.2807,-6425.51,50.8373,170.668,
5.57,147.066,47688.2,336.566,-11104.6,21.1768,-6688.13,-51.8281,-72.668,-31.4555,54977.1,185.479,-12717.1,20.5031,-6432.69,51.1492,-233.849,
5.575,151.237,47922.1,336.429,-11319.1,20.5623,-6706.66,-52.5877,-74.4768,-30.2762,55214.3,185.223,-12864.9,20.7405,-6440.78,51.5428,-655.246,
5.58,155.431,48155,336.228,-11540.4,19.9678,-6722.39,-54.2385,-75.3702,-29.0435,55453.1,184.926,-13014.8,20.9896,-6447.89,52.0205,-1093.25,
5.585,159.641,48388.9,335.955,-11761.5,19.3957,-6739.5,-53.7011,-76.3457,-27.7471,55692.7,184.6,-13164.8,21.262,-6455.83,52.5733,-1547.3,
5.59,163.855,48623.9,335.587,-11985.5,18.8437,-6755.79,-55.2147,-76.948,-26.3845,55946.7,184.249,-13325.2,21.5543,-6461.97,53.2004,-2027.91,
5.595,168.064,48857.1,335.113,-12209.6,18.3028,-6771.36,-55.2709,-78.8407,-24.9389,56196.6,183.876,-13483,21.8661,-6468.12,53.896,-2522.34,
5.6,172.257,49095.6,334.53,-12437.4,17.7702,-6787.67,-58.2878,-80.3669,-23.405,56448.2,183.49,-13638.2,22.2029,-6478.31,54.655,-3037.24,
5.605,176.421,49333.4,333.826,-12666.4,17.2465,-6801.9,-57.6701,-80.8285,-21.7621,56708,183.1,-13801.2,22.5708,-6486.29,55.4661,-3574.84,
5.61,180.546,49574.5,332.988,-12898.3,16.7264,-6815.99,-61.107,-83.2152,-19.9962,56977.4,182.711,-13972.6,22.9637,-6493.22,56.3198,-4138.92,
5.615,184.63,49816.5,332.022,-13130.5,16.2105,-6828.98,-60.5074,-83.7201,-18.1054,57246.4,182.319,-14144.4,23.3941,-6501.38,57.2151,-4723.75,
5.62,188.664,50062.9,330.925,-13363.6,15.6987,-6842.78,-62.9824,-85.1087,-16.0676,57521.4,181.932,-14323.8,23.8626,-6508.37,58.1344,-5333.26,
5.625,192.647,50311.2,329.701,-13598.1,15.1899,-6855.25,-63.0738,-86.3383,-13.8804,57795,181.533,-14501.8,24.3676,-6518.27,59.0739,-5963.61,
5.63,196.579,50561.5,328.351,-13834.4,14.6849,-6866.61,-65.1533,-87.5885,-11.5307,58081.8,181.133,-14695.8,24.9133,-6525.25,60.0233,-6624.81,
5.635,200.459,50816.4,326.878,-14074.2,14.1932,-6877.04,-64.9725,-88.5155,-9.00549,58372.2,180.734,-14891.8,25.4987,-6534.27,60.9724,-7309.65,
5.64,204.276,51075.4,325.279,-14315,13.7249,-6886.44,-68.4833,-90.4973,-6.30634,58664.4,180.31,-15093.1,26.1238,-6543.98,61.9121,-8020.01,
5.645,208.051,51339.5,323.563,-14556.7,13.2688,-6897.14,-67.8329,-93.5244,-3.43333,58963.3,179.875,-15303.1,26.8008,-6553.87,62.8374,-8757.35,
5.65,211.779,51607.5,321.729,-14802.7,12.8285,-6905.45,-70.3162,-93.8432,-0.373749,59262.2,179.409,-15519.3,27.5076,-6563.73,63.7566,-9521.01,
5.655,215.467,51883.2,319.777,-15052,12.4116,-6913.46,-71.9162,-93.5107,2.8755,59567.6,178.908,-15741.4,28.2445,-6575.68,64.6381,-10311.9,
5.66,219.113,52159.8,317.702,-15303.4,12.0241,-6920.2,-76.0523,-95.2573,6.3007,59874.7,178.372,-15973.4,29.0187,-6586.26,65.4899,-11129.5,
5.665,222.717,52445.1,315.5,-15557.7,11.6731,-6928.25,-72.1856,-96.8149,9.91541,60182.5,177.8,-16211.7,29.8218,-6596.86,66.3083,-11973.6,
5.67,226.285,52741.4,313.161,-15818,11.3631,-6935.69,-74.3714,-96.487,13.6915,60493,177.165,-16455,30.6519,-6609.97,67.0793,-12844.3,
5.675,229.823,53039.3,310.692,-16081.3,11.0985,-6942.23,-70.8919,-96.7143,17.6269,60804.8,176.475,-16707.3,31.5039,-6622.72,67.7927,-13739.5,
5.68,233.327,53345.6,308.079,-16349,10.889,-6949.12,-72.3917,-97.3929,21.7173,61115.1,175.729,-16966,32.3755,-6635.04,68.4415,-14651.4,
5.685,236.801,53657.4,305.326,-16622.8,10.7401,-6954.21,-73.6246,-97.1203,25.9416,61424.8,174.906,-17232.7,33.2554,-6646.35,69.0231,-15575.1,
5.69,240.242,53978.1,302.42,-16903.5,10.6603,-6959.46,-73.381,-98.7253,30.2914,61732.4,174.009,-17501.9,34.151,-6658.7,69.534,-16511.4,
5.695,243.662,54306.3,299.368,-17188.9,10.6484,-6964.9,-72.945,-99.0248,34.7419,62040.4,173.021,-17779.3,35.0453,-6670.82,69.9765,-17464.1,
5.7,247.058,54643.9,296.172,-17480.6,10.7123,-6970.49,-73.1471,-99.2533,39.2735,62342.8,171.946,-18062.1,35.9377,-6680.91,70.3453,-18429.8,
5.705,250.43,54987.3,292.826,-17781.6,10.8576,-6973.78,-71.962,-98.5925,43.8562,62645.7,170.767,-18346.8,36.8112,-6692.7,70.6487,-19417.2,
5.71,253.776,55338.5,289.33,-18086.2,11.0785,-6978.3,-70.4586,-98.1131,48.4654,62941.7,169.485,-18635.4,37.6592,-6702.31,70.8933,-20421.6,
5.715,257.105,55698.6,285.69,-18401.4,11.378,-6981.87,-70.742,-100.126,53.0788,63233.8,168.102,-18922.9,38.4738,-6712.62,71.0803,-21441.1,
5.72,260.391,56066.8,281.903,-18722.3,11.7669,-6984.98,-70.1608,-96.8624,57.6689,63521.3,166.619,-19211.6,39.2351,-6721.38,71.2302,-22472.2,
5.725,263.634,56441.3,277.98,-19045.9,12.2335,-6990.57,-73.07,-98.4524,62.1904,63808,165.031,-19502.7,39.9348,-6729.45,71.3483,-23507.4,
5.73,266.832,56824.1,273.931,-19378.1,12.7656,-6993.77,-77.1541,-96.0999,66.5956,64089.9,163.356,-19791.3,40.5637,-6736.87,71.4514,-24541,
5.735,269.967,57214.3,269.763,-19714.7,13.3657,-6997.03,-70.8658,-94.891,70.8777,64373.1,161.601,-20083.7,41.1134,-6741.85,71.5504,-25589.1,
5.74,273.022,57609.8,265.484,-20055.1,14.0246,-7000.81,-78.1543,-94.6132,75.0246,64651.1,159.769,-20367.3,41.5832,-6747.92,71.6162,-26657,
5.745,275.97,58017.3,261.099,-20401.6,14.758,-7005.99,-68.2452,-92.0319,78.9992,64926.1,157.869,-20648.6,41.9649,-6751.85,71.6337,-27736.2,
5.75,278.808,58420.4,256.631,-20744,15.5365,-7009.17,-77.6573,-93.1252,82.7884,65200.5,155.915,-20927.7,42.2552,-6754.74,71.6156,-28823.5,
5.755,281.522,58834.2,252.101,-21091.7,16.3572,-7012.71,-63.6604,-91.1417,86.3646,65473.4,153.915,-21199.2,42.4644,-6757,71.5805,-29913.6,
5.76,284.099,59254.1,247.516,-21437.7,17.2007,-7018.21,-76.3559,-90.1029,89.721,65744.6,151.883,-21463.1,42.5899,-6757.99,71.5305,-30999.4,
5.765,286.524,59676.7,242.905,-21785.2,18.0631,-7021.82,-62.001,-88.649,92.8267,66015,149.83,-21718.1,42.6296,-6758.07,71.4808,-32040.7,
5.77,288.783,60104.3,238.283,-22130.1,18.9397,-7026.7,-74.4268,-86.3887,95.677,66291.7,147.768,-21967.3,42.5912,-6757.55,71.442,-32943.4,
5.775,290.869,60531.2,233.678,-22469.7,19.8213,-7030.96,-60.5508,-84.4195,98.2626,66561.5,145.707,-22197.9,42.4681,-6755.85,71.4113,-33767.2,
5.78,292.783,60960.9,229.122,-22811.7,20.6926,-7034.54,-73.0467,-85.1377,100.593,66846.7,143.668,-22433.1,42.2745,-6753.19,71.3926,-34577.9,
5.785,294.492,61394.6,224.643,-23147.7,21.5411,-7039.34,-59.9794,-82.0176,102.658,67129.3,141.65,-22652.7,42.0088,-6749.52,71.3817,-35368.2,
5.79,296.043,61823.5,220.266,-23475.1,22.3558,-7045.54,-73.4649,-83.1373,104.463,67416.1,139.654,-22863.9,41.6782,-6747.22,71.3862,-36132.9,
5.795,297.44,62249.2,216.008,-23801.1,23.1381,-7049.65,-60.0978,-81.3755,106.047,67704.3,137.703,-23076.8,41.2948,-6741.67,71.4042,-36856.1,
5.8,298.701,62672.5,211.899,-24121.2,23.8755,-7055.29,-72.9112,-80.5001,107.421,67998.7,135.791,-23283.1,40.8567,-6737.07,71.4321,-37526.4,
5.805,299.858,63088.2,207.957,-24438.4,24.5564,-7059.78,-61.0357,-79.5475,108.597,68298,133.922,-23484.5,40.3741,-6731.55,71.474,-38130,
5.81,300.934,63495.8,204.193,-24748.4,25.1871,-7065.4,-73.2769,-77.773,109.626,68600.7,132.109,-23676.6,39.861,-6726.23,71.5191,-38688.9,
5.815,301.963,63895.3,200.624,-25055.2,25.7557,-7071.08,-64.0764,-77.2206,110.52,68909,130.343,-23866.8,39.3178,-6717.98,71.5784,-39226.4,
5.82,302.989,64285.2,197.245,-25358.9,26.2714,-7077.63,-74.4434,-75.2118,111.316,69218,128.634,-24047,38.7544,-6709.92,71.6569,-39709.5,
5.825,304.051,64659.1,194.051,-25657.4,26.7289,-7083.27,-63.6325,-73.5696,112.042,69529.4,126.981,-24226.4,38.1723,-6699.95,71.7369,-40117.6,
5.83,305.182,65021.2,191.033,-25958.6,27.1365,-7088.63,-73.9501,-72.4153,112.728,69838.9,125.388,-24409.2,37.5866,-6687.41,71.8084,-40403.1,
5.835,306.417,65370.5,188.173,-26257.1,27.4972,-7094.76,-65.952,-71.8016,113.417,70143.8,123.86,-24593.9,37.0023,-6676.04,71.8544,-40619.3,
5.84,307.776,65700.1,185.452,-26554.6,27.8087,-7099.45,-73.8827,-69.762,114.126,70443.4,122.399,-24786.8,36.4337,-6661.38,71.8727,-40605.7,
5.845,309.275,66018.2,182.837,-26850.3,28.0738,-7106.98,-64.7854,-67.7245,114.872,70735.6,120.99,-24972.1,35.9128,-6646.5,71.8479,-40491,
5.85,310.913,66310,180.307,-27147.5,28.2934,-7108.82,-73.6301,-65.7609,115.683,71020.3,119.634,-25157.1,35.4302,-6630.25,71.7737,-40367.2,
5.855,312.682,66591.4,177.829,-27441.9,28.4722,-7115.39,-62.3032,-65.9554,116.598,71293.5,118.349,-25343.8,34.9866,-6612.77,71.6419,-40234.1,
5.86,314.56,66848.6,175.381,-27736,28.6095,-7117.96,-75.4419,-63.8815,117.648,71549.5,117.141,-25537,34.5793,-6593.62,71.4474,-40088.5,
5.865,316.528,67090.6,172.932,-28028.4,28.7003,-7121,-62.9107,-62.5199,118.828,71790.2,115.996,-25730,34.2268,-6573.52,71.1912,-39932.5,
5.87,318.558,67308.1,170.46,-28315.7,28.747,-7121.65,-76.273,-63.3765,120.181,72011.4,114.922,-25921.7,33.9225,-6554.31,70.8634,-39763.9,
5.875,320.626,67513.5,167.957,-28604.8,28.7458,-7121.56,-58.6367,-59.8117,121.69,72207.5,113.907,-26126.5,33.7,-6533.79,70.4673,-39581.9,
5.88,322.702,67696.2,165.398,-28887,28.6957,-7118.52,-75.5329,-58.67,123.391,72372.5,112.965,-26372.4,33.5014,-6513.52,70.0003,-39387.2,
5.885,324.766,67866.8,162.781,-29165.1,28.5898,-7115.06,-58.7767,-58.4497,125.262,72511.5,112.062,-26620.2,33.4446,-6494.06,69.4759,-39178.9,
5.89,326.79,68016.5,160.102,-29432.9,28.4267,-7109.2,-75.6759,-58.1138,127.369,72621.9,111.223,-26858.9,33.3488,-6474.64,68.8959,-38958.6,
5.895,328.761,68151.3,157.368,-29702.3,28.1979,-7098.07,-56.3131,-55.0894,129.66,72703.1,110.378,-27092.2,33.4743,-6454.84,68.2918,-38722.8,
5.9,330.65,68270.8,154.573,-29955.8,27.9023,-7087.38,-75.4614,-55.3397,132.221,72754,109.582,-27310.8,33.5301,-6436.97,67.6691,-38476,
5.905,332.456,68375.8,151.735,-30202.2,27.5404,-7073.39,-54.2857,-55.1538,134.961,72770.2,108.753,-27524.7,33.7685,-6418,66.9643,-38216.5,
5.91,334.165,68469,148.859,-30444.2,27.1228,-7056.19,-81.2408,-54.3214,137.938,72748.3,107.916,-27719.1,34.015,-6402.03,66.2724,-37938.6,
5.915,335.793,68545.2,145.959,-30673.8,26.6513,-7035.72,-53.2482,-54.4566,141.086,72691,107.025,-27906.4,34.3432,-6385.73,65.6091,-37645.6,
5.92,337.352,68608,143.035,-30893.6,26.1521,-7012.81,-75.3022,-55.7758,144.499,72600.1,106.061,-28093.8,34.7209,-6369.17,64.8762,-37341.2,
5.925,338.913,68660.2,140.102,-31108.7,25.4986,-6987.19,-56.5335,-56.5731,147.858,72467.3,105.069,-28268.3,35.1307,-6352.75,64.355,-37018.1,
5.93,340.182,68698.3,137.081,-31313.8,25.4001,-6958.19,-73.1947,-56.4866,151.403,72300,103.977,-28434,35.5577,-6338.01,63.7931,-36681.6,
5.935,341.661,68727.1,134.107,-31515.2,24.7626,-6927.74,-58.3123,-56.919,154.999,72095.2,102.788,-28590.2,35.9932,-6323.59,63.2632,-36329.5,
5.94,343.14,68740.5,131.14,-31708,24.0948,-6894.13,-74.672,-57.92,158.608,71851.8,101.477,-28737.8,36.4239,-6308.63,62.7326,-35962.2,
5.945,344.433,68743.7,128.066,-31895,23.7254,-6858.71,-58.9786,-58.2734,162.246,71573.9,100.042,-28884.4,36.8195,-6292,62.1854,-35584.6,
5.95,346.236,68734.1,125.357,-32079.5,22.3887,-6820.52,-74.545,-58.0851,165.778,71267.6,98.4316,-29016,37.1924,-6284.15,61.6453,-35263.8,
5.955,346.555,68714.2,121.635,-32262,23.632,-6779.95,-62.0089,-58.1807,169.319,70928.5,96.8608,-29138.8,37.4566,-6275.73,61.1348,-34935.3,
5.96,348.284,68685.8,118.956,-32434.2,22.2308,-6740.7,-84.4335,-58.2523,171.863,70566,94.6899,-29255.1,37.8129,-6265.26,60.7586,-34604.4,
5.965,349.26,68647.8,115.831,-32606.4,22.0057,-6698.38,-56.682,-58.357,175.511,70182.7,93.6906,-29365.1,37.6808,-6255.98,60.5663,-34265.3,
