 <?xml version="1.0" ?>
<excitationGenerator xmlns:xsi="http://www.w3.org/2001/XMLSchema-instance" xsi:noNamespaceSchemaLocation="excitationGenerator.xsd">
   <inputSignals type="EMG">gast_med_l gast_med_r glut_max_l glut_max_r glut_med_l glut_med_r bic_fem_l 
      bic_fem_r rect_fem_l rect_fem_r vast_lat_l vast_lat_r vast_med_l vast_med_r tens_fasc_lat_l tens_fasc_lat_r
   </inputSignals>
   <mapping>
      <excitation id="addbrev_l"/>
      <excitation id="addbrev_r"/>
      <excitation id="addlong_l"/>
      <excitation id="addlong_r"/>
      <excitation id="addmagDist_l"/>
      <excitation id="addmagDist_r"/>
      <excitation id="addmagIsch_l"/>
      <excitation id="addmagIsch_r"/>
      <excitation id="addmagMid_l"/>
      <excitation id="addmagMid_r"/>
      <excitation id="addmagProx_l"/>
      <excitation id="addmagProx_r"/>
      <excitation id="bflh_l">
         <input weight="1">bic_fem_l</input>
      </excitation>
      <excitation id="bflh_r">
         <input weight="1">bic_fem_r</input>
      </excitation>
      <excitation id="bfsh_l">
         <input weight="1">bic_fem_l</input>
      </excitation>
      <excitation id="bfsh_r">
         <input weight="1">bic_fem_r</input>
      </excitation>
      <excitation id="edl_l"/>
      <excitation id="edl_r"/>
      <excitation id="ehl_l"/>
      <excitation id="ehl_r"/>
      <excitation id="fdl_l"/>
      <excitation id="fdl_r"/>
      <excitation id="fhl_l"/>
      <excitation id="fhl_r"/>
      <excitation id="gaslat_l">
         <input weight="1">gast_med_l</input>
      </excitation>
      <excitation id="gaslat_r">
         <input weight="1">gast_med_r</input>
      </excitation>
      <excitation id="gasmed_l">
         <input weight="1">gast_med_l</input>
      </excitation>
      <excitation id="gasmed_r">
         <input weight="1">gast_med_r</input>
      </excitation>
      <excitation id="glmax1_l">
         <input weight="1">glut_max_l</input>
      </excitation>
      <excitation id="glmax1_r">
         <input weight="1">glut_max_r</input>
      </excitation>
      <excitation id="glmax2_l">
         <input weight="1">glut_max_l</input>
      </excitation>
      <excitation id="glmax2_r">
         <input weight="1">glut_max_r</input>
      </excitation>
      <excitation id="glmax3_l">
         <input weight="1">glut_max_l</input>
      </excitation>
      <excitation id="glmax3_r">
         <input weight="1">glut_max_r</input>
      </excitation>
      <excitation id="glmed1_l">
         <input weight="1">glut_med_l</input>
      </excitation>
      <excitation id="glmed1_r">
         <input weight="1">glut_med_r</input>
      </excitation>
      <excitation id="glmed2_l">
         <input weight="1">glut_med_l</input>
      </excitation>
      <excitation id="glmed2_r">
         <input weight="1">glut_med_r</input>
      </excitation>
      <excitation id="glmed3_l">
         <input weight="1">glut_med_l</input>
      </excitation>
      <excitation id="glmed3_r">
         <input weight="1">glut_med_r</input>
      </excitation>
      <excitation id="glmin1_l">
         <input weight="1">glut_med_l</input>
      </excitation>
      <excitation id="glmin1_r">
         <input weight="1">glut_med_r</input>
      </excitation>
      <excitation id="glmin2_l">
         <input weight="1">glut_med_l</input>
      </excitation>
      <excitation id="glmin2_r">
         <input weight="1">glut_med_r</input>
      </excitation>
      <excitation id="glmin3_l">
         <input weight="1">glut_med_l</input>
      </excitation>
      <excitation id="glmin3_r">
         <input weight="1">glut_med_r</input>
      </excitation>
      <excitation id="grac_l"/>
      <excitation id="grac_r"/>
      <excitation id="iliacus_l"/>
      <excitation id="iliacus_r"/>
      <excitation id="perbrev_l"/>
      <excitation id="perbrev_r"/>
      <excitation id="perlong_l"/>
      <excitation id="perlong_r"/>
      <excitation id="piri_l"/>
      <excitation id="piri_r"/>
      <excitation id="psoas_l"/>
      <excitation id="psoas_r"/>
      <excitation id="recfem_l">
         <input weight="1">rect_fem_l</input>
      </excitation>
      <excitation id="recfem_r">
         <input weight="1">rect_fem_r</input>
      </excitation>
      <excitation id="sart_l"/>
      <excitation id="sart_r"/>
      <excitation id="semimem_l"/>
      <excitation id="semimem_r"/>
      <excitation id="semiten_l"/>
      <excitation id="semiten_r"/>
      <excitation id="soleus_l">
         <input weight="1">gast_med_l</input>
      </excitation>
      <excitation id="soleus_r">
         <input weight="1">gast_med_r</input>
      </excitation>
      <excitation id="tfl_l">
         <input weight="1">tens_fasc_lat_l</input>
      </excitation>
      <excitation id="tfl_r">
         <input weight="1">tens_fasc_lat_r</input>
      </excitation>
      <excitation id="tibant_l"/>
      <excitation id="tibant_r"/>
      <excitation id="tibpost_l"/>
      <excitation id="tibpost_r"/>
      <excitation id="vasint_l"/>
      <excitation id="vasint_r"/>
      <excitation id="vaslat_l">
         <input weight="1">vast_lat_l</input>
      </excitation>
      <excitation id="vaslat_r">
         <input weight="1">vast_lat_r</input>
      </excitation>
      <excitation id="vasmed_l">
         <input weight="1">vast_med_l</input>
      </excitation>
      <excitation id="vasmed_r">
         <input weight="1">vast_med_r</input>
      </excitation>
   </mapping>
</excitationGenerator>