<OpenSimDocument Version="40500">
	<InverseDynamicsTool name="ID_half_cycle">
		
		<results_directory>.</results_directory>
		
		<model_file>..\../001/P01/model_update/5_optimised\P01_pers.osim</model_file>
		
		<time_range>0.136 0.742</time_range>
		
		<forces_to_exclude> Muscles</forces_to_exclude>
		
		<external_loads_file>.\Right_1.xml</external_loads_file>
		
		<coordinates_file>.\IK_half_cycle.mot</coordinates_file>
		
		<lowpass_cutoff_frequency_for_coordinates>6</lowpass_cutoff_frequency_for_coordinates>
		
		<output_gen_force_file>ID_half_cycle.mot</output_gen_force_file>
		
		<joints_to_report_body_forces />
		
		<output_body_forces_file>body_forces_at_joints.sto</output_body_forces_file>
	</InverseDynamicsTool>
</OpenSimDocument>