<?xml version="1.0" encoding="utf-8"?>
<inputData>
   <muscleTendonLengthFile>./muscleAnalysis/_MuscleAnalysis_Length.sto</muscleTendonLengthFile>
   <excitationsFile>filtered_emg.mot</excitationsFile>
   <momentArmsFiles>
      <momentArmsFile dofName="ankle_angle_l">./muscleAnalysis/_MuscleAnalysis_MomentArm_ankle_angle_l.sto</momentArmsFile>
      <momentArmsFile dofName="ankle_angle_r">./muscleAnalysis/_MuscleAnalysis_MomentArm_ankle_angle_r.sto</momentArmsFile>
      <momentArmsFile dofName="hip_adduction_l">./muscleAnalysis/_MuscleAnalysis_MomentArm_hip_adduction_l.sto</momentArmsFile>
      <momentArmsFile dofName="hip_adduction_r">./muscleAnalysis/_MuscleAnalysis_MomentArm_hip_adduction_r.sto</momentArmsFile>
      <momentArmsFile dofName="hip_flexion_l">./muscleAnalysis/_MuscleAnalysis_MomentArm_hip_flexion_l.sto</momentArmsFile>
      <momentArmsFile dofName="hip_flexion_r">./muscleAnalysis/_MuscleAnalysis_MomentArm_hip_flexion_r.sto</momentArmsFile>
      <momentArmsFile dofName="hip_rotation_l">./muscleAnalysis/_MuscleAnalysis_MomentArm_hip_rotation_l.sto</momentArmsFile>
      <momentArmsFile dofName="hip_rotation_r">./muscleAnalysis/_MuscleAnalysis_MomentArm_hip_rotation_r.sto</momentArmsFile>
      <momentArmsFile dofName="knee_angle_l">./muscleAnalysis/_MuscleAnalysis_MomentArm_knee_angle_l.sto</momentArmsFile>
      <momentArmsFile dofName="knee_angle_l_beta">./muscleAnalysis/_MuscleAnalysis_MomentArm_knee_angle_l_beta.sto</momentArmsFile>
      <momentArmsFile dofName="knee_angle_r">./muscleAnalysis/_MuscleAnalysis_MomentArm_knee_angle_r.sto</momentArmsFile>
      <momentArmsFile dofName="knee_angle_r_beta">./muscleAnalysis/_MuscleAnalysis_MomentArm_knee_angle_r_beta.sto</momentArmsFile>
      <momentArmsFile dofName="lumbar_bending">./muscleAnalysis/_MuscleAnalysis_MomentArm_lumbar_bending.sto</momentArmsFile>
      <momentArmsFile dofName="lumbar_extension">./muscleAnalysis/_MuscleAnalysis_MomentArm_lumbar_extension.sto</momentArmsFile>
      <momentArmsFile dofName="lumbar_rotation">./muscleAnalysis/_MuscleAnalysis_MomentArm_lumbar_rotation.sto</momentArmsFile>
      <momentArmsFile dofName="mtp_angle_l">./muscleAnalysis/_MuscleAnalysis_MomentArm_mtp_angle_l.sto</momentArmsFile>
      <momentArmsFile dofName="mtp_angle_r">./muscleAnalysis/_MuscleAnalysis_MomentArm_mtp_angle_r.sto</momentArmsFile>
      <momentArmsFile dofName="pelvis_list">./muscleAnalysis/_MuscleAnalysis_MomentArm_pelvis_list.sto</momentArmsFile>
      <momentArmsFile dofName="pelvis_rotation">./muscleAnalysis/_MuscleAnalysis_MomentArm_pelvis_rotation.sto</momentArmsFile>
      <momentArmsFile dofName="pelvis_tilt">./muscleAnalysis/_MuscleAnalysis_MomentArm_pelvis_tilt.sto</momentArmsFile>
      <momentArmsFile dofName="pelvis_tx">./muscleAnalysis/_MuscleAnalysis_MomentArm_pelvis_tx.sto</momentArmsFile>
      <momentArmsFile dofName="pelvis_ty">./muscleAnalysis/_MuscleAnalysis_MomentArm_pelvis_ty.sto</momentArmsFile>
      <momentArmsFile dofName="pelvis_tz">./muscleAnalysis/_MuscleAnalysis_MomentArm_pelvis_tz.sto</momentArmsFile>
      <momentArmsFile dofName="subtalar_angle_l">./muscleAnalysis/_MuscleAnalysis_MomentArm_subtalar_angle_l.sto</momentArmsFile>
      <momentArmsFile dofName="subtalar_angle_r">./muscleAnalysis/_MuscleAnalysis_MomentArm_subtalar_angle_r.sto</momentArmsFile>
   </momentArmsFiles>
   <externalTorquesFile>ID_half_cycle.mot</externalTorquesFile>
   <motionFile>IK_half_cycle.mot</motionFile>
   <externalLoadsFile>Right_1.xml</externalLoadsFile>
   <startStopTime>0.136 0.742</startStopTime>
</inputData>