<OpenSimDocument Version="40500">
	<AnalyzeTool>

		<model_file>../../001/P01/model_update/5_optimised/P01_pers.osim</model_file>

		<replace_force_set>false</replace_force_set>
		
		<force_set_files />
		
		<results_directory>muscleAnalysis</results_directory>
		
		<output_precision>8</output_precision>
		
		<initial_time>0.136</initial_time>
		
		<final_time>0.742</final_time>
		
		<solve_for_equilibrium_for_auxiliary_states>false</solve_for_equilibrium_for_auxiliary_states>
		
		<maximum_number_of_integrator_steps>20000</maximum_number_of_integrator_steps>
		
		<maximum_integrator_step_size>1</maximum_integrator_step_size>
		
		<minimum_integrator_step_size>1e-08</minimum_integrator_step_size>
		
		<integrator_error_tolerance>1.0000000000000001e-05</integrator_error_tolerance>
		
		<AnalysisSet name="Analyses">
			<objects>
				<MuscleAnalysis name="MuscleAnalysis">
					
					<on>true</on>
					
					<start_time>0.136</start_time>
					
					<end_time>0.742</end_time>
					
					<step_interval>1</step_interval>
					
					<in_degrees>true</in_degrees>
					
					<muscle_list> all</muscle_list>
					
					<moment_arm_coordinate_list> all</moment_arm_coordinate_list>
					
					<compute_moments>true</compute_moments>
				</MuscleAnalysis>
			</objects>
			<groups />
		</AnalysisSet>
		
		<ControllerSet name="Controllers">
			<objects />
			<groups />
		</ControllerSet>
		
		<external_loads_file>Right_1.xml</external_loads_file>
		
		<states_file />
		
		<coordinates_file>IK_half_cycle.mot</coordinates_file>
		
		<speeds_file />
		
		<lowpass_cutoff_frequency_for_coordinates>6</lowpass_cutoff_frequency_for_coordinates>
	</AnalyzeTool>
</OpenSimDocument>