<?xml version='1.0' encoding='UTF-8'?>
<OpenSimDocument Version="40500">
	<ExternalLoads name="Right_1">
		<objects>
			<ExternalForce name="plate1">
				<applied_to_body>calcn_r</applied_to_body>
				<force_expressed_in_body>ground</force_expressed_in_body>
				<point_expressed_in_body>ground</point_expressed_in_body>
				<force_identifier>plate1_ground_force_v</force_identifier>
				<point_identifier>plate1_ground_force_p</point_identifier>
				<torque_identifier>plate1_ground_torque_</torque_identifier>
			</ExternalForce>
		</objects>
		<groups />
		<datafile>filtered_grf.mot</datafile>
	</ExternalLoads>
</OpenSimDocument>
