<?xml version="1.0" ?>
<subject xmlns:xsi="http://www.w3.org/2001/XMLSchema-instance">
   <mtuDefault>
      <emDelay>0.015</emDelay>
      <percentageChange>0.15</percentageChange>
      <damping>0.1</damping>
      <curve>
         <name>activeForceLength</name>
         <xPoints>-5 0 0.401 0.402 0.4035 0.52725 0.62875 0.71875 0.86125 1.045 1.2175 1.4387 1.6187 1.62 1.621 2.2 5</xPoints>
         <yPoints>0 0 0 0 0 0.22667 0.63667 0.85667 0.95 0.99333 0.77 0.24667 0 0 0 0 0</yPoints>
      </curve>
      <curve>
         <name>passiveForceLength</name>
         <xPoints>-5 0.998 0.999 1 1.1 1.2 1.3 1.4 1.5 1.6 1.601 1.602 5</xPoints>
         <yPoints>0 0 0 0 0.035 0.12 0.26 0.55 1.17 2 2 2 2</yPoints>
      </curve>
      <curve>
         <name>forceVelocity</name>
         <xPoints>-10 -1 -0.6 -0.3 -0.1 0 0.1 0.3 0.6 0.8 10</xPoints>
         <yPoints>0 0 0.08 0.2 0.55 1 1.4 1.6 1.7 1.75 1.75</yPoints>
      </curve>
      <curve>
         <name>tendonForceStrain</name>
         <xPoints>0 0.001 0.002 0.003 0.004 0.005 0.006 0.007 0.008 0.009 0.01 0.011 0.012 0.013 0.014 0.015 0.016 0.017 0.018 0.019 0.02 0.021 0.022 0.023 0.024 0.025 0.026 0.027 0.028 0.029 0.03 0.031 0.032 0.033 0.034 0.035 0.036 0.037 0.038 0.039 0.04 0.041 0.042 0.043 0.044 0.045 0.046 0.047 0.048 0.049 0.05 0.051 0.052 0.053 0.054 0.055 0.056 0.057 0.058 0.059 0.06 0.061 0.062 0.063 0.064 0.065 0.066 0.067 0.068 0.069 0.07 0.071 0.072 0.073 0.074 0.075 0.076 0.077 0.078 0.079 0.08 0.081 0.082 0.083 0.084 0.085 0.086 0.087 0.088 0.089 0.09 0.091 0.092 0.093 0.094 0.095 0.096 0.097 0.098 0.099 0.1</xPoints>
         <yPoints>0 0.0012652 0.0073169 0.016319 0.026613 0.037604 0.049078 0.060973 0.073315 0.086183 0.099678 0.11386 0.12864 0.14386 0.15928 0.17477 0.19041 0.20658 0.22365 0.24179 0.26094 0.28089 0.30148 0.32254 0.34399 0.36576 0.38783 0.41019 0.43287 0.45591 0.4794 0.50344 0.52818 0.55376 0.58022 0.60747 0.63525 0.66327 0.69133 0.71939 0.74745 0.77551 0.80357 0.83163 0.85969 0.88776 0.91582 0.94388 0.97194 1 1.0281 1.0561 1.0842 1.1122 1.1403 1.1684 1.1964 1.2245 1.2526 1.2806 1.3087 1.3367 1.3648 1.3929 1.4209 1.449 1.477 1.5051 1.5332 1.5612 1.5893 1.6173 1.6454 1.6735 1.7015 1.7296 1.7577 1.7857 1.8138 1.8418 1.8699 1.898 1.926 1.9541 1.9821 2.0102 2.0383 2.0663 2.0944 2.1224 2.1505 2.1786 2.2066 2.2347 2.2628 2.2908 2.3189 2.3469 2.375 2.4031 2.4311</yPoints>
      </curve>
   </mtuDefault>
   <mtuSet>
      <mtu>
         <name>addbrev_r</name>
         <c1>-0.5</c1>
         <c2>-0.5</c2>
         <shapeFactor>0.1</shapeFactor>
         <optimalFibreLength>0.09240961341553555</optimalFibreLength>
         <pennationAngle>0.11478092</pennationAngle>
         <tendonSlackLength>0.031774468639975004</tendonSlackLength>
         <maxIsometricForce>491.2823788423052</maxIsometricForce>
         <strengthCoefficient>1</strengthCoefficient>
      </mtu>
      <mtu>
         <name>addlong_r</name>
         <c1>-0.5</c1>
         <c2>-0.5</c2>
         <shapeFactor>0.1</shapeFactor>
         <optimalFibreLength>0.09587536822224994</optimalFibreLength>
         <pennationAngle>0.13777039</pennationAngle>
         <tendonSlackLength>0.11678662192120935</tendonSlackLength>
         <maxIsometricForce>719.708415986382</maxIsometricForce>
         <strengthCoefficient>1</strengthCoefficient>
      </mtu>
      <mtu>
         <name>addmagDist_r</name>
         <c1>-0.5</c1>
         <c2>-0.5</c2>
         <shapeFactor>0.1</shapeFactor>
         <optimalFibreLength>0.1570746754096427</optimalFibreLength>
         <pennationAngle>0.19470502</pennationAngle>
         <tendonSlackLength>0.07745651454134755</tendonSlackLength>
         <maxIsometricForce>468.88994035676234</maxIsometricForce>
         <strengthCoefficient>1</strengthCoefficient>
      </mtu>
      <mtu>
         <name>addmagIsch_r</name>
         <c1>-0.5</c1>
         <c2>-0.5</c2>
         <shapeFactor>0.1</shapeFactor>
         <optimalFibreLength>0.13806526634010946</optimalFibreLength>
         <pennationAngle>0.16804429</pennationAngle>
         <tendonSlackLength>0.1912257180156749</tendonSlackLength>
         <maxIsometricForce>468.88994035676234</maxIsometricForce>
         <strengthCoefficient>1</strengthCoefficient>
      </mtu>
      <mtu>
         <name>addmagMid_r</name>
         <c1>-0.5</c1>
         <c2>-0.5</c2>
         <shapeFactor>0.1</shapeFactor>
         <optimalFibreLength>0.12285559840800965</optimalFibreLength>
         <pennationAngle>0.20730759</pennationAngle>
         <tendonSlackLength>0.04160111818786697</tendonSlackLength>
         <maxIsometricForce>468.88994035676234</maxIsometricForce>
         <strengthCoefficient>1</strengthCoefficient>
      </mtu>
      <mtu>
         <name>addmagProx_r</name>
         <c1>-0.5</c1>
         <c2>-0.5</c2>
         <shapeFactor>0.1</shapeFactor>
         <optimalFibreLength>0.09543128507450789</optimalFibreLength>
         <pennationAngle>0.31148326</pennationAngle>
         <tendonSlackLength>0.03644110307090637</tendonSlackLength>
         <maxIsometricForce>468.88994035676234</maxIsometricForce>
         <strengthCoefficient>1</strengthCoefficient>
      </mtu>
      <mtu>
         <name>bflh_r</name>
         <c1>-0.5</c1>
         <c2>-0.5</c2>
         <shapeFactor>0.1</shapeFactor>
         <optimalFibreLength>0.08756590669322944</optimalFibreLength>
         <pennationAngle>0.17591823</pennationAngle>
         <tendonSlackLength>0.29179063801821614</tendonSlackLength>
         <maxIsometricForce>1030.8783740997994</maxIsometricForce>
         <strengthCoefficient>1</strengthCoefficient>
      </mtu>
      <mtu>
         <name>bfsh_r</name>
         <c1>-0.5</c1>
         <c2>-0.5</c2>
         <shapeFactor>0.1</shapeFactor>
         <optimalFibreLength>0.09971364122269824</optimalFibreLength>
         <pennationAngle>0.26422317</pennationAngle>
         <tendonSlackLength>0.0956611076117756</tendonSlackLength>
         <maxIsometricForce>437.34748821419436</maxIsometricForce>
         <strengthCoefficient>1</strengthCoefficient>
      </mtu>
      <mtu>
         <name>edl_r</name>
         <c1>-0.5</c1>
         <c2>-0.5</c2>
         <shapeFactor>0.1</shapeFactor>
         <optimalFibreLength>0.067438691132696</optimalFibreLength>
         <pennationAngle>0.21825825</pennationAngle>
         <tendonSlackLength>0.35896773081423844</tendonSlackLength>
         <maxIsometricForce>473.7594912931709</maxIsometricForce>
         <strengthCoefficient>1</strengthCoefficient>
      </mtu>
      <mtu>
         <name>ehl_r</name>
         <c1>-0.5</c1>
         <c2>-0.5</c2>
         <shapeFactor>0.1</shapeFactor>
         <optimalFibreLength>0.07254217688537817</optimalFibreLength>
         <pennationAngle>0.19726811</pennationAngle>
         <tendonSlackLength>0.31693102905739606</tendonSlackLength>
         <maxIsometricForce>224.412390620818</maxIsometricForce>
         <strengthCoefficient>1</strengthCoefficient>
      </mtu>
      <mtu>
         <name>fdl_r</name>
         <c1>-0.5</c1>
         <c2>-0.5</c2>
         <shapeFactor>0.1</shapeFactor>
         <optimalFibreLength>0.042920742112878704</optimalFibreLength>
         <pennationAngle>0.22483915</pennationAngle>
         <tendonSlackLength>0.3645114821929782</tendonSlackLength>
         <maxIsometricForce>332.20340722880144</maxIsometricForce>
         <strengthCoefficient>1</strengthCoefficient>
      </mtu>
      <mtu>
         <name>fhl_r</name>
         <c1>-0.5</c1>
         <c2>-0.5</c2>
         <shapeFactor>0.1</shapeFactor>
         <optimalFibreLength>0.050479594387191615</optimalFibreLength>
         <pennationAngle>0.25802551</pennationAngle>
         <tendonSlackLength>0.3394103066795281</tendonSlackLength>
         <maxIsometricForce>712.6741016897157</maxIsometricForce>
         <strengthCoefficient>1</strengthCoefficient>
      </mtu>
      <mtu>
         <name>gaslat_r</name>
         <c1>-0.5</c1>
         <c2>-0.5</c2>
         <shapeFactor>0.1</shapeFactor>
         <optimalFibreLength>0.05872756949060522</optimalFibreLength>
         <pennationAngle>0.21022682</pennationAngle>
         <tendonSlackLength>0.37560692241718713</tendonSlackLength>
         <maxIsometricForce>1236.456402458106</maxIsometricForce>
         <strengthCoefficient>1</strengthCoefficient>
      </mtu>
      <mtu>
         <name>gasmed_r</name>
         <c1>-0.5</c1>
         <c2>-0.5</c2>
         <shapeFactor>0.1</shapeFactor>
         <optimalFibreLength>0.05081354424265848</optimalFibreLength>
         <pennationAngle>0.16568155</pennationAngle>
         <tendonSlackLength>0.39725862761144287</tendonSlackLength>
         <maxIsometricForce>2445.748460574098</maxIsometricForce>
         <strengthCoefficient>1</strengthCoefficient>
      </mtu>
      <mtu>
         <name>glmax1_r</name>
         <c1>-0.5</c1>
         <c2>-0.5</c2>
         <shapeFactor>0.1</shapeFactor>
         <optimalFibreLength>0.1292057864173566</optimalFibreLength>
         <pennationAngle>0.35401178</pennationAngle>
         <tendonSlackLength>0.04292874466413314</tendonSlackLength>
         <maxIsometricForce>772.2920387748479</maxIsometricForce>
         <strengthCoefficient>1</strengthCoefficient>
      </mtu>
      <mtu>
         <name>glmax2_r</name>
         <c1>-0.5</c1>
         <c2>-0.5</c2>
         <shapeFactor>0.1</shapeFactor>
         <optimalFibreLength>0.13888789907702187</optimalFibreLength>
         <pennationAngle>0.36738206</pennationAngle>
         <tendonSlackLength>0.06005543822682904</tendonSlackLength>
         <maxIsometricForce>1103.7773436660132</maxIsometricForce>
         <strengthCoefficient>1</strengthCoefficient>
      </mtu>
      <mtu>
         <name>glmax3_r</name>
         <c1>-0.5</c1>
         <c2>-0.5</c2>
         <shapeFactor>0.1</shapeFactor>
         <optimalFibreLength>0.14882331291404446</optimalFibreLength>
         <pennationAngle>0.38241613</pennationAngle>
         <tendonSlackLength>0.06212848055589709</tendonSlackLength>
         <maxIsometricForce>744.0080725084526</maxIsometricForce>
         <strengthCoefficient>1</strengthCoefficient>
      </mtu>
      <mtu>
         <name>glmed1_r</name>
         <c1>-0.5</c1>
         <c2>-0.5</c2>
         <shapeFactor>0.1</shapeFactor>
         <optimalFibreLength>0.06652137911959197</optimalFibreLength>
         <pennationAngle>0.31655591</pennationAngle>
         <tendonSlackLength>0.050863186835321275</tendonSlackLength>
         <maxIsometricForce>858.3957636417924</maxIsometricForce>
         <strengthCoefficient>1</strengthCoefficient>
      </mtu>
      <mtu>
         <name>glmed2_r</name>
         <c1>-0.5</c1>
         <c2>-0.5</c2>
         <shapeFactor>0.1</shapeFactor>
         <optimalFibreLength>0.0733320803043936</optimalFibreLength>
         <pennationAngle>0.31655591</pennationAngle>
         <tendonSlackLength>0.065545630994911</tendonSlackLength>
         <maxIsometricForce>600.6139919879199</maxIsometricForce>
         <strengthCoefficient>1</strengthCoefficient>
      </mtu>
      <mtu>
         <name>glmed3_r</name>
         <c1>-0.5</c1>
         <c2>-0.5</c2>
         <shapeFactor>0.1</shapeFactor>
         <optimalFibreLength>0.06835079399021922</optimalFibreLength>
         <pennationAngle>0.31655591</pennationAngle>
         <tendonSlackLength>0.042352065405318454</tendonSlackLength>
         <maxIsometricForce>683.9108229121766</maxIsometricForce>
         <strengthCoefficient>1</strengthCoefficient>
      </mtu>
      <mtu>
         <name>glmin1_r</name>
         <c1>-0.5</c1>
         <c2>-0.5</c2>
         <shapeFactor>0.1</shapeFactor>
         <optimalFibreLength>0.07085776343699357</optimalFibreLength>
         <pennationAngle>0.17453293</pennationAngle>
         <tendonSlackLength>0.016815987734166617</tendonSlackLength>
         <maxIsometricForce>293.63436232008104</maxIsometricForce>
         <strengthCoefficient>1</strengthCoefficient>
      </mtu>
      <mtu>
         <name>glmin2_r</name>
         <c1>-0.5</c1>
         <c2>-0.5</c2>
         <shapeFactor>0.1</shapeFactor>
         <optimalFibreLength>0.05958518401439861</optimalFibreLength>
         <pennationAngle>0.0</pennationAngle>
         <tendonSlackLength>0.027769943579358355</tendonSlackLength>
         <maxIsometricForce>309.94223476196686</maxIsometricForce>
         <strengthCoefficient>1</strengthCoefficient>
      </mtu>
      <mtu>
         <name>glmin3_r</name>
         <c1>-0.5</c1>
         <c2>-0.5</c2>
         <shapeFactor>0.1</shapeFactor>
         <optimalFibreLength>0.03094854318652283</optimalFibreLength>
         <pennationAngle>0.01745329</pennationAngle>
         <tendonSlackLength>0.041432362190957445</tendonSlackLength>
         <maxIsometricForce>350.72735892770464</maxIsometricForce>
         <strengthCoefficient>1</strengthCoefficient>
      </mtu>
      <mtu>
         <name>grac_r</name>
         <c1>-0.5</c1>
         <c2>-0.5</c2>
         <shapeFactor>0.1</shapeFactor>
         <optimalFibreLength>0.2064700979333825</optimalFibreLength>
         <pennationAngle>0.17200156</pennationAngle>
         <tendonSlackLength>0.15590741138332048</tendonSlackLength>
         <maxIsometricForce>220.83577265052915</maxIsometricForce>
         <strengthCoefficient>1</strengthCoefficient>
      </mtu>
      <mtu>
         <name>iliacus_r</name>
         <c1>-0.5</c1>
         <c2>-0.5</c2>
         <shapeFactor>0.1</shapeFactor>
         <optimalFibreLength>0.09397098284965288</optimalFibreLength>
         <pennationAngle>0.27991397</pennationAngle>
         <tendonSlackLength>0.08473318424386078</tendonSlackLength>
         <maxIsometricForce>801.6184116603985</maxIsometricForce>
         <strengthCoefficient>1</strengthCoefficient>
      </mtu>
      <mtu>
         <name>perbrev_r</name>
         <c1>-0.5</c1>
         <c2>-0.5</c2>
         <shapeFactor>0.1</shapeFactor>
         <optimalFibreLength>0.04480937116242569</optimalFibreLength>
         <pennationAngle>0.20523612</pennationAngle>
         <tendonSlackLength>0.1456082825051954</tendonSlackLength>
         <maxIsometricForce>409.1548615640465</maxIsometricForce>
         <strengthCoefficient>1</strengthCoefficient>
      </mtu>
      <mtu>
         <name>perlong_r</name>
         <c1>-0.5</c1>
         <c2>-0.5</c2>
         <shapeFactor>0.1</shapeFactor>
         <optimalFibreLength>0.049676439439438926</optimalFibreLength>
         <pennationAngle>0.24795247</pennationAngle>
         <tendonSlackLength>0.32487292511239624</tendonSlackLength>
         <maxIsometricForce>875.5914037219386</maxIsometricForce>
         <strengthCoefficient>1</strengthCoefficient>
      </mtu>
      <mtu>
         <name>piri_r</name>
         <c1>-0.5</c1>
         <c2>-0.5</c2>
         <shapeFactor>0.1</shapeFactor>
         <optimalFibreLength>0.023335187382687066</optimalFibreLength>
         <pennationAngle>0.17453293</pennationAngle>
         <tendonSlackLength>0.10312917704494576</tendonSlackLength>
         <maxIsometricForce>808.4056369806684</maxIsometricForce>
         <strengthCoefficient>1</strengthCoefficient>
      </mtu>
      <mtu>
         <name>psoas_r</name>
         <c1>-0.5</c1>
         <c2>-0.5</c2>
         <shapeFactor>0.1</shapeFactor>
         <optimalFibreLength>0.10279559329744574</optimalFibreLength>
         <pennationAngle>0.21552513</pennationAngle>
         <tendonSlackLength>0.08753292380515841</tendonSlackLength>
         <maxIsometricForce>1120.06205151636</maxIsometricForce>
         <strengthCoefficient>1</strengthCoefficient>
      </mtu>
      <mtu>
         <name>recfem_r</name>
         <c1>-0.5</c1>
         <c2>-0.5</c2>
         <shapeFactor>0.1</shapeFactor>
         <optimalFibreLength>0.06769991432963918</optimalFibreLength>
         <pennationAngle>0.2170149</pennationAngle>
         <tendonSlackLength>0.4000391839174838</tendonSlackLength>
         <maxIsometricForce>1720.5654794545287</maxIsometricForce>
         <strengthCoefficient>1</strengthCoefficient>
      </mtu>
      <mtu>
         <name>sart_r</name>
         <c1>-0.5</c1>
         <c2>-0.5</c2>
         <shapeFactor>0.1</shapeFactor>
         <optimalFibreLength>0.36407374904142764</optimalFibreLength>
         <pennationAngle>0.02613542</pennationAngle>
         <tendonSlackLength>0.11202253860887433</tendonSlackLength>
         <maxIsometricForce>195.79484919928183</maxIsometricForce>
         <strengthCoefficient>1</strengthCoefficient>
      </mtu>
      <mtu>
         <name>semimem_r</name>
         <c1>-0.5</c1>
         <c2>-0.5</c2>
         <shapeFactor>0.1</shapeFactor>
         <optimalFibreLength>0.06172489855067802</optimalFibreLength>
         <pennationAngle>0.25456146</pennationAngle>
         <tendonSlackLength>0.31093781629457506</tendonSlackLength>
         <maxIsometricForce>1727.8237181360464</maxIsometricForce>
         <strengthCoefficient>1</strengthCoefficient>
      </mtu>
      <mtu>
         <name>semiten_r</name>
         <c1>-0.5</c1>
         <c2>-0.5</c2>
         <shapeFactor>0.1</shapeFactor>
         <optimalFibreLength>0.17537999259692363</optimalFibreLength>
         <pennationAngle>0.241295</pennationAngle>
         <tendonSlackLength>0.22463082461474523</tendonSlackLength>
         <maxIsometricForce>464.17980674428605</maxIsometricForce>
         <strengthCoefficient>1</strengthCoefficient>
      </mtu>
      <mtu>
         <name>soleus_r</name>
         <c1>-0.5</c1>
         <c2>-0.5</c2>
         <shapeFactor>0.1</shapeFactor>
         <optimalFibreLength>0.04402025200054689</optimalFibreLength>
         <pennationAngle>0.38142888</pennationAngle>
         <tendonSlackLength>0.2768832555595831</tendonSlackLength>
         <maxIsometricForce>4863.089410393607</maxIsometricForce>
         <strengthCoefficient>1</strengthCoefficient>
      </mtu>
      <mtu>
         <name>tfl_r</name>
         <c1>-0.5</c1>
         <c2>-0.5</c2>
         <shapeFactor>0.1</shapeFactor>
         <optimalFibreLength>0.08275307199343697</optimalFibreLength>
         <pennationAngle>0.05235988</pennationAngle>
         <tendonSlackLength>0.3915501268884042</tendonSlackLength>
         <maxIsometricForce>322.80630459538605</maxIsometricForce>
         <strengthCoefficient>1</strengthCoefficient>
      </mtu>
      <mtu>
         <name>tibant_r</name>
         <c1>-0.5</c1>
         <c2>-0.5</c2>
         <shapeFactor>0.1</shapeFactor>
         <optimalFibreLength>0.06733012574256826</optimalFibreLength>
         <pennationAngle>0.19518281</pennationAngle>
         <tendonSlackLength>0.23704642963879513</tendonSlackLength>
         <maxIsometricForce>963.577514154969</maxIsometricForce>
         <strengthCoefficient>1</strengthCoefficient>
      </mtu>
      <mtu>
         <name>tibpost_r</name>
         <c1>-0.5</c1>
         <c2>-0.5</c2>
         <shapeFactor>0.1</shapeFactor>
         <optimalFibreLength>0.03743650499042394</optimalFibreLength>
         <pennationAngle>0.22648907</pennationAngle>
         <tendonSlackLength>0.27807956127978706</tendonSlackLength>
         <maxIsometricForce>1358.2094955753603</maxIsometricForce>
         <strengthCoefficient>1</strengthCoefficient>
      </mtu>
      <mtu>
         <name>vasint_r</name>
         <c1>-0.5</c1>
         <c2>-0.5</c2>
         <shapeFactor>0.1</shapeFactor>
         <optimalFibreLength>0.08965779782771481</optimalFibreLength>
         <pennationAngle>0.06309973</pennationAngle>
         <tendonSlackLength>0.18257566365022262</tendonSlackLength>
         <maxIsometricForce>1332.4659128475064</maxIsometricForce>
         <strengthCoefficient>1</strengthCoefficient>
      </mtu>
      <mtu>
         <name>vaslat_r</name>
         <c1>-0.5</c1>
         <c2>-0.5</c2>
         <shapeFactor>0.1</shapeFactor>
         <optimalFibreLength>0.08964063419775328</optimalFibreLength>
         <pennationAngle>0.25286729</pennationAngle>
         <tendonSlackLength>0.1989420430323242</tendonSlackLength>
         <maxIsometricForce>4041.896918884645</maxIsometricForce>
         <strengthCoefficient>1</strengthCoefficient>
      </mtu>
      <mtu>
         <name>vasmed_r</name>
         <c1>-0.5</c1>
         <c2>-0.5</c2>
         <shapeFactor>0.1</shapeFactor>
         <optimalFibreLength>0.08749140785553206</optimalFibreLength>
         <pennationAngle>0.42222253</pennationAngle>
         <tendonSlackLength>0.18068084806123863</tendonSlackLength>
         <maxIsometricForce>2157.1022069649252</maxIsometricForce>
         <strengthCoefficient>1</strengthCoefficient>
      </mtu>
      <mtu>
         <name>addbrev_l</name>
         <c1>-0.5</c1>
         <c2>-0.5</c2>
         <shapeFactor>0.1</shapeFactor>
         <optimalFibreLength>0.0923890616225078</optimalFibreLength>
         <pennationAngle>0.11478092</pennationAngle>
         <tendonSlackLength>0.03176740203425165</tendonSlackLength>
         <maxIsometricForce>491.2823788423052</maxIsometricForce>
         <strengthCoefficient>1</strengthCoefficient>
      </mtu>
      <mtu>
         <name>addlong_l</name>
         <c1>-0.5</c1>
         <c2>-0.5</c2>
         <shapeFactor>0.1</shapeFactor>
         <optimalFibreLength>0.09584771145444361</optimalFibreLength>
         <pennationAngle>0.13777039</pennationAngle>
         <tendonSlackLength>0.11675293297121885</tendonSlackLength>
         <maxIsometricForce>719.708415986382</maxIsometricForce>
         <strengthCoefficient>1</strengthCoefficient>
      </mtu>
      <mtu>
         <name>addmagDist_l</name>
         <c1>-0.5</c1>
         <c2>-0.5</c2>
         <shapeFactor>0.1</shapeFactor>
         <optimalFibreLength>0.1570183021245403</optimalFibreLength>
         <pennationAngle>0.19470502</pennationAngle>
         <tendonSlackLength>0.07742871580061553</tendonSlackLength>
         <maxIsometricForce>468.88994035676234</maxIsometricForce>
         <strengthCoefficient>1</strengthCoefficient>
      </mtu>
      <mtu>
         <name>addmagIsch_l</name>
         <c1>-0.5</c1>
         <c2>-0.5</c2>
         <shapeFactor>0.1</shapeFactor>
         <optimalFibreLength>0.13801643586517823</optimalFibreLength>
         <pennationAngle>0.16804429</pennationAngle>
         <tendonSlackLength>0.19115808592487246</tendonSlackLength>
         <maxIsometricForce>468.88994035676234</maxIsometricForce>
         <strengthCoefficient>1</strengthCoefficient>
      </mtu>
      <mtu>
         <name>addmagMid_l</name>
         <c1>-0.5</c1>
         <c2>-0.5</c2>
         <shapeFactor>0.1</shapeFactor>
         <optimalFibreLength>0.12281556557574186</optimalFibreLength>
         <pennationAngle>0.20730759</pennationAngle>
         <tendonSlackLength>0.041587562349890125</tendonSlackLength>
         <maxIsometricForce>468.88994035676234</maxIsometricForce>
         <strengthCoefficient>1</strengthCoefficient>
      </mtu>
      <mtu>
         <name>addmagProx_l</name>
         <c1>-0.5</c1>
         <c2>-0.5</c2>
         <shapeFactor>0.1</shapeFactor>
         <optimalFibreLength>0.09541451288074013</optimalFibreLength>
         <pennationAngle>0.31148326</pennationAngle>
         <tendonSlackLength>0.03643469849151357</tendonSlackLength>
         <maxIsometricForce>468.88994035676234</maxIsometricForce>
         <strengthCoefficient>1</strengthCoefficient>
      </mtu>
      <mtu>
         <name>bflh_l</name>
         <c1>-0.5</c1>
         <c2>-0.5</c2>
         <shapeFactor>0.1</shapeFactor>
         <optimalFibreLength>0.08706132245257676</optimalFibreLength>
         <pennationAngle>0.17591823</pennationAngle>
         <tendonSlackLength>0.29010924210656547</tendonSlackLength>
         <maxIsometricForce>1030.8783740997994</maxIsometricForce>
         <strengthCoefficient>1</strengthCoefficient>
      </mtu>
      <mtu>
         <name>bfsh_l</name>
         <c1>-0.5</c1>
         <c2>-0.5</c2>
         <shapeFactor>0.1</shapeFactor>
         <optimalFibreLength>0.09881654724029668</optimalFibreLength>
         <pennationAngle>0.26422317</pennationAngle>
         <tendonSlackLength>0.09480047306933892</tendonSlackLength>
         <maxIsometricForce>437.34748821419436</maxIsometricForce>
         <strengthCoefficient>1</strengthCoefficient>
      </mtu>
      <mtu>
         <name>edl_l</name>
         <c1>-0.5</c1>
         <c2>-0.5</c2>
         <shapeFactor>0.1</shapeFactor>
         <optimalFibreLength>0.06543984252643921</optimalFibreLength>
         <pennationAngle>0.21825825</pennationAngle>
         <tendonSlackLength>0.3483281093094651</tendonSlackLength>
         <maxIsometricForce>473.7594912931709</maxIsometricForce>
         <strengthCoefficient>1</strengthCoefficient>
      </mtu>
      <mtu>
         <name>ehl_l</name>
         <c1>-0.5</c1>
         <c2>-0.5</c2>
         <shapeFactor>0.1</shapeFactor>
         <optimalFibreLength>0.07049184984172398</optimalFibreLength>
         <pennationAngle>0.19726811</pennationAngle>
         <tendonSlackLength>0.30797331248822996</tendonSlackLength>
         <maxIsometricForce>224.412390620818</maxIsometricForce>
         <strengthCoefficient>1</strengthCoefficient>
      </mtu>
      <mtu>
         <name>fdl_l</name>
         <c1>-0.5</c1>
         <c2>-0.5</c2>
         <shapeFactor>0.1</shapeFactor>
         <optimalFibreLength>0.04184435899521618</optimalFibreLength>
         <pennationAngle>0.22483915</pennationAngle>
         <tendonSlackLength>0.3553701210162586</tendonSlackLength>
         <maxIsometricForce>332.20340722880144</maxIsometricForce>
         <strengthCoefficient>1</strengthCoefficient>
      </mtu>
      <mtu>
         <name>fhl_l</name>
         <c1>-0.5</c1>
         <c2>-0.5</c2>
         <shapeFactor>0.1</shapeFactor>
         <optimalFibreLength>0.04931037053561817</optimalFibreLength>
         <pennationAngle>0.25802551</pennationAngle>
         <tendonSlackLength>0.3315487810302598</tendonSlackLength>
         <maxIsometricForce>712.6741016897157</maxIsometricForce>
         <strengthCoefficient>1</strengthCoefficient>
      </mtu>
      <mtu>
         <name>gaslat_l</name>
         <c1>-0.5</c1>
         <c2>-0.5</c2>
         <shapeFactor>0.1</shapeFactor>
         <optimalFibreLength>0.056357622065188205</optimalFibreLength>
         <pennationAngle>0.21022682</pennationAngle>
         <tendonSlackLength>0.3604493283523787</tendonSlackLength>
         <maxIsometricForce>1236.456402458106</maxIsometricForce>
         <strengthCoefficient>1</strengthCoefficient>
      </mtu>
      <mtu>
         <name>gasmed_l</name>
         <c1>-0.5</c1>
         <c2>-0.5</c2>
         <shapeFactor>0.1</shapeFactor>
         <optimalFibreLength>0.04879949566838545</optimalFibreLength>
         <pennationAngle>0.16568155</pennationAngle>
         <tendonSlackLength>0.3815128617042737</tendonSlackLength>
         <maxIsometricForce>2445.748460574098</maxIsometricForce>
         <strengthCoefficient>1</strengthCoefficient>
      </mtu>
      <mtu>
         <name>glmax1_l</name>
         <c1>-0.5</c1>
         <c2>-0.5</c2>
         <shapeFactor>0.1</shapeFactor>
         <optimalFibreLength>0.1291932586688563</optimalFibreLength>
         <pennationAngle>0.35401178</pennationAngle>
         <tendonSlackLength>0.042924582307852524</tendonSlackLength>
         <maxIsometricForce>772.2920387748479</maxIsometricForce>
         <strengthCoefficient>1</strengthCoefficient>
      </mtu>
      <mtu>
         <name>glmax2_l</name>
         <c1>-0.5</c1>
         <c2>-0.5</c2>
         <shapeFactor>0.1</shapeFactor>
         <optimalFibreLength>0.13886955251938457</optimalFibreLength>
         <pennationAngle>0.36738206</pennationAngle>
         <tendonSlackLength>0.06004750513426889</tendonSlackLength>
         <maxIsometricForce>1103.7773436660132</maxIsometricForce>
         <strengthCoefficient>1</strengthCoefficient>
      </mtu>
      <mtu>
         <name>glmax3_l</name>
         <c1>-0.5</c1>
         <c2>-0.5</c2>
         <shapeFactor>0.1</shapeFactor>
         <optimalFibreLength>0.1487983142792623</optimalFibreLength>
         <pennationAngle>0.38241613</pennationAngle>
         <tendonSlackLength>0.062118044508179995</tendonSlackLength>
         <maxIsometricForce>744.0080725084526</maxIsometricForce>
         <strengthCoefficient>1</strengthCoefficient>
      </mtu>
      <mtu>
         <name>glmed1_l</name>
         <c1>-0.5</c1>
         <c2>-0.5</c2>
         <shapeFactor>0.1</shapeFactor>
         <optimalFibreLength>0.06631783520437687</optimalFibreLength>
         <pennationAngle>0.31655591</pennationAngle>
         <tendonSlackLength>0.05070755428040737</tendonSlackLength>
         <maxIsometricForce>858.3957636417924</maxIsometricForce>
         <strengthCoefficient>1</strengthCoefficient>
      </mtu>
      <mtu>
         <name>glmed2_l</name>
         <c1>-0.5</c1>
         <c2>-0.5</c2>
         <shapeFactor>0.1</shapeFactor>
         <optimalFibreLength>0.07349620957990781</optimalFibreLength>
         <pennationAngle>0.31655591</pennationAngle>
         <tendonSlackLength>0.0656923329142301</tendonSlackLength>
         <maxIsometricForce>600.6139919879199</maxIsometricForce>
         <strengthCoefficient>1</strengthCoefficient>
      </mtu>
      <mtu>
         <name>glmed3_l</name>
         <c1>-0.5</c1>
         <c2>-0.5</c2>
         <shapeFactor>0.1</shapeFactor>
         <optimalFibreLength>0.06852877260581597</optimalFibreLength>
         <pennationAngle>0.31655591</pennationAngle>
         <tendonSlackLength>0.04246234593797151</tendonSlackLength>
         <maxIsometricForce>683.9108229121766</maxIsometricForce>
         <strengthCoefficient>1</strengthCoefficient>
      </mtu>
      <mtu>
         <name>glmin1_l</name>
         <c1>-0.5</c1>
         <c2>-0.5</c2>
         <shapeFactor>0.1</shapeFactor>
         <optimalFibreLength>0.07063476812026617</optimalFibreLength>
         <pennationAngle>0.17453293</pennationAngle>
         <tendonSlackLength>0.01676306641222567</tendonSlackLength>
         <maxIsometricForce>293.63436232008104</maxIsometricForce>
         <strengthCoefficient>1</strengthCoefficient>
      </mtu>
      <mtu>
         <name>glmin2_l</name>
         <c1>-0.5</c1>
         <c2>-0.5</c2>
         <shapeFactor>0.1</shapeFactor>
         <optimalFibreLength>0.05954839368451658</optimalFibreLength>
         <pennationAngle>0.0</pennationAngle>
         <tendonSlackLength>0.027752797280291067</tendonSlackLength>
         <maxIsometricForce>309.94223476196686</maxIsometricForce>
         <strengthCoefficient>1</strengthCoefficient>
      </mtu>
      <mtu>
         <name>glmin3_l</name>
         <c1>-0.5</c1>
         <c2>-0.5</c2>
         <shapeFactor>0.1</shapeFactor>
         <optimalFibreLength>0.030770973373192574</optimalFibreLength>
         <pennationAngle>0.01745329</pennationAngle>
         <tendonSlackLength>0.04119464060336156</tendonSlackLength>
         <maxIsometricForce>350.72735892770464</maxIsometricForce>
         <strengthCoefficient>1</strengthCoefficient>
      </mtu>
      <mtu>
         <name>grac_l</name>
         <c1>-0.5</c1>
         <c2>-0.5</c2>
         <shapeFactor>0.1</shapeFactor>
         <optimalFibreLength>0.204586770588396</optimalFibreLength>
         <pennationAngle>0.17200156</pennationAngle>
         <tendonSlackLength>0.1544852941175118</tendonSlackLength>
         <maxIsometricForce>220.83577265052915</maxIsometricForce>
         <strengthCoefficient>1</strengthCoefficient>
      </mtu>
      <mtu>
         <name>iliacus_l</name>
         <c1>-0.5</c1>
         <c2>-0.5</c2>
         <shapeFactor>0.1</shapeFactor>
         <optimalFibreLength>0.09396270826592419</optimalFibreLength>
         <pennationAngle>0.27991397</pennationAngle>
         <tendonSlackLength>0.08472572309142455</tendonSlackLength>
         <maxIsometricForce>801.6184116603985</maxIsometricForce>
         <strengthCoefficient>1</strengthCoefficient>
      </mtu>
      <mtu>
         <name>perbrev_l</name>
         <c1>-0.5</c1>
         <c2>-0.5</c2>
         <shapeFactor>0.1</shapeFactor>
         <optimalFibreLength>0.04321829628906054</optimalFibreLength>
         <pennationAngle>0.20523612</pennationAngle>
         <tendonSlackLength>0.1404380765050242</tendonSlackLength>
         <maxIsometricForce>409.1548615640465</maxIsometricForce>
         <strengthCoefficient>1</strengthCoefficient>
      </mtu>
      <mtu>
         <name>perlong_l</name>
         <c1>-0.5</c1>
         <c2>-0.5</c2>
         <shapeFactor>0.1</shapeFactor>
         <optimalFibreLength>0.048102714935578154</optimalFibreLength>
         <pennationAngle>0.24795247</pennationAngle>
         <tendonSlackLength>0.3145811149774612</tendonSlackLength>
         <maxIsometricForce>875.5914037219386</maxIsometricForce>
         <strengthCoefficient>1</strengthCoefficient>
      </mtu>
      <mtu>
         <name>piri_l</name>
         <c1>-0.5</c1>
         <c2>-0.5</c2>
         <shapeFactor>0.1</shapeFactor>
         <optimalFibreLength>0.023333770122428803</optimalFibreLength>
         <pennationAngle>0.17453293</pennationAngle>
         <tendonSlackLength>0.1031229135047523</tendonSlackLength>
         <maxIsometricForce>808.4056369806684</maxIsometricForce>
         <strengthCoefficient>1</strengthCoefficient>
      </mtu>
      <mtu>
         <name>psoas_l</name>
         <c1>-0.5</c1>
         <c2>-0.5</c2>
         <shapeFactor>0.1</shapeFactor>
         <optimalFibreLength>0.10278796194811021</optimalFibreLength>
         <pennationAngle>0.21552513</pennationAngle>
         <tendonSlackLength>0.08752642552737734</tendonSlackLength>
         <maxIsometricForce>1120.06205151636</maxIsometricForce>
         <strengthCoefficient>1</strengthCoefficient>
      </mtu>
      <mtu>
         <name>recfem_l</name>
         <c1>-0.5</c1>
         <c2>-0.5</c2>
         <shapeFactor>0.1</shapeFactor>
         <optimalFibreLength>0.0673555121048159</optimalFibreLength>
         <pennationAngle>0.2170149</pennationAngle>
         <tendonSlackLength>0.3980041091862688</tendonSlackLength>
         <maxIsometricForce>1720.5654794545287</maxIsometricForce>
         <strengthCoefficient>1</strengthCoefficient>
      </mtu>
      <mtu>
         <name>sart_l</name>
         <c1>-0.5</c1>
         <c2>-0.5</c2>
         <shapeFactor>0.1</shapeFactor>
         <optimalFibreLength>0.3607569692509308</optimalFibreLength>
         <pennationAngle>0.02613542</pennationAngle>
         <tendonSlackLength>0.11100199237856705</tendonSlackLength>
         <maxIsometricForce>195.79484919928183</maxIsometricForce>
         <strengthCoefficient>1</strengthCoefficient>
      </mtu>
      <mtu>
         <name>semimem_l</name>
         <c1>-0.5</c1>
         <c2>-0.5</c2>
         <shapeFactor>0.1</shapeFactor>
         <optimalFibreLength>0.0614200671861844</optimalFibreLength>
         <pennationAngle>0.25456146</pennationAngle>
         <tendonSlackLength>0.30940223501312636</tendonSlackLength>
         <maxIsometricForce>1727.8237181360464</maxIsometricForce>
         <strengthCoefficient>1</strengthCoefficient>
      </mtu>
      <mtu>
         <name>semiten_l</name>
         <c1>-0.5</c1>
         <c2>-0.5</c2>
         <shapeFactor>0.1</shapeFactor>
         <optimalFibreLength>0.1736046354913048</optimalFibreLength>
         <pennationAngle>0.241295</pennationAngle>
         <tendonSlackLength>0.2223569054252436</tendonSlackLength>
         <maxIsometricForce>464.17980674428605</maxIsometricForce>
         <strengthCoefficient>1</strengthCoefficient>
      </mtu>
      <mtu>
         <name>soleus_l</name>
         <c1>-0.5</c1>
         <c2>-0.5</c2>
         <shapeFactor>0.1</shapeFactor>
         <optimalFibreLength>0.04223426798840953</optimalFibreLength>
         <pennationAngle>0.38142888</pennationAngle>
         <tendonSlackLength>0.26564958366575087</tendonSlackLength>
         <maxIsometricForce>4863.089410393607</maxIsometricForce>
         <strengthCoefficient>1</strengthCoefficient>
      </mtu>
      <mtu>
         <name>tfl_l</name>
         <c1>-0.5</c1>
         <c2>-0.5</c2>
         <shapeFactor>0.1</shapeFactor>
         <optimalFibreLength>0.08243725262925852</optimalFibreLength>
         <pennationAngle>0.05235988</pennationAngle>
         <tendonSlackLength>0.39005581242805765</tendonSlackLength>
         <maxIsometricForce>322.80630459538605</maxIsometricForce>
         <strengthCoefficient>1</strengthCoefficient>
      </mtu>
      <mtu>
         <name>tibant_l</name>
         <c1>-0.5</c1>
         <c2>-0.5</c2>
         <shapeFactor>0.1</shapeFactor>
         <optimalFibreLength>0.06498597685925254</optimalFibreLength>
         <pennationAngle>0.19518281</pennationAngle>
         <tendonSlackLength>0.2287934802019215</tendonSlackLength>
         <maxIsometricForce>963.577514154969</maxIsometricForce>
         <strengthCoefficient>1</strengthCoefficient>
      </mtu>
      <mtu>
         <name>tibpost_l</name>
         <c1>-0.5</c1>
         <c2>-0.5</c2>
         <shapeFactor>0.1</shapeFactor>
         <optimalFibreLength>0.03606477968337333</optimalFibreLength>
         <pennationAngle>0.22648907</pennationAngle>
         <tendonSlackLength>0.26789034164834474</tendonSlackLength>
         <maxIsometricForce>1358.2094955753603</maxIsometricForce>
         <strengthCoefficient>1</strengthCoefficient>
      </mtu>
      <mtu>
         <name>vasint_l</name>
         <c1>-0.5</c1>
         <c2>-0.5</c2>
         <shapeFactor>0.1</shapeFactor>
         <optimalFibreLength>0.0888567473463987</optimalFibreLength>
         <pennationAngle>0.06309973</pennationAngle>
         <tendonSlackLength>0.1809444355051297</tendonSlackLength>
         <maxIsometricForce>1332.4659128475064</maxIsometricForce>
         <strengthCoefficient>1</strengthCoefficient>
      </mtu>
      <mtu>
         <name>vaslat_l</name>
         <c1>-0.5</c1>
         <c2>-0.5</c2>
         <shapeFactor>0.1</shapeFactor>
         <optimalFibreLength>0.08887661224371685</optimalFibreLength>
         <pennationAngle>0.25286729</pennationAngle>
         <tendonSlackLength>0.1972464270896453</tendonSlackLength>
         <maxIsometricForce>4041.896918884645</maxIsometricForce>
         <strengthCoefficient>1</strengthCoefficient>
      </mtu>
      <mtu>
         <name>vasmed_l</name>
         <c1>-0.5</c1>
         <c2>-0.5</c2>
         <shapeFactor>0.1</shapeFactor>
         <optimalFibreLength>0.08667787081738387</optimalFibreLength>
         <pennationAngle>0.42222253</pennationAngle>
         <tendonSlackLength>0.1790007909495214</tendonSlackLength>
         <maxIsometricForce>2157.1022069649252</maxIsometricForce>
         <strengthCoefficient>1</strengthCoefficient>
      </mtu>
   </mtuSet>
   <dofSet>
      <dof>
         <name>hip_flexion_r</name>
         <mtuNameSet>addbrev_r addlong_r addmagDist_r addmagIsch_r addmagMid_r addmagProx_r bflh_r glmax1_r glmax2_r glmax3_r glmed1_r glmed2_r glmed3_r glmin1_r glmin2_r glmin3_r grac_r iliacus_r piri_r psoas_r recfem_r sart_r semimem_r semiten_r tfl_r</mtuNameSet>
      </dof>
      <dof>
         <name>hip_adduction_r</name>
         <mtuNameSet>addbrev_r addlong_r addmagDist_r addmagIsch_r addmagMid_r addmagProx_r bflh_r glmax1_r glmax2_r glmax3_r glmed1_r glmed2_r glmed3_r glmin1_r glmin2_r glmin3_r grac_r iliacus_r piri_r psoas_r recfem_r sart_r semimem_r semiten_r tfl_r</mtuNameSet>
      </dof>
      <dof>
         <name>hip_rotation_r</name>
         <mtuNameSet>addbrev_r addlong_r addmagDist_r addmagIsch_r addmagMid_r addmagProx_r bflh_r glmax1_r glmax2_r glmax3_r glmed1_r glmed2_r glmed3_r glmin1_r glmin2_r glmin3_r grac_r iliacus_r piri_r psoas_r recfem_r sart_r semimem_r semiten_r tfl_r</mtuNameSet>
      </dof>
      <dof>
         <name>knee_angle_r</name>
         <mtuNameSet>bflh_r bfsh_r gaslat_r gasmed_r grac_r recfem_r sart_r semimem_r semiten_r tfl_r vasint_r vaslat_r vasmed_r</mtuNameSet>
      </dof>
      <dof>
         <name>ankle_angle_r</name>
         <mtuNameSet>edl_r ehl_r fdl_r fhl_r gaslat_r gasmed_r perbrev_r perlong_r soleus_r tibant_r tibpost_r</mtuNameSet>
      </dof>
      <dof>
         <name>hip_flexion_l</name>
         <mtuNameSet>addbrev_l addlong_l addmagDist_l addmagIsch_l addmagMid_l addmagProx_l bflh_l glmax1_l glmax2_l glmax3_l glmed1_l glmed2_l glmed3_l glmin1_l glmin2_l glmin3_l grac_l iliacus_l piri_l psoas_l recfem_l sart_l semimem_l semiten_l tfl_l</mtuNameSet>
      </dof>
      <dof>
         <name>hip_adduction_l</name>
         <mtuNameSet>addbrev_l addlong_l addmagDist_l addmagIsch_l addmagMid_l addmagProx_l bflh_l glmax1_l glmax2_l glmax3_l glmed1_l glmed2_l glmed3_l glmin1_l glmin2_l glmin3_l grac_l iliacus_l piri_l psoas_l recfem_l sart_l semimem_l semiten_l tfl_l</mtuNameSet>
      </dof>
      <dof>
         <name>hip_rotation_l</name>
         <mtuNameSet>addbrev_l addlong_l addmagDist_l addmagIsch_l addmagMid_l addmagProx_l bflh_l glmax1_l glmax2_l glmax3_l glmed1_l glmed2_l glmed3_l glmin1_l glmin2_l glmin3_l grac_l iliacus_l piri_l psoas_l recfem_l sart_l semimem_l semiten_l tfl_l</mtuNameSet>
      </dof>
      <dof>
         <name>knee_angle_l</name>
         <mtuNameSet>bflh_l bfsh_l gaslat_l gasmed_l grac_l recfem_l sart_l semimem_l semiten_l tfl_l vasint_l vaslat_l vasmed_l</mtuNameSet>
      </dof>
   </dofSet>
   <calibrationInfo>
      <uncalibrated>
         <subjectID>P01_pers.osim</subjectID>
         <additionalInfo>TendonSlackLength and OptimalFibreLength scaled with Winby-Modenese</additionalInfo>
      </uncalibrated>
   </calibrationInfo>
   <opensimModelFile>..\../001/P01/model_update/5_optimised/P01_pers.osim</opensimModelFile>
</subject>