time,addbrev_r,addlong_r,addmagDist_r,addmagIsch_r,addmagMid_r,addmagProx_r,bflh_r,bfsh_r,edl_r,ehl_r,fdl_r,fhl_r,gaslat_r,gasmed_r,glmax1_r,glmax2_r,glmax3_r,glmed1_r,glmed2_r,glmed3_r,glmin1_r,glmin2_r,glmin3_r,grac_r,iliacus_r,perbrev_r,perlong_r,piri_r,psoas_r,recfem_r,sart_r,semimem_r,semiten_r,soleus_r,tfl_r,tibant_r,tibpost_r,vasint_r,vaslat_r,vasmed_r,addbrev_l,addlong_l,addmagDist_l,addmagIsch_l,addmagMid_l,addmagProx_l,bflh_l,bfsh_l,edl_l,ehl_l,fdl_l,fhl_l,gaslat_l,gasmed_l,glmax1_l,glmax2_l,glmax3_l,glmed1_l,glmed2_l,glmed3_l,glmin1_l,glmin2_l,glmin3_l,grac_l,iliacus_l,perbrev_l,perlong_l,piri_l,psoas_l,recfem_l,sart_l,semimem_l,semiten_l,soleus_l,tfl_l,tibant_l,tibpost_l,vasint_l,vaslat_l,vasmed_l,
4.275,0.0885771,0.0885746,0.0889781,0.0885759,0.0885777,0.0885883,0.0368505,0.0368298,0.0238002,0.00532585,0.0460244,0.088442,0.0395111,0.0565862,0.0549868,0.0549869,0.0549869,0.122701,0.116426,0.177706,0.202631,0.114015,0.0982153,0.0562404,0.00130465,0.0514896,0.0645395,0.0508243,0,0.0185401,0.066753,0.0583892,0.0583011,0.0480732,0.00531128,0.0466717,0.0530108,0.0367725,0.0251399,0.0485147,0.0569275,0.083974,0.0294881,0.0297102,0.141963,0.105486,0.0283491,0.0530134,0.0304673,0.0276956,0.0288925,0.0320347,0.0280574,0.0282506,0.151968,0.0656246,0.127658,0.0223601,0.043887,0.136765,0.0367732,0.0346718,0.0337395,0.0502731,0.0620098,0.0284941,0.0279297,0.0298574,0.0353991,0.02921,0.0391359,0.0269186,0.0315433,0.0255278,0.0297083,0.0281982,0.0289739,0.029332,0.0293671,0.0272293,
4.28,0.0813218,0.08132,0.0819013,0.081321,0.081322,0.0813345,0.0292094,0.0291986,0.0261838,0.0129797,0.0451266,0.0780098,0.0282274,0.0470736,0.0598681,0.0598718,0.0598726,0.0703415,0.0675342,0.103619,0.111446,0.0658814,0.0568141,0.0613284,0.000670062,0.0427177,0.0657825,0.0484754,0.00264469,0.0645495,0.0694273,0.0469244,0.0468986,0.0374628,0.0307122,0.0444216,0.0635265,0.0303225,0.0216611,0.0420026,0.04937,0.0604455,0.0355449,0.0319817,0.151803,0.0898867,0.0334926,0.0590749,0.0319546,0.0267099,0.0346005,0.0318949,0.0286337,0.0328762,0.168113,0.0984093,0.13827,0.0460165,0.0531464,0.110111,0.0343165,0.03525,0.0369217,0.0517423,0.048727,0.0330608,0.0342366,0.0320259,0.0363114,0.0335807,0.042444,0.0341707,0.0427605,0.0295542,0.0306156,0.0294612,0.0305583,0.0322533,0.0337441,0.0308389,
4.285,0.0764394,0.0764427,0.0770895,0.0764412,0.0764385,0.0764512,0.0285722,0.0285717,0.0257175,0.0188032,0.0398483,0.0652388,0.0088368,0.0174544,0.0498433,0.049851,0.0498527,0.000349608,1.73839e-05,0.00183277,5.70486e-06,7.81121e-05,8.31894e-05,0.0721961,0,0.0286666,0.069504,0.029711,0.00601519,0.117561,0.0797558,0.031794,0.0318024,0.012792,0.0617,0.0524961,0.0791577,0.00445382,0.010249,0.00352805,0.0371062,0.0325025,0.0403712,0.0316142,0.170917,0.0362604,0.0327269,0.0404507,0.0302874,0.0217278,0.0362042,0.0307866,0.0250183,0.0347173,0.199102,0.14764,0.178589,0.0749529,0.0608529,0.0740791,0.0261126,0.0542567,0.0546823,0.0409853,0.0246226,0.0357649,0.0365917,0.0314484,0.0311394,0.0360922,0.0436899,0.0391244,0.029646,0.0272563,0.0288243,0.027874,0.0297021,0.0305386,0.0350106,0.0288691,
4.29,0.0744763,0.0744796,0.0751015,0.0744781,0.0744754,0.0744876,0.0232366,0.023236,0.0247242,0.0153537,0.0379595,0.0637875,0.00718215,0.0138482,0.0458606,0.0458684,0.0458701,0.000345858,8.23053e-06,0.000360376,0,3.46313e-05,7.42849e-05,0.0697265,0,0.0268888,0.0682955,0.0246938,0.00595067,0.115913,0.0788815,0.0256427,0.0256469,0.0101677,0.0608586,0.0492078,0.0776093,0.0029077,0.00890664,0.00174985,0.035036,0.0303936,0.0385062,0.0297588,0.167352,0.0318455,0.0307224,0.0378287,0.0285724,0.0200355,0.0343162,0.0290931,0.0232622,0.0329387,0.188273,0.137442,0.169081,0.0671401,0.0541778,0.0680591,0.0240332,0.0497509,0.0502186,0.0393746,0.0230657,0.0339383,0.0346964,0.029534,0.0292362,0.0342098,0.0417575,0.0371259,0.0266497,0.0258857,0.0269759,0.0260333,0.0278419,0.0287129,0.0330902,0.0272126,
4.295,0.0941392,0.0941435,0.0946883,0.0941415,0.094138,0.0941566,0.0263097,0.0263092,0.0365246,0.0277963,0.0521967,0.0807415,0.00864315,0.0169072,0.0559222,0.0559296,0.0559311,0.00040591,0,0.000252902,1.34636e-06,0.000106422,8.08895e-05,0.0808491,0.0757629,0.036033,0.0860541,0.0347523,0.0905873,0.149371,0.149241,0.0295445,0.02955,0.0123623,0.0753978,0.104844,0.110959,0.00680146,0.0142635,0.00382643,0.0480914,0.043301,0.0540534,0.0396091,0.233456,0.0453277,0.038634,0.0522014,0.0394184,0.0315232,0.0458761,0.0409466,0.0354997,0.0452287,0.255255,0.200172,0.241693,0.132201,0.122708,0.148471,0.0366842,0.0811602,0.0888419,0.054321,0.0339102,0.0465316,0.0476057,0.0419267,0.0409031,0.0448477,0.0582172,0.0505406,0.0382594,0.0375727,0.0383442,0.0383633,0.0412187,0.0403059,0.0453165,0.0387673,
4.3,0.115884,0.115889,0.116166,0.115887,0.115883,0.115912,0.0255075,0.0255073,0.055119,0.0471635,0.0732333,0.101034,0.0138667,0.0292578,0.07564,0.0756456,0.0756467,0.0104084,0.010751,0.0108046,0.0105848,0.0100522,0.008621,0.0859015,0.219246,0.0495648,0.105611,0.0523423,0.249456,0.189608,0.263697,0.0297678,0.0297713,0.021038,0.089402,0.195707,0.157293,0.0250396,0.0284395,0.0247516,0.0664332,0.061892,0.0760731,0.0532444,0.3212,0.0774548,0.0491953,0.0833137,0.055147,0.0504911,0.0620654,0.0579295,0.0554266,0.0628965,0.335481,0.282554,0.332128,0.237849,0.239843,0.287624,0.0574825,0.12366,0.146102,0.0823619,0.0526619,0.0641126,0.0662262,0.0601588,0.0588699,0.058619,0.0823392,0.0690719,0.0618237,0.0566913,0.0551473,0.0574864,0.061629,0.0578278,0.0627873,0.0568828,
4.305,0.142642,0.142648,0.142857,0.142645,0.142641,0.142678,0.023444,0.0234438,0.0699955,0.0632357,0.0903285,0.122611,0.00996534,0.0202866,0.0776217,0.0776266,0.0776277,0.000530162,8.28536e-06,0.000362777,0,0.000481305,6.76556e-05,0.101912,0.321366,0.0598976,0.129752,0.0627373,0.363745,0.23389,0.361271,0.0331378,0.0331554,0.01458,0.10998,0.270823,0.202949,0.0183006,0.0282191,0.0115004,0.0832075,0.078008,0.0962085,0.0651333,0.413596,0.0858578,0.0582254,0.0939718,0.068537,0.0643102,0.0764036,0.0726758,0.0701372,0.0781075,0.431963,0.372151,0.43616,0.327333,0.333217,0.396729,0.0726753,0.167759,0.199739,0.0957051,0.064988,0.0800393,0.082457,0.0755555,0.0731359,0.0719499,0.102792,0.0860485,0.0734257,0.0706546,0.0691394,0.0724832,0.078305,0.0721029,0.0780248,0.0708043,
4.31,0.190196,0.1902,0.190772,0.190198,0.190195,0.190243,0.0284579,0.0284538,0.0876398,0.0755478,0.115889,0.162295,0.0153238,0.0329661,0.107589,0.107597,0.107599,0.0138873,0.012101,0.0276014,0.0282344,0.0128225,0.00864879,0.138119,0.35326,0.0814304,0.168684,0.0902602,0.401015,0.288132,0.427165,0.0461162,0.0461398,0.0234607,0.136406,0.313669,0.249687,0.0293415,0.03675,0.0276034,0.111034,0.101911,0.120346,0.0844538,0.520343,0.129275,0.078438,0.12919,0.0882377,0.0809663,0.0985488,0.0920044,0.0883698,0.0994076,0.54954,0.454476,0.536448,0.381851,0.390884,0.482499,0.0933529,0.195448,0.232489,0.125661,0.0843177,0.101332,0.10526,0.0958707,0.0954678,0.0927941,0.13007,0.10909,0.102365,0.0905015,0.0880705,0.0911779,0.0980599,0.0927104,0.0998151,0.0905406,
4.315,0.205742,0.20575,0.206162,0.205746,0.20574,0.205791,0.0305503,0.0305495,0.0984907,0.0837154,0.128215,0.179057,0.0151516,0.0315938,0.109329,0.109336,0.109338,0.00273656,0.00186115,0.003618,0.00286351,0.00247414,0.00180405,0.148413,0.429801,0.0852559,0.188589,0.0838214,0.487766,0.33848,0.501363,0.0423942,0.0424176,0.0225603,0.160533,0.370244,0.287864,0.0248451,0.0390174,0.015578,0.118175,0.110372,0.135686,0.0918149,0.589423,0.120897,0.0833166,0.131851,0.0966721,0.0890486,0.108487,0.102138,0.0974838,0.110334,0.601031,0.508739,0.604809,0.436795,0.444738,0.535835,0.100695,0.225806,0.269077,0.13507,0.092493,0.113027,0.116584,0.10614,0.102902,0.10219,0.144641,0.121894,0.10404,0.0999646,0.096995,0.100992,0.109374,0.101437,0.110001,0.100057,
4.32,0.245725,0.245736,0.24632,0.245731,0.245722,0.245783,0.0531516,0.053151,0.116517,0.102106,0.154286,0.214113,0.0254907,0.0547297,0.146841,0.146852,0.146854,0.00934459,0.00906373,0.0119451,0.00893501,0.00890262,0.00733479,0.181776,0.476661,0.103957,0.22452,0.107515,0.54218,0.403712,0.571167,0.0623367,0.0623578,0.0390618,0.191681,0.426303,0.337023,0.0407293,0.0537678,0.0336169,0.141547,0.13156,0.161894,0.111809,0.690441,0.153568,0.102964,0.164603,0.116566,0.106673,0.131147,0.122793,0.116911,0.132919,0.715774,0.603944,0.715211,0.508631,0.513084,0.614663,0.120987,0.266567,0.314583,0.165769,0.110217,0.135924,0.140174,0.127715,0.123885,0.124013,0.173264,0.146828,0.128098,0.119613,0.116948,0.121433,0.130916,0.12211,0.132654,0.120295,
4.325,0.265935,0.265945,0.266583,0.26594,0.265933,0.265999,0.0416485,0.0416475,0.126715,0.109254,0.165708,0.230973,0.0203981,0.0446441,0.144758,0.144769,0.144771,0.00158124,0.000486782,0.00568276,0.00168777,0.00144992,0.000367105,0.193794,0.537504,0.110941,0.243202,0.113218,0.61065,0.436506,0.63541,0.0584114,0.0584527,0.0314605,0.207656,0.469097,0.36856,0.0336569,0.0506738,0.0235452,0.153491,0.141451,0.17514,0.119382,0.75684,0.161869,0.109703,0.173346,0.12541,0.114973,0.141167,0.131819,0.125946,0.142976,0.777004,0.655419,0.776258,0.55759,0.566355,0.682051,0.130425,0.287071,0.341962,0.174769,0.119057,0.146319,0.151353,0.137461,0.133837,0.132868,0.186528,0.158146,0.139277,0.12968,0.125662,0.130472,0.141179,0.131747,0.142739,0.129915,
4.33,0.296422,0.296436,0.297179,0.296429,0.296419,0.296491,0.0531353,0.0531343,0.139907,0.11966,0.184248,0.259188,0.025565,0.0568087,0.16238,0.162391,0.162393,0.00115736,2.36374e-05,0.00542369,2.3364e-05,0.000925004,0.000110223,0.217852,0.579616,0.123326,0.272423,0.121921,0.659512,0.490825,0.69751,0.0653117,0.0653507,0.0399628,0.234418,0.515969,0.409297,0.0378734,0.0576624,0.0252433,0.170193,0.156744,0.194453,0.132491,0.841148,0.175945,0.122322,0.189003,0.139112,0.126601,0.156958,0.146413,0.138861,0.158817,0.85457,0.717314,0.857131,0.6025,0.610093,0.735353,0.14325,0.314796,0.373495,0.192601,0.131361,0.162617,0.167924,0.152564,0.147658,0.1481,0.206465,0.176173,0.152734,0.143625,0.13942,0.144241,0.1563,0.145756,0.158308,0.144131,
4.335,0.312529,0.312537,0.313316,0.312534,0.312527,0.3126,0.0411478,0.0411462,0.151982,0.124001,0.202018,0.287525,0.0373012,0.0668295,0.166448,0.166458,0.166461,0.0345267,0.0336401,0.044587,0.0323927,0.0337207,0.0338838,0.223775,0.63049,0.136212,0.291736,0.136662,0.71607,0.509597,0.745467,0.0861804,0.0862687,0.0508629,0.242134,0.541512,0.434582,0.0412639,0.058356,0.0332598,0.185457,0.189073,0.207876,0.141655,0.889586,0.217281,0.132331,0.211959,0.149779,0.137319,0.169422,0.156022,0.150202,0.169918,0.893283,0.746396,0.886394,0.638466,0.654814,0.799746,0.156593,0.321143,0.387831,0.208777,0.16783,0.174165,0.180875,0.163401,0.161717,0.157948,0.220361,0.187286,0.176872,0.156287,0.149397,0.154652,0.167581,0.157938,0.169633,0.157334,
4.34,0.335491,0.335499,0.336425,0.335496,0.335489,0.335575,0.02812,0.028119,0.161965,0.130714,0.210269,0.293379,0.0245407,0.0561772,0.188507,0.188522,0.188525,0.0116472,0.0113432,0.0176882,0.0109924,0.011788,0.00894249,0.241149,0.676366,0.140531,0.308063,0.145143,0.768494,0.554166,0.799338,0.0592996,0.05937,0.0389627,0.262476,0.574655,0.464409,0.0525152,0.0656691,0.0504504,0.193803,0.175718,0.220505,0.150627,0.953362,0.224593,0.140783,0.237816,0.158551,0.144953,0.179627,0.164632,0.159297,0.18091,0.963804,0.806402,0.947471,0.689992,0.707017,0.860043,0.165347,0.339989,0.412991,0.231179,0.15468,0.18427,0.192473,0.172669,0.171395,0.167218,0.236155,0.199298,0.190102,0.16723,0.157615,0.163982,0.177061,0.167664,0.180622,0.166046,
4.345,0.339507,0.339519,0.340198,0.339513,0.339504,0.339591,0.0455073,0.0455066,0.16607,0.138608,0.216035,0.298784,0.0310122,0.0663399,0.194507,0.19452,0.194523,0.0183083,0.0181948,0.0211108,0.0172374,0.0179087,0.0154372,0.241672,0.722354,0.144009,0.31221,0.145522,0.819185,0.5629,0.833019,0.0681224,0.0681669,0.0472494,0.264802,0.611299,0.477268,0.0575681,0.072726,0.0510285,0.197559,0.184661,0.226498,0.154037,0.974324,0.222449,0.141335,0.236978,0.16233,0.150408,0.182554,0.170373,0.164711,0.185199,0.984663,0.833401,0.984516,0.724269,0.741736,0.896282,0.170445,0.364403,0.43932,0.235528,0.159975,0.189009,0.196059,0.17784,0.174214,0.170669,0.24248,0.203879,0.185938,0.170196,0.162551,0.169726,0.183279,0.171131,0.184597,0.169614,
4.35,0.341046,0.341056,0.341753,0.341052,0.341044,0.341131,0.0297489,0.029747,0.167871,0.139636,0.216551,0.300966,0.0248867,0.0546186,0.176623,0.176634,0.176636,0.00930712,0.00783947,0.0181985,0.0109307,0.00919519,0.00735574,0.238089,0.754909,0.144379,0.31387,0.144777,0.855027,0.562763,0.860115,0.0610195,0.061093,0.0384269,0.265215,0.627722,0.484083,0.0451988,0.0641441,0.0348747,0.200951,0.187555,0.228064,0.153102,0.992257,0.22236,0.140691,0.231011,0.162961,0.151582,0.1832,0.170568,0.165661,0.185525,0.989373,0.835917,0.991056,0.734327,0.758263,0.923038,0.171788,0.363345,0.442448,0.229295,0.163155,0.189514,0.19723,0.178805,0.17567,0.170365,0.24226,0.204741,0.190719,0.172296,0.163253,0.170104,0.184532,0.172288,0.185002,0.171281,
4.355,0.339817,0.33983,0.340463,0.339824,0.339814,0.339902,0.0273562,0.0273543,0.168204,0.138352,0.215804,0.300288,0.0241845,0.0592912,0.172817,0.172826,0.172828,0.00317148,0.00156118,0.0133242,0.00564385,0.0031219,0.000917569,0.233626,0.773097,0.143385,0.313707,0.137819,0.875204,0.568762,0.874956,0.0471592,0.0472228,0.040372,0.26757,0.639612,0.487654,0.0469597,0.065958,0.035039,0.200673,0.183056,0.22812,0.151516,1,0.217331,0.139234,0.227378,0.162387,0.151484,0.182465,0.170293,0.165507,0.18517,0.972412,0.820418,0.98366,0.72601,0.753837,0.921737,0.170756,0.358357,0.439053,0.227719,0.159,0.188951,0.196765,0.178771,0.174492,0.169315,0.241283,0.204957,0.190762,0.173433,0.16306,0.169738,0.184687,0.171677,0.184174,0.17167,
4.36,0.335627,0.335639,0.336092,0.335633,0.335625,0.335714,0.0293994,0.0293986,0.168173,0.143121,0.214103,0.292625,0.0203056,0.0458342,0.172528,0.172538,0.17254,0.00125546,6.99068e-05,0.00306089,0,0.0014043,6.18835e-05,0.23108,0.799129,0.140744,0.30841,0.139554,0.903429,0.560592,0.884033,0.0534715,0.0535267,0.0317619,0.262393,0.651454,0.487254,0.0441516,0.0650315,0.030434,0.197352,0.182476,0.227886,0.151467,0.993182,0.208657,0.136258,0.225942,0.16155,0.152281,0.180598,0.170463,0.166163,0.184394,0.993236,0.851809,1,0.76382,0.788804,0.95129,0.171565,0.378804,0.460673,0.228037,0.156878,0.188474,0.195479,0.178176,0.173458,0.16813,0.242368,0.203301,0.182237,0.170895,0.162623,0.170582,0.18505,0.170806,0.183667,0.16953,
4.365,0.33226,0.332271,0.332539,0.332266,0.332257,0.332348,0.0165357,0.0165325,0.169644,0.142918,0.213533,0.29078,0.0188276,0.0455647,0.161135,0.161142,0.161143,0.00633752,0.00406359,0.0164257,0.0153749,0.00587182,0.00249327,0.217724,0.854913,0.141506,0.303909,0.137055,0.963649,0.548375,0.918121,0.0386429,0.0386919,0.030965,0.253736,0.677425,0.489786,0.046243,0.065357,0.0321725,0.199611,0.184459,0.226978,0.148789,1,0.213859,0.132655,0.224458,0.160898,0.154441,0.178432,0.170089,0.167724,0.182966,0.974548,0.836077,0.99784,0.772203,0.810042,0.990034,0.17357,0.375909,0.463584,0.226541,0.158745,0.186711,0.194083,0.178132,0.173597,0.164936,0.240954,0.201448,0.185415,0.172819,0.162646,0.170978,0.186016,0.170577,0.182017,0.170268,
4.37,0.318273,0.318288,0.318313,0.318281,0.31827,0.318358,0.0134052,0.0134044,0.166421,0.138943,0.207375,0.280496,0.0172453,0.04141,0.151784,0.15179,0.151791,0.00166519,0.000388106,0.0012006,0.0014934,0.00163861,0.000246983,0.205083,0.872652,0.134134,0.294746,0.122059,0.982984,0.543026,0.919059,0.0280587,0.0280947,0.0280914,0.250215,0.679996,0.483984,0.0440805,0.0648472,0.0268523,0.190376,0.177201,0.221986,0.143131,0.980654,0.194682,0.125487,0.213481,0.155507,0.150465,0.172315,0.165551,0.163468,0.177774,0.939155,0.816009,0.976067,0.766826,0.804675,0.975475,0.167644,0.373403,0.461626,0.220101,0.15352,0.181621,0.188227,0.173034,0.166831,0.159095,0.235022,0.195869,0.173648,0.16811,0.157697,0.166643,0.181646,0.164887,0.176257,0.165302,
4.375,0.30271,0.302723,0.302537,0.302716,0.302707,0.302794,0.0185145,0.0185142,0.163848,0.14634,0.202673,0.265468,0.0177318,0.0416377,0.14846,0.148462,0.148463,0.00106773,1.19036e-05,0.00163412,5.92476e-06,0.00130584,1.66267e-05,0.190319,0.900222,0.131154,0.278609,0.128828,1,0.515694,0.916809,0.0362613,0.0363042,0.0285478,0.234757,0.689237,0.471097,0.0468344,0.0659891,0.0297431,0.186305,0.175363,0.217803,0.140315,0.950122,0.19602,0.121408,0.211009,0.152804,0.151097,0.168069,0.16312,0.163368,0.174196,0.926658,0.820218,0.968279,0.790921,0.830659,0.997382,0.168219,0.381248,0.471595,0.215226,0.151966,0.177977,0.184403,0.170917,0.164583,0.154768,0.230585,0.191459,0.172878,0.165299,0.156028,0.165886,0.18048,0.162616,0.173026,0.162753,
4.38,0.285889,0.285901,0.285575,0.285895,0.285886,0.28597,0.018073,0.0180726,0.158517,0.145406,0.194911,0.251225,0.0179595,0.0430158,0.140007,0.140007,0.140007,0.00149145,0.000406404,0.00437401,0.00153317,0.00174714,0.000248378,0.174533,0.901479,0.126252,0.262652,0.126526,1,0.487913,0.89909,0.0345196,0.0345631,0.0294317,0.220084,0.681274,0.453188,0.0478534,0.0653226,0.0309547,0.179703,0.169926,0.209768,0.134344,0.912235,0.192021,0.115363,0.203105,0.147165,0.147655,0.161058,0.157397,0.159125,0.167465,0.886449,0.791792,0.933147,0.778722,0.821423,0.985207,0.164042,0.371991,0.462204,0.206383,0.147626,0.171026,0.177296,0.165288,0.158869,0.147772,0.221643,0.183939,0.168885,0.160162,0.150987,0.160993,0.175232,0.156996,0.16633,0.157501,
4.385,0.270333,0.270343,0.269876,0.270338,0.270331,0.270413,0.0094523,0.00945235,0.153321,0.141912,0.18627,0.236167,0.0136781,0.0322191,0.129986,0.129985,0.129985,0.000907342,1.69454e-05,0.000741962,0,0.00132655,0,0.160692,0.903571,0.119617,0.247845,0.121678,1,0.46214,0.882729,0.0293838,0.0294266,0.021985,0.20655,0.669347,0.43686,0.0452018,0.0617994,0.0289084,0.171205,0.162778,0.2014,0.128101,0.875631,0.183202,0.108252,0.19613,0.140778,0.143104,0.15336,0.150935,0.153954,0.160207,0.855529,0.77254,0.903172,0.773734,0.818078,0.977922,0.15884,0.365514,0.455872,0.198975,0.142037,0.163607,0.169637,0.158461,0.152508,0.140234,0.213295,0.175403,0.16102,0.153822,0.144737,0.1553,0.168913,0.150613,0.159184,0.15088,
4.39,0.255248,0.255257,0.254638,0.255252,0.255246,0.255325,0.0128764,0.0128767,0.148367,0.142734,0.179173,0.222128,0.0135615,0.0311128,0.124006,0.124005,0.124004,0.000828374,2.26861e-06,0.000564957,2.47882e-06,0.00126834,1.11022e-05,0.1479,0.904574,0.114933,0.232959,0.120822,1,0.436,0.865471,0.0321055,0.0321449,0.0214549,0.19279,0.663387,0.420523,0.0453707,0.0612819,0.0285003,0.164716,0.158171,0.194382,0.123238,0.83978,0.176972,0.102599,0.18837,0.135788,0.140207,0.146938,0.146201,0.150332,0.154279,0.828207,0.757454,0.880445,0.771485,0.81635,0.970894,0.155341,0.363755,0.453383,0.19115,0.13741,0.157616,0.16317,0.153528,0.147243,0.13422,0.205873,0.168619,0.154601,0.148379,0.140385,0.151314,0.164445,0.145511,0.15339,0.145635,
4.395,0.239756,0.239764,0.239009,0.23976,0.239754,0.239832,0.00972197,0.00972235,0.143383,0.141438,0.171476,0.207864,0.0118072,0.0268234,0.115889,0.115886,0.115885,0.000749542,6.44808e-06,0.000282331,0,0.00128605,6.97611e-06,0.13398,0.906219,0.109614,0.217995,0.118596,1,0.409709,0.848722,0.0304361,0.0304761,0.0185191,0.178943,0.654301,0.403929,0.0447933,0.0594534,0.0283485,0.157688,0.152456,0.186706,0.117672,0.803647,0.171477,0.0965323,0.181637,0.130239,0.136654,0.140082,0.140589,0.146092,0.147774,0.796549,0.737305,0.851285,0.765683,0.812404,0.963272,0.151213,0.357587,0.447176,0.183537,0.132795,0.150943,0.156293,0.147804,0.141714,0.127481,0.197834,0.161115,0.149187,0.142938,0.135228,0.146529,0.15916,0.139992,0.147005,0.140085,
4.4,0.21852,0.218527,0.217626,0.218524,0.218519,0.218593,0.00687605,0.00687659,0.135485,0.137461,0.160183,0.189017,0.0102333,0.0232106,0.104668,0.104663,0.104662,0.000651472,2.72808e-06,0.00011945,0,0.0012534,0,0.115958,0.893983,0.101928,0.198013,0.113108,0.997707,0.374699,0.817205,0.0272839,0.0273222,0.0160275,0.161058,0.63464,0.379267,0.0436945,0.0568518,0.0275983,0.147318,0.143642,0.175157,0.109405,0.751158,0.161868,0.0880818,0.170339,0.1219,0.130434,0.13012,0.13209,0.138941,0.138109,0.745541,0.700128,0.803796,0.744408,0.792698,0.937133,0.14397,0.344214,0.432244,0.171723,0.125459,0.141045,0.146034,0.139062,0.133063,0.117862,0.185517,0.150218,0.140466,0.134638,0.127307,0.138774,0.15072,0.131475,0.13741,0.131693,
4.405,0.20287,0.202876,0.2019,0.202873,0.202869,0.20294,0.0111661,0.0111668,0.128901,0.135664,0.151833,0.174253,0.0109297,0.0234296,0.102357,0.102351,0.10235,0.00332851,0.00296723,0.00260211,0.00292193,0.00388948,0.00238126,0.105081,0.86927,0.0968149,0.182352,0.112944,0.969112,0.345784,0.78117,0.0318275,0.0318615,0.0165514,0.146503,0.612554,0.357408,0.0456791,0.0566899,0.0312066,0.139438,0.137396,0.166184,0.104161,0.704853,0.157286,0.0828071,0.164376,0.115932,0.12578,0.122961,0.125963,0.133623,0.131076,0.712506,0.676885,0.76977,0.728204,0.774852,0.911259,0.138883,0.336053,0.421198,0.16443,0.119747,0.133828,0.138411,0.132617,0.126871,0.111308,0.176589,0.142083,0.133811,0.127771,0.121604,0.133209,0.144296,0.125269,0.130608,0.125125,
4.41,0.176553,0.176555,0.17557,0.176554,0.176553,0.176617,0.0252167,0.0252117,0.11128,0.132068,0.131399,0.143766,0.00960895,0.0173781,0.0879024,0.0878942,0.0878924,0.0123311,0.00928854,0.0295517,0.0357459,0.0113021,0.00585733,0.0868395,0.788358,0.0897184,0.147625,0.120768,0.875656,0.2581,0.688853,0.0497669,0.0497838,0.0131844,0.104193,0.557801,0.30157,0.0404069,0.0498035,0.0260136,0.128173,0.129091,0.143236,0.0921048,0.602508,0.149383,0.0706755,0.14085,0.102396,0.114871,0.105114,0.112185,0.120401,0.113299,0.654943,0.624361,0.704665,0.67958,0.725815,0.860806,0.128318,0.319305,0.394442,0.139169,0.104573,0.115788,0.119027,0.117606,0.113149,0.095933,0.153869,0.121615,0.115618,0.109726,0.10885,0.119518,0.128786,0.110453,0.114034,0.108223,
4.415,0.177631,0.177629,0.176752,0.17763,0.177632,0.177698,0.0122452,0.0122455,0.117773,0.136681,0.138107,0.147913,0.00909138,0.0182058,0.0988496,0.098844,0.0988428,0.00387529,0.00346573,0.0107696,0.00603003,0.00487278,0.00251714,0.0900842,0.807761,0.0902791,0.154274,0.128071,0.89877,0.287756,0.70496,0.0498441,0.0499119,0.0132065,0.118609,0.560686,0.314804,0.045649,0.0514073,0.037856,0.129422,0.127986,0.1512,0.0972331,0.620387,0.16543,0.0779592,0.161981,0.107428,0.118917,0.113201,0.115472,0.125667,0.120209,0.674832,0.650439,0.712527,0.707242,0.750354,0.874598,0.133009,0.318089,0.398718,0.151989,0.112689,0.122488,0.12764,0.122716,0.11993,0.101832,0.161692,0.129341,0.134877,0.117588,0.113006,0.124468,0.133813,0.117185,0.120964,0.115668,
4.42,0.167317,0.16732,0.166062,0.167318,0.167316,0.167381,0.0534111,0.0534127,0.114675,0.145139,0.136265,0.136131,0.0215068,0.037156,0.124367,0.124362,0.12436,0.0228398,0.0241841,0.0190782,0.0238639,0.022816,0.019479,0.0858743,0.807356,0.089353,0.141853,0.132865,0.89688,0.267432,0.683065,0.0742588,0.0742588,0.0288348,0.105245,0.567354,0.301917,0.0660628,0.0681637,0.058958,0.123185,0.129055,0.148355,0.098057,0.582376,0.158923,0.0743771,0.163456,0.10595,0.120356,0.109244,0.116737,0.12665,0.118545,0.677365,0.671646,0.728111,0.734595,0.76905,0.877323,0.133877,0.346983,0.42286,0.158081,0.108503,0.120988,0.12361,0.121996,0.116481,0.100309,0.162013,0.126089,0.117606,0.112006,0.113068,0.126269,0.134193,0.114587,0.119314,0.111576,
4.425,0.159497,0.159495,0.158398,0.159495,0.159497,0.159562,0.0397878,0.0397856,0.110689,0.138714,0.131986,0.131377,0.0246726,0.0471717,0.123123,0.123116,0.123115,0.0401188,0.0405644,0.0545813,0.0563971,0.0393068,0.0319768,0.0746752,0.775784,0.0910695,0.131248,0.142272,0.860131,0.234294,0.649226,0.0703993,0.0704174,0.0355091,0.0880934,0.535466,0.280458,0.07589,0.0685715,0.0787665,0.123974,0.128794,0.140241,0.0942104,0.548101,0.185795,0.0740469,0.172447,0.102805,0.118012,0.105534,0.11129,0.123646,0.113446,0.632083,0.619231,0.66756,0.692035,0.736395,0.858992,0.132882,0.313396,0.389443,0.15708,0.111607,0.114895,0.119138,0.117606,0.115795,0.0952278,0.154098,0.119792,0.131647,0.111113,0.109366,0.121759,0.129083,0.112129,0.114678,0.109757,
4.43,0.142806,0.142791,0.141712,0.142798,0.142809,0.142859,0.0521048,0.0521055,0.111945,0.150913,0.141194,0.142983,0.0488306,0.0634787,0.112702,0.112692,0.11269,0.082681,0.0842378,0.102289,0.0791888,0.0822816,0.0825593,0.0653685,0.759886,0.0982442,0.125196,0.170851,0.841372,0.199013,0.613752,0.151356,0.151505,0.0560139,0.072358,0.513466,0.265287,0.063825,0.0581412,0.0677094,0.128855,0.174403,0.142324,0.0978885,0.50492,0.229938,0.0804036,0.177075,0.106384,0.122883,0.110888,0.112569,0.127889,0.115414,0.633514,0.634619,0.651717,0.716009,0.756374,0.867455,0.140681,0.314779,0.391775,0.149423,0.164521,0.118563,0.123467,0.120887,0.123283,0.0986371,0.153018,0.120952,0.152936,0.112458,0.112813,0.125049,0.132314,0.117402,0.118008,0.115616,
4.435,0.130064,0.130033,0.129246,0.130048,0.13007,0.130128,0.0326475,0.0326464,0.107202,0.161488,0.131012,0.111323,0.0327537,0.0400344,0.127054,0.127048,0.127046,0.0701119,0.0714445,0.103534,0.0790044,0.0708886,0.0656332,0.0581973,0.733805,0.0959185,0.0989985,0.210961,0.809815,0.145239,0.564912,0.156699,0.156895,0.0364308,0.0442551,0.475608,0.232034,0.074763,0.0555817,0.0969193,0.126311,0.154391,0.133515,0.0977139,0.445898,0.263362,0.082536,0.205525,0.104069,0.123029,0.107596,0.106667,0.127632,0.111085,0.661127,0.666067,0.634035,0.754197,0.795198,0.907159,0.144747,0.310089,0.389626,0.15568,0.148041,0.112581,0.120335,0.116805,0.125857,0.0941625,0.148301,0.114122,0.174093,0.110019,0.109728,0.123208,0.127942,0.117221,0.115963,0.111939,
4.44,0.142098,0.142053,0.141739,0.142076,0.142108,0.142172,0.0481935,0.0481924,0.112634,0.192863,0.139712,0.108355,0.0270664,0.026953,0.147551,0.147548,0.147548,0.0510203,0.0515361,0.0981778,0.0595496,0.0535387,0.0483926,0.0801035,0.716089,0.106146,0.0993245,0.269482,0.790149,0.134024,0.549863,0.212928,0.213221,0.0272145,0.0410451,0.475508,0.231583,0.0688993,0.049188,0.0971332,0.140626,0.163638,0.144448,0.111952,0.452791,0.304287,0.0988614,0.232008,0.115809,0.134333,0.121055,0.115833,0.139382,0.1224,0.788733,0.78766,0.71866,0.85022,0.87865,0.982884,0.161554,0.349085,0.429878,0.163689,0.155035,0.124174,0.134034,0.128589,0.142059,0.107022,0.160968,0.126015,0.204694,0.117522,0.121297,0.135159,0.138982,0.131098,0.130032,0.121696,
4.445,0.143307,0.14326,0.143148,0.143284,0.143317,0.143386,0.0884965,0.0884988,0.113428,0.223063,0.141809,0.0934729,0.0237936,0.0274952,0.174211,0.17421,0.17421,0.0155203,0.0167566,0.0617746,0.0130955,0.0201479,0.0165109,0.0968679,0.694106,0.108453,0.0926668,0.307288,0.766442,0.134166,0.526732,0.255234,0.255563,0.025845,0.0429106,0.483347,0.227398,0.0702694,0.052574,0.0981179,0.144157,0.155591,0.15164,0.12187,0.443942,0.310208,0.108802,0.242265,0.122661,0.141183,0.128806,0.122525,0.146642,0.129936,0.880512,0.889235,0.794545,0.928115,0.936376,1,0.17048,0.393476,0.470979,0.166364,0.142579,0.132017,0.142022,0.136665,0.149229,0.116106,0.168928,0.134949,0.214642,0.119537,0.129248,0.143736,0.146665,0.138664,0.139183,0.125929,
4.45,0.141106,0.141064,0.141095,0.141085,0.141115,0.141184,0.10584,0.105842,0.10898,0.224838,0.137547,0.0864013,0.0244906,0.0389627,0.182211,0.182211,0.182211,0.00183178,0.002846,0.0526858,0.00184088,0.00666465,0.0019298,0.100688,0.646992,0.107138,0.0880009,0.309679,0.714625,0.131426,0.493633,0.25564,0.255956,0.0318659,0.0430967,0.466393,0.216312,0.0744826,0.0561161,0.102158,0.142202,0.144192,0.148351,0.121089,0.42713,0.304328,0.109689,0.237619,0.121082,0.138486,0.127292,0.120808,0.143846,0.128192,0.869618,0.875824,0.78335,0.901521,0.903907,0.970269,0.167301,0.386832,0.458905,0.161737,0.128961,0.129963,0.139823,0.135157,0.14644,0.11559,0.164959,0.134042,0.213301,0.117006,0.128005,0.141513,0.144189,0.136524,0.13749,0.123592,
4.455,0.139356,0.139315,0.139303,0.139336,0.139364,0.139429,0.121204,0.121205,0.0981128,0.213141,0.125416,0.0761877,0.017282,0.0117117,0.177344,0.177348,0.177349,0.00181905,0.00213856,0.0373685,0.00532094,0.00548632,0.00131282,0.111159,0.566814,0.0982354,0.0829364,0.291845,0.626035,0.112246,0.435429,0.262936,0.263185,0.0147146,0.0367638,0.42527,0.197625,0.0582953,0.04876,0.0778812,0.129097,0.135765,0.136915,0.115161,0.387871,0.258714,0.0995902,0.211228,0.11174,0.126985,0.115812,0.113841,0.131864,0.118171,0.872848,0.87666,0.787574,0.87415,0.860951,0.910704,0.154406,0.399128,0.458158,0.148852,0.111296,0.120787,0.127205,0.12425,0.13344,0.108578,0.15604,0.122283,0.171521,0.10023,0.118233,0.131645,0.13285,0.124402,0.127602,0.108389,
4.46,0.13772,0.13768,0.137617,0.1377,0.137728,0.137792,0.145373,0.145375,0.0960001,0.220966,0.124594,0.0710498,0.0201498,0.0131525,0.186164,0.186169,0.18617,0.000826175,0.00132479,0.0325546,0.0024068,0.00439104,0.000932719,0.116423,0.54816,0.0981761,0.0789157,0.299459,0.6052,0.103342,0.416231,0.285461,0.285697,0.0168939,0.0328833,0.423652,0.191372,0.0580223,0.0509879,0.0747378,0.127595,0.137344,0.136666,0.117052,0.372416,0.251894,0.099736,0.207093,0.111964,0.127484,0.115309,0.115169,0.132174,0.118249,0.897392,0.906568,0.812886,0.894308,0.871799,0.909297,0.155125,0.419869,0.474561,0.14696,0.108395,0.121348,0.126468,0.124778,0.132662,0.109755,0.156669,0.122147,0.162773,0.0967283,0.119096,0.132854,0.133458,0.123994,0.128115,0.106428,
4.465,0.153051,0.153004,0.153223,0.153028,0.153061,0.153129,0.169041,0.169042,0.100885,0.241548,0.134254,0.0765574,0.0235322,0.0163043,0.211776,0.211784,0.211785,0.00404625,0.00395329,0.0462744,0.0120352,0.0076467,0.0025754,0.136926,0.527973,0.109266,0.0845223,0.340025,0.582724,0.0985466,0.404904,0.32998,0.33025,0.0202239,0.0312492,0.425957,0.194215,0.0629979,0.0537908,0.0848036,0.14043,0.150258,0.145916,0.129191,0.384027,0.2844,0.112358,0.228971,0.121957,0.136944,0.12596,0.124321,0.141982,0.127931,0.990983,0.990329,0.880173,0.955253,0.923798,0.960404,0.168594,0.451869,0.505237,0.158739,0.116646,0.131248,0.13702,0.134826,0.145167,0.120739,0.168629,0.1319,0.180362,0.102644,0.129117,0.143174,0.142981,0.134811,0.139518,0.114227,
4.47,0.142019,0.141978,0.141975,0.141999,0.142027,0.14209,0.199709,0.199711,0.0937946,0.242478,0.126982,0.0648767,0.0268194,0.0170347,0.213586,0.213594,0.213596,0,0.000646741,0.0283178,0,0.00340979,0.000748279,0.136494,0.495623,0.102481,0.0750997,0.329071,0.546913,0.0874232,0.371218,0.345056,0.345282,0.0222278,0.0267464,0.416493,0.180839,0.058979,0.055876,0.0725935,0.129807,0.145035,0.139854,0.125564,0.348696,0.25161,0.10553,0.208217,0.116344,0.131572,0.118867,0.12114,0.136148,0.122322,0.98048,0.99372,0.885218,0.950341,0.905818,0.919109,0.161222,0.469067,0.514317,0.148295,0.106031,0.126414,0.129401,0.129571,0.136088,0.116652,0.162592,0.125931,0.153309,0.0924015,0.124484,0.138834,0.13797,0.127445,0.133672,0.105763,
4.475,0.137967,0.137935,0.137786,0.137951,0.137973,0.13803,0.225794,0.225797,0.0858517,0.233513,0.119589,0.0617591,0.0307848,0.0216403,0.209784,0.209792,0.209794,1.93462e-05,0.000413686,0.0187268,3.26537e-06,0.00236097,0.000839925,0.139449,0.444481,0.0965699,0.0730266,0.305662,0.490811,0.0849157,0.337264,0.345337,0.345496,0.0264694,0.0274833,0.400336,0.17092,0.0530258,0.0572123,0.056518,0.120534,0.13974,0.132531,0.120048,0.326607,0.212591,0.0976119,0.180475,0.109594,0.123439,0.110666,0.117019,0.127544,0.115478,0.948749,0.963507,0.87421,0.904869,0.850904,0.850132,0.150341,0.470945,0.50592,0.135389,0.0937832,0.12026,0.120222,0.122826,0.124931,0.111724,0.154686,0.119142,0.121842,0.0817454,0.118346,0.131896,0.13088,0.118171,0.126024,0.0963023,
4.48,0.136045,0.136026,0.135725,0.136036,0.136049,0.1361,0.26636,0.266362,0.0761728,0.225668,0.111571,0.0584031,0.0363743,0.0265295,0.210962,0.210971,0.210973,0.00105229,0.00110301,0.00714352,0.00169854,0.00195218,0.00173336,0.148576,0.371164,0.0906002,0.0716056,0.282217,0.410355,0.0810027,0.288854,0.355688,0.355762,0.0316608,0.0283247,0.378817,0.158483,0.045855,0.0596603,0.0366833,0.110176,0.135138,0.124647,0.115311,0.299004,0.165083,0.0893327,0.147806,0.102509,0.114347,0.101701,0.113461,0.11793,0.108281,0.9293,0.944574,0.876921,0.859668,0.790143,0.769111,0.138378,0.48273,0.503337,0.121111,0.0785647,0.114084,0.109944,0.115707,0.112323,0.107419,0.146932,0.111896,0.0813028,0.0681757,0.112054,0.124745,0.123251,0.107782,0.118119,0.0848027,
4.485,0.136055,0.136038,0.13578,0.136047,0.136058,0.136105,0.294109,0.294112,0.0703195,0.225549,0.107562,0.0549262,0.039217,0.0270946,0.217822,0.217834,0.217836,6.04553e-05,7.57492e-06,0.00033167,0,0.000459068,0.00110257,0.159146,0.307511,0.0884608,0.0698451,0.280153,0.340374,0.0740579,0.243991,0.375268,0.375311,0.033363,0.0273805,0.354875,0.146943,0.0412134,0.0598239,0.0270827,0.105432,0.133457,0.120692,0.11494,0.275332,0.145548,0.0876679,0.134594,0.0997928,0.109898,0.0983773,0.112073,0.113297,0.105345,0.938947,0.952851,0.887551,0.843942,0.760853,0.723375,0.133395,0.493796,0.504699,0.114363,0.0707237,0.111773,0.105615,0.112614,0.107237,0.106887,0.143688,0.108822,0.0626242,0.0603799,0.109522,0.121702,0.119458,0.103454,0.11538,0.0788301,
4.49,0.127947,0.12793,0.127902,0.127939,0.127951,0.127993,0.310742,0.310745,0.0607438,0.221026,0.0990534,0.0452167,0.0413416,0.0290376,0.222911,0.222925,0.222928,0.000126361,7.92181e-05,0.00126191,0.000248762,0.000421783,0.00120164,0.164257,0.205785,0.0846005,0.0602709,0.28341,0.227831,0.0508144,0.164236,0.393518,0.393561,0.0354291,0.0192575,0.29809,0.119107,0.0384261,0.0570174,0.0257912,0.0980849,0.126793,0.110861,0.111677,0.22239,0.138572,0.0863205,0.126317,0.0940846,0.10194,0.0926855,0.105601,0.105001,0.0985962,0.919444,0.930021,0.854307,0.797545,0.702375,0.647561,0.125547,0.479931,0.480184,0.104848,0.0624104,0.105093,0.0982537,0.105463,0.100641,0.10304,0.134068,0.101507,0.0534944,0.0509128,0.103256,0.114276,0.110757,0.0967582,0.109207,0.0707991,
4.495,0.139528,0.139512,0.139771,0.13952,0.139532,0.139572,0.327856,0.327859,0.0592279,0.219718,0.101179,0.0532367,0.0440884,0.0322483,0.235902,0.23592,0.235923,0.000117479,0,0.000135835,7.23138e-07,0.000184091,0.00122613,0.184249,0.132063,0.0872941,0.0697829,0.287927,0.147751,0.0625182,0.125787,0.410184,0.410221,0.0383439,0.0283742,0.268615,0.117691,0.0360232,0.0567955,0.02322,0.099975,0.128374,0.112276,0.115611,0.223823,0.1365,0.0914947,0.126743,0.0959638,0.100082,0.0958036,0.107317,0.103649,0.100818,0.946349,0.942767,0.869101,0.776483,0.669322,0.604821,0.12438,0.481543,0.473795,0.106403,0.0607243,0.107654,0.100249,0.106505,0.101644,0.107682,0.1364,0.104266,0.049875,0.0493168,0.104351,0.114316,0.110327,0.0977503,0.111751,0.0705142,
4.5,0.146398,0.146381,0.146995,0.14639,0.146401,0.146439,0.350427,0.35043,0.0542011,0.218186,0.0998784,0.0557898,0.0473537,0.0355688,0.250591,0.250613,0.250618,0.000170486,1.92738e-06,8.43908e-05,0,4.48172e-05,0.0013105,0.204215,0.0264233,0.0884987,0.0737095,0.295981,0.0320911,0.0617575,0.0588757,0.434922,0.434957,0.0416028,0.0322319,0.219843,0.104637,0.0331469,0.0555139,0.0213079,0.0991132,0.127562,0.109832,0.11828,0.202581,0.134086,0.0960413,0.125266,0.0957168,0.0957671,0.0966511,0.106524,0.0996391,0.100398,0.966809,0.949781,0.871568,0.744106,0.621149,0.540826,0.120968,0.479205,0.460265,0.10448,0.0563354,0.107556,0.0994561,0.10494,0.100499,0.110581,0.135008,0.104032,0.0442801,0.0443183,0.103206,0.111854,0.106856,0.0964307,0.111974,0.0673424,
4.505,0.131814,0.131797,0.132368,0.131806,0.131818,0.131852,0.350798,0.3508,0.0475967,0.214043,0.0913887,0.0430503,0.0470664,0.0349623,0.243928,0.243949,0.243954,0.000110711,0,0.000503807,2.68209e-06,2.33502e-06,0.00130902,0.193605,0,0.0830244,0.0600822,0.291868,0.00190484,0.0372804,0.0254866,0.434349,0.434383,0.0412158,0.0204255,0.197095,0.084722,0.0321671,0.0534984,0.0208031,0.0913992,0.120682,0.100853,0.112318,0.161586,0.126846,0.0905472,0.11644,0.0894268,0.0902727,0.089452,0.0999406,0.0935206,0.0931306,0.927532,0.91793,0.832767,0.718163,0.594575,0.507686,0.114739,0.46594,0.444176,0.095245,0.0503935,0.100126,0.0917438,0.0981461,0.0938064,0.10383,0.125378,0.0959994,0.0376892,0.0376919,0.0970487,0.105483,0.0999156,0.0898488,0.104772,0.0608211,
4.51,0.133982,0.133964,0.13453,0.133973,0.133985,0.134021,0.365653,0.365655,0.0485327,0.222968,0.0936878,0.0419383,0.0490684,0.036564,0.252671,0.252693,0.252697,9.87275e-05,0,0.000770869,4.10383e-06,3.57278e-06,0.00136256,0.198724,0,0.0855073,0.0594056,0.303807,0.00169866,0.0333593,0.0227668,0.452583,0.452619,0.0430421,0.0183972,0.203677,0.0846891,0.0336862,0.0556101,0.0218814,0.0938722,0.124654,0.103521,0.115901,0.160652,0.131291,0.0931781,0.119819,0.0920785,0.0933891,0.0918404,0.103023,0.0966206,0.0957319,0.959106,0.951577,0.861242,0.746461,0.618073,0.526646,0.118745,0.484018,0.461274,0.0975354,0.0516248,0.102985,0.0942095,0.101165,0.0966228,0.106842,0.128919,0.0985593,0.0383997,0.0382195,0.100138,0.10897,0.103085,0.092522,0.107878,0.0623188,
4.515,0.13259,0.13257,0.13309,0.13258,0.132594,0.13263,0.382938,0.38294,0.0481916,0.233802,0.0941284,0.0359436,0.0501731,0.0345242,0.261428,0.261451,0.261455,6.00457e-05,0,0,0,0,0.00143688,0.201883,0,0.0868386,0.0541998,0.318405,0.00103312,0.0201225,0.0139512,0.475723,0.475759,0.0426382,0.0115248,0.20862,0.0797701,0.0345963,0.0571901,0.022321,0.0946213,0.12789,0.104553,0.118879,0.148531,0.134179,0.094505,0.12217,0.0936961,0.0961475,0.0926692,0.105233,0.0991712,0.097009,0.993802,0.99225,0.891711,0.78365,0.649118,0.550516,0.122537,0.507032,0.482892,0.0984429,0.0514312,0.104574,0.0951518,0.103105,0.0984575,0.108623,0.131248,0.0993465,0.0364222,0.0368494,0.102362,0.111917,0.105386,0.0941366,0.109886,0.0621854,
4.52,0.127828,0.127812,0.128316,0.12782,0.127831,0.127865,0.404562,0.404564,0.0481693,0.242949,0.096354,0.0352826,0.0602841,0.0606256,0.26814,0.268159,0.268163,3.66371e-05,0,0.00888009,4.72744e-05,4.11569e-05,0.001428,0.19792,0,0.0902304,0.0499673,0.3279,0.000630362,0.0154303,0.00871253,0.489666,0.489712,0.0607176,0.00881051,0.218146,0.0755696,0.0431974,0.06398,0.0303997,0.0980405,0.1315,0.106079,0.120475,0.141454,0.145598,0.0976063,0.122346,0.0958909,0.0993832,0.0949086,0.107389,0.102099,0.0989074,0.982457,0.985478,0.887664,0.7811,0.646699,0.544798,0.125769,0.507005,0.482397,0.096339,0.0545673,0.106433,0.09719,0.106414,0.100558,0.110582,0.13092,0.102289,0.0457989,0.0395504,0.105663,0.114662,0.108534,0.0965572,0.111789,0.0655876,
4.525,0.112907,0.112904,0.113405,0.112905,0.112907,0.112935,0.440364,0.440367,0.0474892,0.253338,0.100351,0.0387083,0.0869664,0.136587,0.273005,0.273013,0.273015,0.000208026,0.00016269,0.0358211,0.000790513,0.000359311,0.00139284,0.179079,6.14071e-06,0.0969272,0.0419009,0.33425,9.86056e-05,0.0143963,0.00225274,0.496232,0.496307,0.111896,0.00745209,0.235739,0.0666667,0.0662776,0.0805178,0.0529914,0.105305,0.135986,0.1072,0.119588,0.130279,0.173544,0.103297,0.118416,0.0986445,0.10393,0.098615,0.109116,0.105905,0.101048,0.894315,0.904102,0.826151,0.719874,0.595155,0.493669,0.128786,0.472593,0.448687,0.0874658,0.0628486,0.107967,0.100154,0.111808,0.102831,0.112131,0.124886,0.107845,0.0745369,0.0480266,0.11077,0.117235,0.113044,0.0999938,0.112962,0.0742626,
4.53,0.123262,0.123256,0.123771,0.123259,0.123263,0.123295,0.460375,0.460378,0.0503767,0.267455,0.105269,0.0389851,0.0852106,0.123551,0.289432,0.289444,0.289447,0.000404015,0.000403648,0.0301637,0.000492787,0.000523678,0.0018395,0.195419,0,0.100972,0.0456389,0.354585,0.000136467,0.0132374,0.0024085,0.528493,0.528564,0.104557,0.00707518,0.245923,0.0721829,0.0639245,0.0810975,0.0496813,0.109495,0.143586,0.113416,0.127424,0.138529,0.176024,0.107967,0.126535,0.103963,0.109284,0.103511,0.115511,0.11154,0.106634,0.977646,0.987622,0.897866,0.786276,0.650141,0.540737,0.13617,0.51473,0.488849,0.0951289,0.0643854,0.114215,0.105361,0.117256,0.108495,0.118645,0.134344,0.1128,0.0701192,0.0481461,0.11629,0.123984,0.118893,0.10517,0.119637,0.0761558,
4.535,0.120161,0.120163,0.120713,0.120162,0.12016,0.120189,0.499191,0.499194,0.052619,0.283168,0.112825,0.0448003,0.106045,0.178773,0.30526,0.305266,0.305267,0.00165416,0.0017873,0.0495822,0.00200947,0.00185373,0.00280489,0.191781,0,0.109677,0.0443193,0.371247,0,0.0177021,0.000796733,0.550013,0.550104,0.142473,0.00866497,0.266499,0.0714758,0.0829098,0.0957866,0.0686819,0.11897,0.151911,0.119247,0.132159,0.141357,0.202414,0.116467,0.13107,0.110241,0.116619,0.110644,0.121461,0.118623,0.112803,0.957334,0.970317,0.891198,0.773621,0.639124,0.527019,0.143543,0.509867,0.48376,0.0950656,0.0727309,0.120197,0.112083,0.125688,0.114697,0.124781,0.136487,0.121487,0.0927769,0.056431,0.124406,0.130724,0.126741,0.11198,0.125579,0.0854332,
4.54,0.117679,0.117688,0.118281,0.117684,0.117678,0.117704,0.523834,0.523836,0.0540589,0.29325,0.117926,0.049746,0.120233,0.21694,0.3124,0.312402,0.312402,0.000885661,0.000919682,0.0625799,0.001072,0.00121691,0.00227133,0.18848,0,0.115544,0.0438698,0.381235,0,0.0216814,0.000955391,0.563426,0.563536,0.168582,0.0105829,0.280639,0.0713936,0.0936026,0.10432,0.0784933,0.125758,0.158082,0.123162,0.134879,0.144988,0.22005,0.122222,0.131963,0.114364,0.121306,0.115526,0.125195,0.1231,0.116812,0.938331,0.952665,0.882563,0.75956,0.627068,0.513928,0.148119,0.503128,0.477084,0.0929423,0.0793256,0.124122,0.116648,0.131331,0.118771,0.128792,0.137179,0.127471,0.109334,0.0623312,0.129777,0.134893,0.131891,0.116508,0.129369,0.0919892,
4.545,0.116565,0.116581,0.117221,0.116573,0.116562,0.116587,0.554482,0.554485,0.0561416,0.306406,0.124268,0.0548511,0.135848,0.258887,0.324684,0.32468,0.32468,0,2.60775e-05,0.0761868,0.000399513,0.000457539,0.00131451,0.187133,0,0.122691,0.0437703,0.395333,0,0.0266706,0.00110323,0.581203,0.581331,0.197277,0.0127947,0.29792,0.0720644,0.107225,0.115161,0.0917104,0.133849,0.164785,0.128406,0.139121,0.150248,0.240598,0.129421,0.135481,0.119775,0.127385,0.1217,0.130334,0.129021,0.122187,0.928167,0.943965,0.882301,0.7527,0.620976,0.505694,0.154342,0.501129,0.474909,0.0928259,0.0857082,0.129395,0.122528,0.138461,0.124154,0.134215,0.139502,0.134938,0.127506,0.069143,0.136616,0.140614,0.138525,0.122354,0.134623,0.0996398,
4.55,0.114963,0.114986,0.115667,0.114974,0.114958,0.11498,0.587048,0.587051,0.0584319,0.318953,0.131498,0.0623282,0.154453,0.307411,0.336415,0.336406,0.336405,0.00166353,0.00171939,0.0937848,0.00188485,0.00215514,0.00301227,0.184498,0,0.130555,0.0445387,0.407846,6.50594e-05,0.0336186,0.00216138,0.599082,0.599229,0.230741,0.0159622,0.316353,0.0733617,0.12219,0.127132,0.105908,0.14261,0.173467,0.133957,0.143199,0.15684,0.262956,0.136955,0.138104,0.125412,0.133649,0.128268,0.135678,0.135101,0.127798,0.908399,0.925436,0.875536,0.737473,0.607647,0.490966,0.160522,0.495083,0.46871,0.0921346,0.0945725,0.134921,0.1287,0.145982,0.129641,0.139831,0.141484,0.142912,0.14729,0.0767243,0.143786,0.146415,0.145474,0.128412,0.139937,0.108102,
4.555,0.116743,0.116764,0.117965,0.116753,0.116739,0.116763,0.597323,0.597326,0.0677932,0.341981,0.147799,0.0755404,0.175629,0.372561,0.361348,0.361334,0.361331,0.0029854,0.00349427,0.133645,0.00333304,0.00510247,0.0040203,0.181567,0,0.148186,0.0469543,0.457714,4.66189e-05,0.0420721,0.0023608,0.625158,0.625432,0.273794,0.0195455,0.322806,0.0748856,0.151212,0.140031,0.151352,0.164679,0.186956,0.14661,0.154708,0.173134,0.349527,0.159557,0.179596,0.139794,0.14833,0.146906,0.144659,0.150267,0.1419,0.903759,0.912142,0.847758,0.732997,0.613859,0.507886,0.179025,0.462248,0.444114,0.105609,0.119401,0.147682,0.146973,0.161775,0.149847,0.152958,0.149707,0.160299,0.21952,0.0986098,0.158564,0.159184,0.159503,0.146556,0.154913,0.129765,
4.56,0.11711,0.117126,0.118782,0.117118,0.117107,0.117134,0.588307,0.588309,0.0744189,0.354574,0.157897,0.0837108,0.185898,0.411432,0.373566,0.373548,0.373545,0.000164743,0.000891466,0.160024,0.000816781,0.00381248,0.00106508,0.177074,0,0.15945,0.0481078,0.492241,7.41986e-05,0.0477074,0.00302886,0.633146,0.633526,0.298302,0.0221483,0.319609,0.0749569,0.169466,0.145378,0.183919,0.179825,0.192773,0.154288,0.161473,0.184729,0.414783,0.17546,0.212134,0.149051,0.157476,0.159676,0.149009,0.159855,0.150876,0.891884,0.89164,0.812669,0.721609,0.613372,0.518974,0.191114,0.42709,0.416712,0.115037,0.136212,0.15539,0.159541,0.171526,0.164178,0.160926,0.154008,0.171501,0.276139,0.114793,0.167518,0.166568,0.167802,0.158994,0.16457,0.144996,
4.565,0.125078,0.125083,0.127565,0.12508,0.125077,0.125109,0.599061,0.599063,0.0894467,0.392718,0.18259,0.100929,0.209866,0.486325,0.414204,0.414181,0.414176,0,0.00132037,0.212098,0.000821359,0.00627073,0.000666702,0.180947,0,0.18576,0.0527983,0.576147,0,0.0562606,0.00265044,0.682244,0.682819,0.347643,0.0258104,0.326455,0.0788222,0.206518,0.159888,0.246616,0.213075,0.213774,0.174687,0.18148,0.210969,0.543541,0.210199,0.279872,0.171811,0.180481,0.18859,0.163733,0.183804,0.173253,0.93282,0.918416,0.805216,0.752959,0.65559,0.575154,0.221226,0.397223,0.399161,0.139242,0.172268,0.176002,0.188201,0.195772,0.196494,0.182225,0.170257,0.197812,0.380556,0.146173,0.190344,0.18732,0.189665,0.187526,0.189031,0.176494,
4.57,0.127781,0.127777,0.130912,0.127779,0.127782,0.127819,0.58431,0.584312,0.0996513,0.411142,0.1979,0.11324,0.223305,0.535127,0.434305,0.434278,0.434272,0,0.0018037,0.250997,0.000915783,0.00838662,0.000428306,0.17745,0,0.202291,0.0556144,0.628529,0,0.0631021,0.00309451,0.698603,0.699331,0.378695,0.028795,0.31972,0.0798804,0.231834,0.16666,0.293548,0.234868,0.224392,0.186372,0.192384,0.227877,0.638539,0.233389,0.330105,0.185661,0.194104,0.207416,0.170606,0.198175,0.186739,0.931829,0.904605,0.765704,0.749693,0.666291,0.602141,0.239625,0.353439,0.366515,0.155768,0.198305,0.187775,0.206805,0.210006,0.218,0.194361,0.178302,0.213935,0.460189,0.168987,0.203481,0.198653,0.201958,0.205973,0.203735,0.19816,
4.575,0.137773,0.137766,0.141152,0.13777,0.137774,0.137817,0.597767,0.597769,0.109294,0.42476,0.213682,0.127059,0.242174,0.582507,0.477847,0.47782,0.477814,0.0236623,0.0274733,0.289898,0.0260638,0.032219,0.020682,0.183994,0,0.217113,0.06346,0.66492,5.37923e-05,0.0778629,0.00403085,0.719134,0.719897,0.41162,0.0330251,0.322461,0.087024,0.26998,0.187489,0.350307,0.249908,0.236121,0.198026,0.204723,0.2443,0.704717,0.25071,0.377568,0.198089,0.206661,0.222377,0.180371,0.211706,0.199768,0.955039,0.920307,0.76721,0.766904,0.687362,0.630421,0.255551,0.345464,0.363333,0.184471,0.216883,0.199596,0.221627,0.222796,0.234411,0.206328,0.191839,0.227599,0.504188,0.184985,0.21566,0.211034,0.214,0.220614,0.217313,0.213836,
4.58,0.150308,0.150297,0.153653,0.150302,0.15031,0.15036,0.582444,0.582447,0.118686,0.410229,0.226251,0.143776,0.259345,0.616866,0.535968,0.535948,0.535944,0.0854928,0.0939905,0.342303,0.0911838,0.0924838,0.0741122,0.18744,0,0.225962,0.0764706,0.670176,9.60035e-05,0.102596,0.00461834,0.69959,0.700287,0.436999,0.0379492,0.3006,0.0967358,0.328216,0.218892,0.438141,0.253072,0.239907,0.203317,0.212131,0.253144,0.758232,0.259238,0.439804,0.204208,0.21245,0.229924,0.185122,0.219192,0.207465,0.93837,0.894614,0.728692,0.752138,0.681044,0.638717,0.263292,0.321741,0.344239,0.234281,0.231472,0.205209,0.229068,0.227025,0.243548,0.21148,0.20556,0.232365,0.525325,0.195826,0.21965,0.217354,0.21832,0.227854,0.224332,0.221933,
4.585,0.155795,0.155786,0.158155,0.155791,0.155796,0.155833,0.555804,0.555809,0.123955,0.343887,0.23967,0.195235,0.304123,0.643047,0.565512,0.5655,0.565498,0.259598,0.275581,0.458365,0.255184,0.259886,0.241639,0.177125,0,0.226801,0.106286,0.594478,0,0.126282,0.00410167,0.68403,0.68453,0.47211,0.0399013,0.251835,0.112864,0.374595,0.248464,0.50177,0.235737,0.29111,0.197114,0.205844,0.238406,0.759763,0.243629,0.46565,0.196134,0.203439,0.220371,0.181669,0.211359,0.201081,0.812141,0.768493,0.625211,0.65424,0.594426,0.57025,0.251194,0.28822,0.30748,0.281865,0.293159,0.199373,0.218079,0.214604,0.233065,0.202907,0.210998,0.217638,0.473807,0.187917,0.207888,0.20967,0.208224,0.216488,0.214324,0.213645,
4.59,0.169742,0.169735,0.171522,0.169739,0.169744,0.169777,0.542583,0.542588,0.132403,0.301652,0.255756,0.237001,0.340325,0.678185,0.612193,0.612189,0.612189,0.390121,0.412188,0.552716,0.383844,0.385474,0.363986,0.177504,4.10354e-05,0.233863,0.133337,0.555315,0.000165412,0.155374,0.00883364,0.672479,0.672827,0.507383,0.0455143,0.221165,0.130889,0.428073,0.281437,0.576732,0.230155,0.326551,0.198392,0.207656,0.243959,0.78527,0.240088,0.50789,0.196236,0.202608,0.220159,0.184368,0.211996,0.202942,0.745407,0.694572,0.564383,0.59641,0.545696,0.539917,0.249644,0.265806,0.284341,0.332834,0.337021,0.200816,0.216959,0.211663,0.232766,0.202621,0.222924,0.213675,0.452684,0.189323,0.20516,0.210202,0.206638,0.21491,0.213795,0.214032,
4.595,0.181547,0.181542,0.182928,0.181545,0.181548,0.181583,0.533037,0.533041,0.138152,0.271536,0.265485,0.261367,0.36307,0.705184,0.655996,0.655999,0.656,0.47969,0.506117,0.618751,0.479298,0.471324,0.444475,0.178196,0.000133376,0.238844,0.150188,0.529889,0,0.174912,0.0114438,0.651553,0.651766,0.531914,0.0475683,0.199674,0.141741,0.476878,0.311002,0.645162,0.225978,0.341898,0.198282,0.209166,0.247015,0.805659,0.23765,0.54552,0.19621,0.20234,0.219314,0.186224,0.21285,0.20418,0.699003,0.640925,0.519852,0.555242,0.512625,0.523517,0.249011,0.248824,0.267011,0.37511,0.357451,0.201048,0.215636,0.209382,0.232493,0.201864,0.232084,0.210446,0.438694,0.190823,0.203174,0.21086,0.205331,0.213677,0.213338,0.213749,
4.6,0.186404,0.186401,0.187603,0.186403,0.186405,0.186449,0.522901,0.522907,0.139766,0.256726,0.263757,0.254896,0.361399,0.710191,0.699059,0.699069,0.699071,0.500384,0.530363,0.61974,0.503927,0.491077,0.457747,0.179897,8.32744e-05,0.235578,0.151374,0.517417,0,0.19249,0.00842339,0.609383,0.609482,0.533244,0.0503788,0.185344,0.143762,0.518552,0.335524,0.704799,0.21734,0.318957,0.195838,0.209499,0.241647,0.806581,0.235342,0.578739,0.194323,0.200647,0.21663,0.185264,0.212317,0.203939,0.683709,0.626356,0.499216,0.546842,0.505272,0.517284,0.246662,0.242401,0.260935,0.407882,0.337935,0.198922,0.213328,0.206129,0.229975,0.199632,0.237636,0.207521,0.429672,0.190856,0.200136,0.210376,0.202669,0.211353,0.212201,0.210598,
4.605,0.186359,0.186361,0.187342,0.18636,0.186359,0.186412,0.513581,0.513588,0.138456,0.241642,0.257333,0.242263,0.354945,0.707932,0.730236,0.730252,0.730255,0.506067,0.539007,0.604364,0.511566,0.496202,0.457637,0.178548,0,0.228167,0.148457,0.497398,5.85399e-05,0.207348,0.00441495,0.561728,0.561712,0.528589,0.0530015,0.173595,0.142778,0.550354,0.355046,0.748713,0.205095,0.28983,0.190632,0.206558,0.231048,0.790024,0.229314,0.597651,0.189446,0.196044,0.210535,0.181813,0.208571,0.200604,0.658357,0.605662,0.476574,0.532453,0.490464,0.498825,0.240286,0.236637,0.254349,0.430444,0.310698,0.193954,0.207661,0.200227,0.223264,0.194599,0.23879,0.202025,0.412618,0.187494,0.194522,0.206945,0.197401,0.205621,0.207813,0.204144,
4.61,0.195448,0.195454,0.19603,0.195452,0.195447,0.195503,0.516851,0.516858,0.142081,0.219729,0.263422,0.256766,0.371973,0.729479,0.772013,0.772035,0.772039,0.571475,0.608285,0.645421,0.580557,0.558648,0.515529,0.181198,3.14714e-05,0.230304,0.160151,0.474642,0,0.225758,0.00517857,0.543463,0.543311,0.547556,0.0556008,0.161743,0.15136,0.592611,0.382675,0.805043,0.199098,0.295822,0.190299,0.207922,0.231051,0.794918,0.225956,0.625263,0.188801,0.195452,0.208645,0.18375,0.208923,0.201354,0.629007,0.574648,0.454463,0.508539,0.468784,0.483799,0.238764,0.234109,0.249759,0.465222,0.318251,0.193905,0.205526,0.198128,0.221151,0.193836,0.246722,0.199196,0.393109,0.18682,0.192748,0.207717,0.196318,0.203477,0.207081,0.202125,
4.615,0.200981,0.200993,0.201377,0.200987,0.200979,0.201038,0.504664,0.504672,0.141772,0.20062,0.260304,0.257784,0.368297,0.725186,0.785107,0.785133,0.785139,0.581863,0.620383,0.637495,0.592571,0.568035,0.522134,0.182961,0,0.224964,0.166693,0.445813,0.000762266,0.248551,0.0133357,0.50173,0.501483,0.543342,0.0643151,0.155102,0.159001,0.608283,0.393537,0.825014,0.190514,0.280316,0.187215,0.204513,0.240223,0.772435,0.219737,0.630013,0.184622,0.190247,0.203756,0.18128,0.20442,0.198566,0.600441,0.543299,0.435832,0.478017,0.439656,0.456936,0.231388,0.225158,0.239382,0.478884,0.303236,0.19035,0.200794,0.193056,0.214621,0.190004,0.247537,0.19508,0.372869,0.183801,0.18771,0.203765,0.191644,0.197997,0.202952,0.196882,
4.62,0.210128,0.210144,0.209808,0.210136,0.210125,0.210175,0.511589,0.511597,0.146206,0.164782,0.272759,0.295101,0.404047,0.752034,0.814733,0.814764,0.814771,0.702983,0.746024,0.722022,0.711673,0.683973,0.637551,0.182924,7.33315e-05,0.229691,0.188694,0.403502,0.000527524,0.262492,0.0144538,0.510402,0.510002,0.574401,0.0644385,0.136565,0.172315,0.642486,0.418361,0.867519,0.182997,0.321621,0.186342,0.204126,0.236167,0.773898,0.211426,0.645728,0.18232,0.187785,0.199629,0.18343,0.202571,0.197255,0.545013,0.48723,0.400896,0.433421,0.398328,0.426238,0.227325,0.224138,0.233671,0.512101,0.345741,0.189816,0.195671,0.188587,0.209914,0.18781,0.255203,0.188381,0.334261,0.178851,0.183811,0.202707,0.188924,0.192893,0.199451,0.192884,
4.625,0.217734,0.217756,0.217134,0.217745,0.21773,0.217781,0.51423,0.514239,0.145206,0.151329,0.270576,0.29898,0.399843,0.732003,0.816904,0.81694,0.816947,0.711425,0.755477,0.704238,0.715652,0.691318,0.645951,0.19216,0,0.223717,0.198076,0.373965,0.00155862,0.282491,0.0241733,0.495751,0.495262,0.562184,0.0739235,0.139011,0.183662,0.638051,0.420204,0.856478,0.173939,0.318064,0.185164,0.20201,0.248357,0.732455,0.203391,0.633213,0.178415,0.182553,0.194474,0.182897,0.197775,0.194685,0.554747,0.498058,0.42628,0.433458,0.390639,0.411218,0.219841,0.243963,0.248813,0.51609,0.337008,0.187914,0.190664,0.18416,0.202327,0.185534,0.257352,0.184521,0.297961,0.171417,0.179494,0.19964,0.185308,0.18681,0.195899,0.185521,
4.63,0.224668,0.224694,0.223391,0.224681,0.224662,0.224701,0.533886,0.533897,0.147155,0.126473,0.279984,0.330475,0.427953,0.741847,0.826435,0.826474,0.826482,0.801628,0.848566,0.758155,0.797517,0.777412,0.735559,0.196546,0,0.225525,0.217411,0.334199,0.00175286,0.293316,0.0272459,0.521951,0.521344,0.581071,0.0761443,0.133924,0.197276,0.645543,0.431468,0.858654,0.166234,0.359314,0.185237,0.201281,0.247458,0.710481,0.193823,0.624568,0.175674,0.179341,0.189804,0.185368,0.194728,0.19275,0.531223,0.478789,0.430096,0.414317,0.366405,0.385491,0.214544,0.264714,0.262538,0.530154,0.374217,0.187916,0.185153,0.180263,0.195828,0.184092,0.262661,0.178755,0.250779,0.162875,0.176083,0.198319,0.18312,0.180864,0.19227,0.179686,
4.635,0.228734,0.228764,0.226783,0.228749,0.228728,0.228751,0.541716,0.541728,0.147469,0.0967228,0.287382,0.36491,0.452953,0.737643,0.813236,0.813277,0.813286,0.890185,0.939064,0.809918,0.874634,0.86196,0.826371,0.197879,9.55936e-07,0.224869,0.237566,0.285522,0.00208286,0.299518,0.0323202,0.550011,0.549313,0.591501,0.0780734,0.124644,0.210589,0.634109,0.430593,0.835587,0.156954,0.406921,0.183143,0.197137,0.24613,0.677957,0.180859,0.600769,0.170296,0.172969,0.182625,0.185053,0.188192,0.187736,0.496586,0.447852,0.425431,0.384025,0.332311,0.351329,0.205602,0.279938,0.270742,0.532289,0.418163,0.185528,0.176991,0.173454,0.186556,0.180061,0.263644,0.170032,0.197976,0.151399,0.169754,0.193462,0.177997,0.17211,0.185519,0.171478,
4.64,0.228336,0.228366,0.226308,0.228351,0.22833,0.228345,0.558052,0.558064,0.14718,0.101952,0.29086,0.374604,0.460324,0.736233,0.795257,0.795296,0.795304,0.897561,0.945336,0.817225,0.876291,0.86899,0.838092,0.200417,0,0.22706,0.24135,0.285224,0.00219513,0.293522,0.0341105,0.584323,0.583656,0.59464,0.077646,0.134278,0.213378,0.612982,0.420645,0.802479,0.159699,0.428868,0.185429,0.197886,0.24895,0.66963,0.180297,0.580437,0.171297,0.173804,0.183518,0.187148,0.188483,0.188194,0.511769,0.465488,0.450322,0.395383,0.338951,0.353128,0.206362,0.296678,0.284943,0.518277,0.436098,0.187608,0.177547,0.175107,0.18672,0.181899,0.263153,0.171093,0.189639,0.149018,0.171405,0.194434,0.179823,0.172482,0.186177,0.171825,
4.645,0.230833,0.230858,0.22876,0.230846,0.230828,0.23083,0.561576,0.561586,0.148451,0.100515,0.299451,0.401167,0.476083,0.736489,0.759963,0.759997,0.760005,0.935211,0.98059,0.864495,0.914171,0.905081,0.879903,0.199819,0.000178055,0.234722,0.251668,0.284894,0.00186264,0.275662,0.0395295,0.634079,0.63348,0.602959,0.072125,0.136842,0.217401,0.581676,0.402259,0.758197,0.168464,0.475823,0.187896,0.19808,0.256728,0.679302,0.180306,0.556962,0.173176,0.175275,0.185489,0.189266,0.188965,0.188303,0.512124,0.458717,0.456427,0.386895,0.334021,0.360057,0.208877,0.299612,0.286762,0.499859,0.480404,0.189973,0.178666,0.176944,0.189504,0.183701,0.261497,0.171209,0.187298,0.147916,0.173309,0.194818,0.181701,0.173951,0.186612,0.174337,
4.65,0.238631,0.238654,0.236689,0.238643,0.238627,0.238635,0.62581,0.625821,0.155146,0.171911,0.30771,0.383612,0.460245,0.710788,0.748399,0.748428,0.748434,0.846268,0.887343,0.794009,0.817147,0.819781,0.801076,0.221202,0.0864481,0.243307,0.244153,0.353381,0.0971416,0.265918,0.0974824,0.720685,0.720215,0.582601,0.0721554,0.239194,0.234968,0.537385,0.383299,0.687405,0.188882,0.485753,0.209038,0.215238,0.302321,0.673579,0.194261,0.535397,0.18956,0.195276,0.201415,0.207213,0.20815,0.20444,0.72122,0.686434,0.666945,0.593542,0.519036,0.520837,0.232524,0.415092,0.405922,0.474728,0.47272,0.20859,0.196827,0.198487,0.206587,0.201471,0.277179,0.192166,0.203636,0.155436,0.194055,0.215726,0.204381,0.191898,0.205953,0.187078,
4.655,0.224842,0.224857,0.22269,0.22485,0.224839,0.224811,0.591974,0.591981,0.147245,0.119371,0.311671,0.437038,0.499319,0.718121,0.674288,0.674312,0.674316,0.970935,1,0.917848,0.937273,0.939674,0.931175,0.200235,0.00209104,0.245582,0.259693,0.300287,0.00289168,0.223375,0.0394659,0.768854,0.768448,0.606218,0.0563741,0.15556,0.216952,0.492757,0.352002,0.630476,0.183649,0.567285,0.193259,0.199246,0.253659,0.678359,0.17987,0.488285,0.17663,0.178949,0.188868,0.193728,0.190051,0.187859,0.561945,0.511035,0.519447,0.427003,0.367204,0.392462,0.214774,0.340872,0.3235,0.442286,0.561691,0.195308,0.180669,0.181689,0.19396,0.188203,0.255389,0.172159,0.176949,0.140863,0.178277,0.196665,0.186761,0.176718,0.18798,0.177135,
4.66,0.196194,0.196201,0.193986,0.196198,0.196192,0.196143,0.586073,0.586085,0.141397,0.125062,0.308075,0.43885,0.503736,0.695355,0.605225,0.605242,0.605246,0.962285,1,0.907023,0.895607,0.933127,0.93945,0.182405,5.74955e-05,0.238705,0.249278,0.29511,0.000747774,0.192773,0.0211367,0.827807,0.827569,0.597506,0.0485759,0.1447,0.203373,0.430665,0.313467,0.545827,0.178251,0.600786,0.188908,0.19152,0.215717,0.660848,0.173926,0.439299,0.170856,0.173379,0.184756,0.186693,0.183094,0.180508,0.532574,0.504047,0.498436,0.428129,0.362129,0.364773,0.208305,0.338304,0.320745,0.396155,0.600247,0.191085,0.175854,0.176443,0.188642,0.183197,0.240626,0.166238,0.173163,0.132597,0.172941,0.189493,0.181553,0.171578,0.181289,0.173749,
4.665,0.198781,0.198779,0.196841,0.19878,0.198781,0.198717,0.5808,0.580806,0.142061,0.134836,0.31557,0.462585,0.510555,0.684286,0.546041,0.54605,0.546052,0.971758,1,0.948096,0.91177,0.94216,0.955037,0.181636,0.000354834,0.24887,0.25597,0.313293,0.000188565,0.160204,0.0296957,0.888023,0.887937,0.595912,0.039217,0.152309,0.203686,0.376929,0.278704,0.473977,0.195075,0.649714,0.192383,0.192115,0.230933,0.681218,0.177863,0.406042,0.174742,0.176747,0.189405,0.188679,0.184869,0.181298,0.553877,0.510815,0.514575,0.429319,0.370456,0.392675,0.214298,0.336981,0.32071,0.360806,0.645538,0.194378,0.179713,0.180747,0.1955,0.186427,0.235783,0.168793,0.188982,0.134137,0.177161,0.19047,0.185136,0.176202,0.183476,0.179361,
4.67,0.18904,0.189027,0.187134,0.189033,0.189042,0.188962,0.571593,0.571601,0.140346,0.139433,0.317745,0.475369,0.512954,0.654364,0.488738,0.488742,0.488744,0.977286,1,0.955813,0.899724,0.948451,0.972389,0.177564,0.000284392,0.248632,0.257198,0.315758,0.000111276,0.13525,0.0259234,0.946603,0.946657,0.582613,0.0333442,0.146906,0.201063,0.319774,0.242871,0.397935,0.197453,0.689703,0.192562,0.189553,0.221362,0.674868,0.175638,0.369678,0.173462,0.17487,0.189245,0.186517,0.181922,0.178346,0.56957,0.532113,0.527995,0.44739,0.384549,0.400574,0.213312,0.346274,0.329959,0.327075,0.686059,0.194367,0.178997,0.179364,0.195581,0.185833,0.229134,0.16642,0.185689,0.12893,0.175703,0.187538,0.183788,0.175299,0.18155,0.178639,
4.675,0.188152,0.188134,0.186354,0.188143,0.188155,0.188064,0.567357,0.567363,0.140087,0.142848,0.321755,0.491743,0.517301,0.642578,0.44381,0.443809,0.443809,0.982074,1,0.973512,0.901165,0.953199,0.983694,0.176404,0.00037856,0.252483,0.262736,0.318475,0.000168179,0.119775,0.0320754,0.985984,0.986137,0.579235,0.030813,0.15077,0.203131,0.278219,0.217251,0.340978,0.204999,0.722562,0.194332,0.188418,0.230351,0.676245,0.175971,0.340485,0.174399,0.175019,0.190947,0.186704,0.181104,0.17767,0.57631,0.53348,0.536967,0.444404,0.383549,0.405946,0.214265,0.346482,0.330218,0.300354,0.717233,0.195746,0.180149,0.180592,0.197547,0.186942,0.224733,0.167002,0.188682,0.127902,0.17678,0.186548,0.184671,0.176391,0.181483,0.180658,
4.68,0.183439,0.183417,0.181677,0.183428,0.183443,0.183341,0.541279,0.541283,0.135953,0.131762,0.317257,0.500732,0.510862,0.613597,0.386356,0.386351,0.38635,0.97848,1,0.976489,0.897402,0.949409,0.985331,0.168786,0.000491534,0.248594,0.265142,0.298697,0.000280572,0.104678,0.0396679,0.989609,0.989827,0.561844,0.0282716,0.144972,0.202072,0.232423,0.188009,0.278847,0.204209,0.739564,0.189022,0.180087,0.233848,0.653919,0.168182,0.301212,0.168558,0.168085,0.185021,0.180507,0.173111,0.170277,0.546128,0.497285,0.515418,0.409549,0.354918,0.387525,0.206311,0.330364,0.313962,0.269085,0.733285,0.189949,0.173801,0.174303,0.191428,0.180804,0.213608,0.16022,0.177281,0.121591,0.170548,0.178284,0.178182,0.170026,0.174006,0.17561,
4.685,0.177698,0.177673,0.175934,0.177686,0.177703,0.177592,0.51905,0.519052,0.132222,0.121907,0.313219,0.50705,0.506891,0.590573,0.340989,0.34098,0.340979,0.981974,1,0.98532,0.901856,0.952533,0.992462,0.160353,0.000603659,0.245468,0.265068,0.283704,0,0.0862684,0.0419718,0.994341,0.994609,0.54862,0.0225912,0.136897,0.198171,0.197716,0.165169,0.232558,0.202891,0.7548,0.183544,0.172881,0.229468,0.639207,0.161217,0.271544,0.163249,0.162337,0.179358,0.174845,0.166409,0.163468,0.517183,0.464687,0.49186,0.381252,0.332604,0.374581,0.199935,0.316075,0.299717,0.24495,0.748201,0.184365,0.167754,0.168429,0.186216,0.174907,0.203954,0.153392,0.167953,0.115858,0.164864,0.171179,0.172268,0.164345,0.167195,0.170903,
4.69,0.177794,0.17776,0.176159,0.177777,0.1778,0.177685,0.469859,0.469858,0.129171,0.104612,0.306938,0.511971,0.49086,0.546636,0.292549,0.29254,0.292539,0.97895,0.997888,0.987186,0.904887,0.949338,0.991333,0.154781,0.00076756,0.240502,0.267848,0.266044,0,0.0721797,0.0504467,0.976382,0.9767,0.518911,0.0190811,0.11868,0.197151,0.160403,0.137518,0.188334,0.200968,0.76068,0.176852,0.164702,0.235258,0.62464,0.153709,0.24933,0.156928,0.154627,0.172973,0.167136,0.158109,0.155776,0.496013,0.431194,0.463021,0.349987,0.311073,0.371409,0.19217,0.292151,0.27807,0.225439,0.755698,0.177299,0.161257,0.160449,0.181093,0.167655,0.194746,0.145044,0.16067,0.110492,0.157002,0.162106,0.16406,0.158042,0.159644,0.164947,
4.695,0.188874,0.188835,0.187353,0.188854,0.188881,0.188764,0.413687,0.41368,0.126647,0.0761736,0.30101,0.525307,0.473444,0.50301,0.243774,0.243765,0.243763,0.984336,0.999425,0.999524,0.929696,0.953135,0.994066,0.153228,0.00111603,0.236817,0.27943,0.233743,0.000380949,0.0685674,0.0731758,0.934557,0.934873,0.488601,0.0200817,0.104073,0.204184,0.126862,0.113044,0.147346,0.200656,0.764367,0.169598,0.155152,0.263058,0.601941,0.143885,0.224362,0.149856,0.145237,0.165025,0.159642,0.148188,0.147387,0.46237,0.371949,0.429254,0.289756,0.266547,0.360407,0.181984,0.259969,0.247212,0.209484,0.757776,0.169207,0.153143,0.151375,0.174107,0.159409,0.186221,0.135783,0.144718,0.105089,0.148079,0.151582,0.154681,0.15001,0.150696,0.157699,
4.7,0.198867,0.198824,0.19747,0.198845,0.198875,0.198758,0.379148,0.379135,0.125198,0.0616006,0.297621,0.533161,0.460744,0.471937,0.213143,0.213133,0.213131,0.987997,0.999743,1,0.952788,0.955503,0.994452,0.15436,0.00144377,0.236647,0.285953,0.221587,0.000204159,0.0575217,0.0874495,0.913604,0.913923,0.466912,0.0164146,0.0967939,0.207056,0.104371,0.0961588,0.120582,0.203531,0.768724,0.165296,0.150335,0.281797,0.593529,0.138778,0.210193,0.146496,0.140765,0.160609,0.155855,0.143176,0.142626,0.457702,0.34717,0.419314,0.262319,0.250047,0.370486,0.177947,0.244802,0.232985,0.199165,0.758905,0.164601,0.148664,0.146687,0.171492,0.15492,0.181656,0.130261,0.137118,0.101997,0.143642,0.146078,0.149782,0.146149,0.146029,0.153572,
4.705,0.207999,0.207956,0.206885,0.207978,0.208007,0.207894,0.329164,0.329142,0.119476,0.0414833,0.285206,0.53136,0.43476,0.437984,0.163744,0.16373,0.163728,0.957951,0.963665,1,0.958764,0.924346,0.957645,0.14842,0.00196001,0.232637,0.287192,0.198216,0,0.0442679,0.110553,0.849116,0.849426,0.437147,0.0127587,0.0944735,0.20566,0.0762986,0.0747249,0.0847128,0.206366,0.750062,0.155231,0.138884,0.309464,0.570501,0.129611,0.180557,0.138832,0.131828,0.151114,0.147112,0.133144,0.132832,0.41224,0.271628,0.377938,0.188323,0.197326,0.358663,0.167953,0.20307,0.192984,0.175142,0.735014,0.153983,0.139248,0.138104,0.16368,0.144948,0.168316,0.121314,0.131531,0.0982559,0.135362,0.134929,0.140315,0.137771,0.13585,0.146337,
4.71,0.236248,0.236204,0.235585,0.236226,0.236256,0.236154,0.30694,0.306908,0.120539,0.0410112,0.283545,0.535688,0.412045,0.414018,0.148694,0.148679,0.148676,0.926696,0.926417,1,0.969905,0.891905,0.916796,0.164063,0.00253612,0.239265,0.29769,0.207222,0.000205008,0.0434185,0.142013,0.812452,0.812748,0.413941,0.0144517,0.111231,0.216298,0.0626601,0.0641004,0.0682361,0.221508,0.736984,0.156781,0.140223,0.365506,0.571882,0.132578,0.175123,0.142024,0.1334,0.152928,0.14947,0.134304,0.134525,0.458001,0.278737,0.41248,0.176923,0.199146,0.400858,0.171402,0.197571,0.188769,0.169197,0.711209,0.154737,0.141469,0.141057,0.167957,0.146892,0.170045,0.12433,0.139622,0.102352,0.138335,0.135755,0.142213,0.140721,0.138224,0.147893,
4.715,0.25592,0.255877,0.255567,0.255898,0.255928,0.255836,0.259799,0.259756,0.115811,0.0229353,0.270616,0.530121,0.377504,0.367294,0.113176,0.11316,0.113157,0.887752,0.881231,0.999006,0.974394,0.851595,0.86797,0.169212,0.00311173,0.235368,0.302126,0.187256,0.000267737,0.0372395,0.171342,0.738917,0.739162,0.373461,0.0135835,0.114769,0.2203,0.0394466,0.0466026,0.038948,0.224869,0.708033,0.148483,0.131656,0.406742,0.541017,0.124073,0.152277,0.135791,0.125495,0.144093,0.143081,0.125673,0.126653,0.453902,0.239007,0.407225,0.127627,0.167238,0.41105,0.162947,0.173903,0.165655,0.153741,0.67241,0.145687,0.133117,0.133708,0.161038,0.138839,0.1618,0.116819,0.126802,0.0981998,0.131361,0.126708,0.134138,0.133309,0.130218,0.139578,
4.72,0.290641,0.290598,0.290845,0.29062,0.29065,0.290576,0.220539,0.220482,0.11468,0.0161162,0.262779,0.527381,0.341325,0.329503,0.094048,0.0940309,0.0940274,0.843631,0.82901,0.999314,0.994013,0.805574,0.80803,0.184997,0.00395016,0.24067,0.310463,0.192626,0,0.0284604,0.209468,0.668621,0.668814,0.336634,0.0107732,0.130936,0.22827,0.0272518,0.0348605,0.0261304,0.240758,0.678212,0.145537,0.129827,0.470984,0.536302,0.123855,0.145836,0.136385,0.124558,0.14179,0.142677,0.124037,0.124975,0.495264,0.22871,0.434045,0.09879,0.159699,0.461939,0.163965,0.157965,0.151525,0.147143,0.628145,0.142066,0.131485,0.133519,0.162788,0.136931,0.16048,0.116088,0.132137,0.100952,0.131525,0.124334,0.132702,0.133335,0.12925,0.13755,
4.725,0.327548,0.327506,0.328281,0.327527,0.327556,0.3275,0.192453,0.192382,0.113747,0.0128592,0.255864,0.525384,0.306043,0.293292,0.0769354,0.0769172,0.0769134,0.794973,0.772171,0.993008,1,0.755024,0.744236,0.204786,0.00476374,0.246347,0.320583,0.197975,2.77788e-05,0.0246596,0.250217,0.604273,0.604406,0.301032,0.0108742,0.154852,0.239355,0.0131518,0.0240167,0.0079377,0.257185,0.649092,0.14436,0.129308,0.540838,0.524686,0.124074,0.135029,0.137952,0.124413,0.140345,0.144039,0.123216,0.124542,0.549863,0.232661,0.479153,0.0788232,0.157342,0.513598,0.165492,0.152774,0.146681,0.139223,0.582051,0.14,0.130744,0.134773,0.16461,0.13662,0.160734,0.117051,0.133067,0.103388,0.133071,0.123319,0.132767,0.133944,0.129493,0.135778,
4.73,0.360195,0.360156,0.361386,0.360176,0.360203,0.360167,0.166882,0.166798,0.111467,0.00984709,0.245151,0.512821,0.266715,0.254906,0.0707667,0.0707491,0.0707454,0.73673,0.707001,0.968481,1,0.695409,0.670627,0.223382,0.00546515,0.247799,0.325373,0.200564,5.55451e-05,0.0240618,0.285048,0.528695,0.528741,0.262227,0.011396,0.176669,0.247169,0.00779883,0.0189901,0.00132078,0.267903,0.605866,0.141359,0.127948,0.599861,0.503847,0.122474,0.128665,0.137687,0.122855,0.136785,0.144006,0.121244,0.122928,0.602681,0.242312,0.523439,0.0661647,0.158557,0.559515,0.164896,0.151599,0.145331,0.136064,0.522542,0.136278,0.128147,0.13421,0.163796,0.134712,0.160699,0.116485,0.128779,0.10403,0.132881,0.121415,0.131256,0.132612,0.128402,0.131498,
4.735,0.382153,0.382115,0.383836,0.382134,0.38216,0.382148,0.139567,0.139474,0.108456,0.0133599,0.230902,0.484702,0.222671,0.215605,0.0764139,0.0763986,0.0763954,0.660054,0.625376,0.918917,0.975821,0.619157,0.581057,0.237404,0.00592822,0.244738,0.319878,0.212096,0,0.0237501,0.306544,0.449824,0.449804,0.22053,0.011304,0.190706,0.247326,0.0112504,0.0176764,0.00988607,0.273194,0.546933,0.137436,0.126877,0.637842,0.486993,0.122394,0.134536,0.136777,0.121348,0.133505,0.142162,0.119737,0.121391,0.656427,0.266205,0.559524,0.0730205,0.17437,0.60402,0.164425,0.149925,0.145303,0.137644,0.452712,0.131989,0.126159,0.133071,0.163096,0.132317,0.160177,0.116061,0.133403,0.105317,0.132004,0.119707,0.129177,0.131704,0.127699,0.127278,
4.74,0.411846,0.411809,0.414019,0.411828,0.411853,0.411862,0.117239,0.117135,0.106901,0.0160939,0.221164,0.469116,0.184013,0.178445,0.0751529,0.0751387,0.0751357,0.598007,0.557102,0.889265,0.965468,0.55645,0.505371,0.256145,0.00653487,0.246401,0.322128,0.223436,0,0.0223449,0.336246,0.38426,0.384175,0.182672,0.0114779,0.211217,0.253349,0.00736449,0.0130463,0.0066446,0.284021,0.503826,0.135894,0.127347,0.690612,0.473104,0.123218,0.133974,0.137891,0.121413,0.131932,0.142941,0.119543,0.121352,0.720879,0.292449,0.609689,0.0770023,0.189141,0.656641,0.166017,0.153311,0.149272,0.136305,0.395185,0.129857,0.125623,0.134016,0.164369,0.13201,0.161542,0.117194,0.135436,0.107203,0.133226,0.119518,0.129156,0.132325,0.128526,0.124651,
4.745,0.440682,0.440651,0.443208,0.440667,0.440689,0.440717,0.109849,0.109734,0.104537,0.0197896,0.211364,0.453153,0.149331,0.146491,0.0786158,0.0786027,0.0786,0.539906,0.493193,0.857643,0.957143,0.497283,0.433746,0.275923,0.00711208,0.24736,0.324151,0.229989,0,0.0223698,0.36443,0.324378,0.324199,0.149371,0.0119243,0.237715,0.259771,0.00594292,0.0126115,0.00275439,0.292698,0.461951,0.13432,0.127863,0.739995,0.448847,0.12223,0.128092,0.138463,0.121262,0.129141,0.14459,0.119053,0.12101,0.786065,0.324034,0.670301,0.0847401,0.203837,0.703156,0.166615,0.167664,0.16185,0.134817,0.336149,0.127738,0.123821,0.13483,0.163623,0.131635,0.163338,0.117909,0.127175,0.106916,0.134441,0.11965,0.129331,0.131651,0.128782,0.120485,
4.75,0.463465,0.463435,0.466359,0.46345,0.463471,0.463515,0.0922465,0.0921237,0.103333,0.0208941,0.203666,0.440786,0.119801,0.119655,0.0797303,0.0797182,0.0797156,0.492895,0.44156,0.835138,0.950361,0.449712,0.37576,0.289849,0.00757845,0.248455,0.325776,0.237532,0,0.0224689,0.387235,0.270473,0.270238,0.121205,0.0123044,0.252969,0.264338,0.00569769,0.0106966,0.00395728,0.300592,0.427114,0.132867,0.12803,0.780301,0.438318,0.122699,0.129122,0.139129,0.121147,0.127707,0.145022,0.118784,0.120867,0.831524,0.340074,0.705312,0.0845804,0.21249,0.741304,0.16755,0.168379,0.163067,0.135241,0.290519,0.125845,0.123191,0.135337,0.164332,0.131144,0.164374,0.118609,0.128709,0.108504,0.135166,0.11935,0.129099,0.131915,0.129208,0.118361,
4.755,0.484474,0.484449,0.487662,0.484462,0.484479,0.484537,0.0793594,0.0792312,0.103295,0.0190951,0.198601,0.434816,0.0965009,0.10169,0.0810749,0.0810639,0.0810615,0.449422,0.394869,0.806291,0.933844,0.406044,0.324774,0.303928,0.00786501,0.248379,0.332532,0.23447,0.000918699,0.0404997,0.413211,0.218658,0.218368,0.100495,0.0219844,0.269307,0.27536,0.00522212,0.0105963,0.00242877,0.306113,0.396276,0.133607,0.128264,0.825882,0.420933,0.123304,0.126966,0.13999,0.120338,0.127589,0.146104,0.118206,0.121933,0.862158,0.346407,0.734537,0.0740534,0.207456,0.756267,0.166572,0.166785,0.161394,0.136128,0.251613,0.125585,0.123732,0.136354,0.16412,0.131883,0.166391,0.121139,0.127217,0.110759,0.136026,0.119148,0.129373,0.132157,0.130194,0.117418,
