time,Channel_01,Channel_02,Channel_03,Channel_04,Channel_05,Channel_06,Channel_07,Channel_08,Channel_09,Channel_10,Channel_11,Channel_12,Channel_13,Channel_14,Channel_15,Channel_16,Channel_17,Channel_18,Channel_19,Channel_20,Channel_21,Channel_22,Channel_23,Channel_24,1_GLUT_MED_1(3),1_GLUT_MED_1(3)_ACC_X,1_GLUT_MED_1(3)_ACC_Y,1_GLUT_MED_1(3)_ACC_Z,2_BICEP_FEM_1(3),2_BICEP_FEM_1(3)_ACC_X,2_BICEP_FEM_1(3)_ACC_Y,2_BICEP_FEM_1(3)_ACC_Z,3_RECT_FEM_1(3),3_RECT_FEM_1(3)_ACC_X,3_RECT_FEM_1(3)_ACC_Y,3_RECT_FEM_1(3)_ACC_Z,4_TIBIAL_ANT_1(3),4_TIBIAL_ANT_1(3)_ACC_X,4_TIBIAL_ANT_1(3)_ACC_Y,4_TIBIAL_ANT_1(3)_ACC_Z,5_GLUT_MED_2(4),5_GLUT_MED_2(4)_ACC_X,5_GLUT_MED_2(4)_ACC_Y,5_GLUT_MED_2(4)_ACC_Z,6_BICEP_FEM_2(4),6_BICEP_FEM_2(4)_ACC_X,6_BICEP_FEM_2(4)_ACC_Y,6_BICEP_FEM_2(4)_ACC_Z,7_RECT_FEM_2(4),7_RECT_FEM_2(4)_ACC_X,7_RECT_FEM_2(4)_ACC_Y,7_RECT_FEM_2(4)_ACC_Z,8_TIBIAL_ANT_2(4),8_TIBIAL_ANT_2(4)_ACC_X,8_TIBIAL_ANT_2(4)_ACC_Y,8_TIBIAL_ANT_2(4)_ACC_Z
0.5375,0.554433036595583,0.35660635214298964,0.8290674397721887,0.5524257570505142,0.9409325569868088,1.7294866964221,1.722387634217739,-0.0,-0.20204964093863964,0.48491913825273514,0.08052131161093712,0.5244956677779555,-0.31640827655792236,1.1902331840246916,1.0288602206856012,-0.0,0.3896524431183934,-0.0,0.5055154324509203,-0.3512253169901669,-0.26399290189146996,2.709177825599909,0.7011505216360092,-0.4352192860096693,-2.4836790498969157e-06,39813.33203125,17306.666015625,586.6666870117188,-3.851726522257747e-05,10426.6669921875,-22666.66796875,-1546.666748046875,-7.4912476350475995e-06,-13786.666015625,-28080.0,-30240.0,0.0001470544887644653,-34240.0,10133.3330078125,-40960.0,-2.5693860942819667e-05,-720.0,-20346.666015625,2746.666748046875,-1.5302807769286488e-05,-4853.33349609375,-19786.666015625,-5600.0,-1.74484653032369e-05,1146.6666259765625,-20000.0,-5280.0,-2.4218799529917862e-05,5493.33349609375,-19973.333984375,-2533.333251953125
0.5416666666666666,0.47522831708192825,0.47547513619065285,0.8290674397721887,0.7497206702828407,0.7056994177401066,1.96532579138875,1.722387634217739,0.3157535195350647,-0.12122978456318378,0.6465588510036469,-0.08052131161093712,0.4034582059830427,-0.0,0.8728376682847738,1.0288602206856012,-0.23669268004596233,0.42861768743023276,-0.11713502230122685,0.42774382745847106,-0.46830042265355587,-0.08799763396382332,2.0100351609289646,0.6135067064315081,-0.609307000413537,-1.617535014837015e-05,39280.0,13520.0,1920.0,-6.45394895831472e-05,18160.0,-18080.0,-3920.000244140625,-8.53723333110669e-06,-6800.0,-38240.0,-24880.0,0.00023096733034948073,-30880.0,6000.0,-40960.0,-2.3853744446611022e-05,-720.0,-20400.0,2720.0,-1.528687568619683e-05,-4880.0,-19760.0,-5600.0,-1.864269824089558e-05,1200.0,-20000.0,-5280.0,-2.2802350940354403e-05,5520.0,-20000.0,-2560.0
0.5458333333333333,0.39602359756827354,0.3962292801588774,0.9080262435600162,0.6708027049899101,1.0193436034023762,1.80809972807765,2.035549022257328,0.07893837988376617,-0.12122978456318378,0.4445092100650072,0.04026065580546856,0.4034582059830427,-0.07910206913948059,0.8728376682847738,0.8705740328878164,-0.15779512003064156,0.42861768743023276,0.039045007433742285,0.42774382745847106,-0.3512253169901669,-0.08799763396382332,2.4469993263483047,0.7887943368405104,-0.8704385720193386,-5.7426956031768686e-05,33040.0,-3520.000244140625,560.0,-5.762989792578756e-05,20160.0,-18160.0,-5680.0,-3.926755418400105e-06,19760.0,-40960.0,5520.0,-2.164351457853409e-05,6720.0,960.0,-40960.0,-2.4120813308851777e-05,-640.0,-20400.0,2640.0,-1.57695474226491e-05,-4880.0,-19760.0,-5680.0,-1.8741966200239678e-05,1280.0,-20080.0,-5200.0,-2.3551721513413596e-05,5520.0,-20000.0,-2560.0
0.5499999999999999,0.23761415854096413,0.5150980642065406,0.7895880378782749,0.6313437223434448,1.0193436034023762,1.7294866964221,2.035549022257328,0.07893837988376617,-0.24245956912636757,0.6465588510036469,4.4340720605245755e-15,0.443804026581347,-0.23730620741844177,0.9521865472197533,1.187146408483386,-0.23669268004596233,0.4675829317420721,4.300187691960427e-15,0.3888580249622464,-0.15610014088451862,0.08799763396382332,2.2722136601805687,0.6135067064315081,-0.6963508576154709,-7.04021757255719e-05,33040.0,-3520.000244140625,560.0,-0.00011581811494196237,20160.0,-18160.0,-5680.0,1.3154940571950542e-05,19760.0,-40960.0,5520.0,-0.00023947912537193583,6720.0,960.0,-40960.0,-2.624218361904759e-05,-640.0,-20400.0,2640.0,-1.7563455537321577e-05,-4880.0,-19760.0,-5680.0,-2.0790077156982757e-05,1280.0,-20080.0,-5200.0,-2.370631784175863e-05,5520.0,-20000.0,-2560.0
0.5541666666666667,0.4356259573251009,0.35660635214298964,0.8290674397721887,0.6708027049899101,1.0193436034023762,1.65087366476655,1.5658069401979446,0.3157535195350647,-0.04040992818772793,0.5253290664404631,-0.0,0.36311238538473845,-0.23730620741844177,0.7934887893497944,0.9497171267867088,-0.0,0.3896524431183934,0.039045007433742285,0.3499722224660218,-0.15610014088451862,-0.5279858037829399,2.4469993263483047,0.6135067064315081,-0.6963508576154709,-5.257349382478422e-05,31200.001953125,-7600.0,-640.0,-2.984097282504941e-05,5120.0,-11360.0,-3440.0,1.701409717078865e-05,29440.0,-40960.0,39840.0,-0.0002970955497870152,40880.0,-8480.0,-40960.0,-2.6402406625845214e-05,-560.0,-20480.0,2560.0,-1.9459995220643626e-05,-5040.0,-19760.0,-5600.0,-2.2753532352220822e-05,1360.0,-20000.0,-5200.0,-2.3899448334435084e-05,5680.0,-19920.0,-2560.0
0.5583333333333333,0.39602359756827354,0.4358522081747651,0.7106292340904474,0.7102616876363754,1.0977546498179436,2.0439388230443,1.8789683282375336,0.07893837988376617,-0.12122978456318378,0.4445092100650072,-0.08052131161093712,0.2824207441881299,-0.15820413827896118,1.0315354261547327,0.7122878450900316,-0.0,0.3896524431183934,-0.039045007433742285,0.5055154324509203,-0.2731752465479076,-0.17599526792764664,2.2722136601805687,0.6135067064315081,-0.9574824292212725,-2.1703260366957465e-05,21200.0,-8880.0,5840.0,-0.00010075494359327447,-12000.0,-7280.0,-9840.0,1.6119661290478525e-05,26960.0,-40960.0,40880.0,-0.00027347585990524295,40880.0,-23440.0,-40960.0,-2.4721046385339264e-05,-560.0,-20480.0,2560.0,-1.6894975619575732e-05,-5120.0,-19760.0,-5680.0,-2.0985174126094677e-05,1600.0001220703125,-19920.0,-5200.0,-2.651981537799019e-05,5600.0,-19840.0,-2560.0
0.5625,0.31681887805461884,0.4358522081747651,0.7895880378782749,0.7497206702828407,0.784110464155674,1.8867127597332,1.4092262461781502,0.39469189941883087,-0.12122978456318378,0.5253290664404631,-0.04026065580546856,0.443804026581347,-0.07910206913948059,0.5554421525448561,0.9497171267867088,0.07889756001532078,0.31172195449471474,0.039045007433742285,0.4666296299546957,-0.23415021132677794,-0.4399881698191166,2.2722136601805687,0.3505752608180046,-1.3927017152309418,-1.8831773710388912e-05,21200.0,-8880.0,5840.0,-2.2845540942686765e-05,-12000.0,-7280.0,-9840.0,1.0846831294330692e-05,26960.0,-40960.0,40880.0,-0.0001477097774590999,40880.0,-23440.0,-40960.0,-2.5116399701601835e-05,-560.0,-20480.0,2560.0,-1.5450676879020576e-05,-5120.0,-19760.0,-5680.0,-1.939478487840104e-05,1600.0001220703125,-19920.0,-5200.0,-2.649272721277538e-05,5600.0,-19840.0,-2560.0
0.5666666666666667,0.5148306768387556,0.5150980642065406,0.6316704303026199,0.6708027049899101,0.9409325569868088,1.8867127597332,1.8006779812276363,-0.0,-0.1616397127509117,0.7273787073791027,-0.04026065580546856,0.4034582059830427,-0.39551034569740295,1.0315354261547327,0.9497171267867088,-0.23669268004596233,0.3896524431183934,-0.11713502230122685,0.544401234947145,-0.15610014088451862,-0.5279858037829399,2.2722136601805687,0.7887943368405104,-0.6963508576154709,-1.9919025370851873e-05,9120.0,-10960.0,14240.0009765625,1.753693194730065e-05,-12560.0,-4480.0,-21280.0,-2.8538721012541382e-05,23440.0,-40960.0,39920.0,-0.00022310714665350548,40880.0,-12320.0,-40960.0,-2.7918321539010084e-05,-480.0,-20560.001953125,2640.0,-1.453991027975754e-05,-5120.0,-19680.0,-5680.0,-1.559039779541586e-05,1600.0001220703125,-19920.0,-5200.0,-2.3847343384615464e-05,5600.0,-19920.0,-2560.0
0.5708333333333333,0.4356259573251009,0.35660635214298964,0.8290674397721887,0.5524257570505142,1.0193436034023762,1.572260633111,1.6440972872078419,0.23681513965129852,-0.1616397127509117,0.7273787073791027,0.08052131161093712,0.443804026581347,-0.15820413827896118,1.1902331840246916,1.0288602206856012,0.23669268004596233,0.4675829317420721,0.11713502230122685,0.42774382745847106,-0.31220028176903725,-0.26399290189146996,2.1848208270967007,0.1752876304090023,-0.8704385720193386,-3.793011846502667e-05,9120.0,-10960.0,14240.0009765625,-0.00010448365757311819,-12560.0,-4480.0,-21280.0,1.39552712088154e-06,23440.0,-40960.0,39920.0,-8.241458872014582e-05,40880.0,-12320.0,-40960.0,-2.4495000777389466e-05,-480.0,-20560.001953125,2640.0,-1.6674987750868453e-05,-5120.0,-19680.0,-5680.0,-1.669472880916822e-05,1600.0001220703125,-19920.0,-5200.0,-2.4125497757082138e-05,5600.0,-19920.0,-2560.0
0.575,0.3564212378114462,0.4358522081747651,0.8685468416661024,0.5524257570505142,1.0977546498179436,1.96532579138875,1.6440972872078419,0.39469189941883087,-0.3232794255018234,0.6465588510036469,-0.12078196741640568,0.4034582059830427,-0.07910206913948059,0.8728376682847738,0.8705740328878164,-0.0,0.3506871988065541,-0.039045007433742285,0.42774382745847106,-0.3512253169901669,-0.3519905358552933,2.2722136601805687,0.5258628912270069,-1.0445262864232063,-2.7226831367416085e-05,-6240.0,-12720.0009765625,16480.0,-0.00012964900174786305,-8960.0,-5440.0,-10720.0,1.001292321538142e-05,16560.0,-26960.0,31200.001953125,-1.708189578511943e-05,40880.0,1840.0,-40960.0,-2.4762458738750333e-05,-480.0,-20560.001953125,2720.0,-1.763132663090022e-05,-5200.0,-19600.0,-5680.0,-1.9772844264653562e-05,1760.0001220703125,-20000.0,-5200.0,-2.1940652791895216e-05,5440.0,-19920.0,-2560.0
0.5791666666666666,0.2772165182977915,0.27736049611121416,0.8685468416661024,0.5918847396969795,0.9409325569868088,1.572260633111,1.5658069401979446,-0.0,-0.3232794255018234,0.48491913825273514,-0.0,0.3227665647864342,-0.15820413827896118,0.9521865472197533,1.0288602206856012,0.07889756001532078,0.42861768743023276,-0.07809001486748457,0.5055154324509203,-0.31220028176903725,0.26399290189146996,2.709177825599909,0.5258628912270069,-0.6963508576154709,-1.7202068285426374e-05,-6400.00048828125,-13520.0,14160.0009765625,-0.0001025715482029458,-16560.0,-12240.0,4640.0,7.001837235892617e-06,8080.0,-20480.0,31520.001953125,1.3748532498933922e-07,40880.0,8080.0,-39120.0,-2.5628505642081353e-05,-560.0,-20480.0,2800.0,-1.5560464819722392e-05,-5280.0,-19680.0,-5760.0,-1.7785407975115693e-05,1760.0001220703125,-20000.0,-5200.0,-2.4100418029972606e-05,5280.0,-20000.0,-2480.0
0.5833333333333333,0.4356259573251009,0.3962292801588774,0.9475056454539299,0.6313437223434448,1.2545767426490784,1.7294866964221,2.035549022257328,-0.07893837988376617,-0.24245956912636757,0.5253290664404631,-0.08052131161093712,0.3227665647864342,-0.15820413827896118,1.0315354261547327,0.791430938988924,-0.15779512003064156,0.15586097724735737,-0.15618002973496914,0.42774382745847106,-0.2731752465479076,-0.17599526792764664,2.621784992516041,0.43821907602250576,-0.5222631432116032,3.748529841972487e-07,-6400.00048828125,-13520.0,14160.0009765625,-7.672931651770288e-05,-16560.0,-12240.0,4640.0,-4.415148533164345e-05,8080.0,-20480.0,31520.001953125,9.017366768004822e-05,40880.0,8080.0,-39120.0,-2.6744901589580107e-05,-560.0,-20480.0,2800.0,-1.5744886358563413e-05,-5280.0,-19680.0,-5760.0,-1.815331263727276e-05,1760.0001220703125,-20000.0,-5200.0,-2.5239843304805795e-05,5280.0,-20000.0,-2480.0
0.5875,0.39602359756827354,0.23773756809532642,0.8685468416661024,0.789179652929306,1.0193436034023762,1.49364760145545,1.8789683282375336,0.47363027930259705,-0.36368935368955135,0.6061489228159189,-0.16104262322187424,0.5244956677779555,-0.23730620741844177,0.8728376682847738,1.0288602206856012,0.15779512003064156,0.5065481760539114,-0.0,0.4666296299546957,-0.2731752465479076,-0.3519905358552933,2.5343921594321728,0.26293144561350346,-0.6963508576154709,-1.589356776039445e-06,-10640.0,-11040.0,11280.0,-4.7615337251609e-05,-23280.0,-15840.0009765625,7440.0,-3.2734462655390536e-05,-12720.0009765625,-5920.0,32000.001953125,0.00013674095119284822,5040.0,16000.0009765625,-40960.0,-2.7221939018185273e-05,-560.0,-20400.0,2720.0,-1.6223327595758785e-05,-5280.0,-19680.0,-5680.0,-2.1911989156713678e-05,1760.0001220703125,-20000.0,-5200.0,-2.3695211350697803e-05,5280.0,-20000.0,-2560.0
0.5916666666666667,0.5148306768387556,0.3962292801588774,0.7895880378782749,0.6708027049899101,0.7056994177401066,1.80809972807765,2.035549022257328,0.39469189941883087,-0.24245956912636757,0.5253290664404631,0.16104262322187424,0.443804026581347,-0.07910206913948059,0.9521865472197533,1.3454325962811708,0.07889756001532078,0.3896524431183934,0.039045007433742285,0.42774382745847106,-0.23415021132677794,-0.08799763396382332,2.709177825599909,0.7887943368405104,-1.0445262864232063,-2.4761115965316223e-05,-11520.0,-8400.0,8880.0,-8.397443368691072e-05,-32480.0,-21040.0,4720.00048828125,-1.8868066740082437e-05,-13280.0,3920.000244140625,33440.0,0.00010448541996325045,-40960.0,19920.0,-40960.0,-2.669315712865118e-05,-560.0,-20320.0,2800.0,-1.5065785369982568e-05,-5280.0,-19760.0,-5680.0,-1.7930091812641026e-05,1600.0001220703125,-20080.0,-5280.0,-2.5380285198982463e-05,5360.0,-19840.0,-2560.0
0.5958333333333333,0.47522831708192825,0.47547513619065285,0.7106292340904474,0.6708027049899101,0.784110464155674,1.80809972807765,1.6440972872078419,0.15787675976753235,-0.2828694973140955,0.6061489228159189,0.04026065580546856,0.36311238538473845,-0.23730620741844177,0.714139910414815,0.8705740328878164,-0.0,0.3896524431183934,-0.039045007433742285,0.5055154324509203,-0.31220028176903725,-0.17599526792764664,2.0974279940128326,0.5258628912270069,-0.609307000413537,-3.0071113510503518e-05,-11520.0,-8400.0,8880.0,-3.953790273220764e-05,-32480.0,-21040.0,4720.00048828125,-2.9955739899344613e-05,-13280.0,3920.000244140625,33440.0,4.697867953837266e-05,-40960.0,19920.0,-40960.0,-2.7891279150162344e-05,-560.0,-20320.0,2800.0,-1.5690084417783806e-05,-5280.0,-19760.0,-5680.0,-2.2453872623973484e-05,1600.0001220703125,-20080.0,-5280.0,-2.384119790733606e-05,5360.0,-19840.0,-2560.0
0.6,0.2772165182977915,0.4358522081747651,0.9080262435600162,0.5129667744040489,0.8625215105712414,1.65087366476655,1.6440972872078419,-0.15787675976753235,-0.24245956912636757,0.6465588510036469,0.08052131161093712,0.443804026581347,-0.0,0.9521865472197533,0.9497171267867088,-0.15779512003064156,0.23379146587103605,0.07809001486748457,0.3499722224660218,-0.31220028176903725,-0.5279858037829399,2.621784992516041,0.3505752608180046,-0.8704385720193386,-5.363472352791542e-05,-10240.0,-10000.0,12240.0,-1.757515521380571e-05,-32800.0,-20400.0,-5200.0,2.853644602246534e-06,-7840.00048828125,11680.0,3520.000244140625,0.00010587258884402553,-40960.0,-5040.0,-40960.0,-2.4974607404596545e-05,-560.0,-20240.0,2720.0,-1.5839861829820205e-05,-5120.0,-19760.0,-5520.0,-2.186180490696245e-05,1680.0,-20000.0,-5200.0,-2.3904857575144083e-05,5520.0,-19840.0,-2480.0
0.6041666666666666,-0.7128424756228924,0.07924585603177547,2.2108465060591698,0.9470155835151672,-0.7056994177401066,2.12255185469985,1.8789683282375336,-0.9472605586051941,-0.08081985637545586,0.5253290664404631,0.04026065580546856,0.36311238538473845,-0.23730620741844177,0.714139910414815,0.8705740328878164,-0.3155902400612831,0.5065481760539114,0.039045007433742285,0.42774382745847106,-0.46830042265355587,-0.3519905358552933,2.621784992516041,0.6135067064315081,-0.6963508576154709,-4.86951521597714e-05,-10240.0,-10000.0,12240.0,-1.4610941850012773e-05,-32800.0,-20400.0,-5200.0,3.882309713098501e-05,-7840.00048828125,11680.0,3520.000244140625,6.729769117530451e-05,-40960.0,-5040.0,-40960.0,-2.4715543684547493e-05,-560.0,-20240.0,2720.0,-1.5279056510496356e-05,-5120.0,-19760.0,-5520.0,-1.967135996620373e-05,1680.0,-20000.0,-5200.0,-2.6405088358016178e-05,5520.0,-19840.0,-2480.0
0.6083333333333333,-58.017457043752074,-23.694510953500867,83.73581141699106,40.090326368808746,-116.91087020561099,-19.73187094554305,-20.277199875563383,-113.1976367533207,-0.2828694973140955,0.36368935368955135,-0.4831278696656227,-0.2824207441881299,0.5537144839763641,0.47609327360987663,1.5037187840789557,-0.8678731601685286,-0.0,0.11713502230122685,0.11665740748867393,-0.4292753874324262,-0.17599526792764664,2.621784992516041,0.7887943368405104,0.08704385720193386,-4.3846233257218824e-05,-9280.0,-20000.0,14720.0,2.5569238598163605e-06,-21200.0,-16560.0,-2880.0,2.1168357795676128e-05,-5920.0,3840.0,-30400.0,6.866028577635647e-05,-18800.0,-30160.0,-40960.0,-2.5407241757141943e-05,-560.0,-20160.0,2720.0,-1.4395776712311384e-05,-5040.0,-19840.0,-5440.0,-1.5592122992249885e-05,1680.0,-20000.0,-5200.0,-2.6848310402795587e-05,5520.0,-19920.0,-2400.0
0.6124999999999999,-124.74743323400617,-68.66653425153345,96.84297284577042,44.391355477273464,-248.40619504451752,-53.06379636749625,-39.145173504948616,-206.18704825639725,1.17188791744411,1.3739375583827496,0.9259950835257769,-0.04034582059830427,1.8193475902080536,-2.9359085205942392,1.4245756901800632,-1.814643880352378,0.03896524431183934,-0.39045007433742285,0.8554876549169421,-0.31220028176903725,-1.0559716075658798,2.4469993263483047,0.3505752608180046,-0.9574824292212725,-3.3974010381753166e-05,-6320.0,-33200.0,17120.0,-4.711309802558211e-05,-480.0,-21200.0,2560.0,-7.47831037540619e-05,-15920.0009765625,24480.0,-40960.0,3.295248404766235e-05,5840.0,-38160.0,-35520.0,-2.593363183149653e-05,-560.0,-20080.0,2720.0,-1.4827335320230593e-05,-4800.0,-19840.0,-5440.0,-1.7152193026152883e-05,1600.0001220703125,-20000.0,-5040.0,-2.3221525133632027e-05,5600.0,-19840.0,-2320.0
0.6166666666666667,-257.0985195413232,-192.52780722919852,-4.10585779696703,-11.67985886335373,-414.4023803062737,-90.48359943553805,-41.65046460926533,-288.9144703745842,1.17188791744411,-0.565738994628191,1.5701655764132738,-0.887608053162694,3.1640827655792236,-2.539164125919342,3.4822961315512657,-3.629287760704756,0.4675829317420721,-0.11713502230122685,-0.0,-0.6634255987592041,-0.08799763396382332,2.3596064932644367,0.8764381520450115,-0.8704385720193386,-1.831804461622697e-05,-6320.0,-33200.0,17120.0,-7.612496166083029e-05,-480.0,-21200.0,2560.0,-3.5547866731539327e-05,-15920.0009765625,24480.0,-40960.0,1.690509672665162e-06,5840.0,-38160.0,-35520.0,-2.4178420959463168e-05,-560.0,-20080.0,2720.0,-1.671464152884451e-05,-4800.0,-19840.0,-5440.0,-1.9063831281214156e-05,1600.0001220703125,-20000.0,-5040.0,-2.390298455879139e-05,5600.0,-19840.0,-2320.0
0.6208333333333333,-325.8482160791755,-268.32646852359176,-150.5349594214931,-88.98000586777925,-643.0489916540682,-149.91505136713386,-52.06308076158166,-388.21895226836205,0.6465588510036469,-1.9396765530109406,3.5831983666867018,-3.0259365448728204,5.37894070148468,-2.9359085205942392,7.043735357001424,-5.838419441133738,0.3506871988065541,-0.15618002973496914,0.6999444449320436,-0.07805007044225931,-0.3519905358552933,2.0974279940128326,0.8764381520450115,-0.6963508576154709,-1.7046565966483043e-05,-3760.0,-38000.0,18560.0,-4.583377063623398e-05,26240.0,-40240.0,-4320.00048828125,3.4902822883222837e-06,-22560.0,24160.0,-40960.0,-1.586640449332741e-05,34800.0,-1200.0,-20800.0,-2.5042612012579147e-05,-640.0,-20000.0,2720.0,-1.6712015109783757e-05,-4720.00048828125,-19760.0,-5520.0,-1.952793116407562e-05,1440.0,-20000.0,-5040.0,-2.4806505140616665e-05,5680.0,-19840.0,-2480.0
0.625,-308.14596126787364,-292.1398482611403,-319.0725261066109,-188.92960891127586,-838.7629635073245,-220.03787560388446,-64.51124593615532,-457.3689730465412,2.3841857630759478,-2.182136122137308,5.233885254710913,-4.6801151894032955,6.4863696694374084,-6.982701346278191,7.518593920394778,-7.574165761470795,0.6234439089894295,-0.039045007433742285,0.2722006174735725,-0.6634255987592041,-0.3519905358552933,2.5343921594321728,0.7887943368405104,-0.6963508576154709,-2.925953094724495e-05,-3760.0,-38000.0,18560.0,-6.516805250880633e-05,26240.0,-40240.0,-4320.00048828125,7.404134254835411e-06,-22560.0,24160.0,-40960.0,-5.148986040466857e-05,34800.0,-1200.0,-20800.0,-2.5569656307513136e-05,-640.0,-20000.0,2720.0,-1.7422843889117016e-05,-4720.00048828125,-19760.0,-5520.0,-2.0704963631807023e-05,1440.0,-20000.0,-5040.0,-2.4339799819529358e-05,5680.0,-19840.0,-2480.0
0.6291666666666667,-247.83156735822558,-286.236031986773,-479.3194183940068,-282.7236106619239,-988.371240068227,-284.8936267197132,-73.4363454952836,-493.2859358936548,3.7985332496464252,-3.31361411139369,6.200140994042158,-5.809798166155815,8.226615190505981,-8.093585651367903,8.943169610574841,-8.520936481654644,0.2727567101828754,-0.0,0.7388302474282682,-0.46830042265355587,0.26399290189146996,2.709177825599909,1.0517257824540138,-0.5222631432116032,-3.060361282251358e-05,-3600.000244140625,-39280.0,6480.0,2.0067232081293117e-05,40880.0,-40960.0,-14800.0,0.00011316578645744792,33920.0,-15040.0,-40960.0,-3.07159423052622e-05,40880.0,38240.0,-40960.0,-2.728470032478951e-05,-640.0,-20000.0,2640.0,-1.6993783907900484e-05,-4720.00048828125,-19680.0,-5600.0,-1.9019603681228164e-05,1360.0,-20080.0,-5120.0,-2.4450021682044043e-05,5520.0,-19920.0,-2480.0
0.6333333333333333,-224.78299397975206,-307.6720360433683,-607.9827891662717,-361.1680681630969,-1141.351191624999,-338.9793924987316,-78.60350839793682,-540.7279022037983,3.879353106021881,-4.162222603335977,7.891088537871838,-7.706051734276116,9.492248296737671,-8.649027803912759,10.684317676350474,-10.17778524197638,0.7403396419249475,-0.15618002973496914,0.8166018524207175,-0.7805007044225931,-0.7919787056744099,1.7478566616773605,-0.3505752608180046,-1.3927017152309418,-1.3505155529257252e-05,-3280.0,-33200.0,-3280.0,-1.1680341691091027e-05,40880.0,-40960.0,13200.0,8.307466867453397e-05,40880.0,-40960.0,-32320.0,-0.00016570945697908478,40880.0,-40960.0,-40960.0,-2.471967881637299e-05,-720.0,-20000.0,2640.0,-1.6407657581865662e-05,-4720.00048828125,-19600.0,-5600.0,-1.8908842039051755e-05,1360.0,-20080.0,-5200.0,-2.272360795959618e-05,5520.0,-20000.0,-2400.0
0.6375,-239.71308360807598,-358.42900683172047,-682.4014617362991,-426.472684442997,-1282.177430987358,-379.15065167471766,-83.14434852451086,-600.7210709154606,4.647141741588712,-4.849191382527351,8.696301653981209,-8.634005608037114,10.362371057271957,-10.870796414092183,12.346322648227215,-11.440146202221513,0.6234439089894295,-0.039045007433742285,0.6221728399395943,-0.3512253169901669,-0.0,2.709177825599909,0.7887943368405104,-0.8704385720193386,-1.804535289023088e-05,-3280.0,-33200.0,-3280.0,-2.0074062296729974e-06,40880.0,-40960.0,13200.0,2.5197977002421263e-05,40880.0,-40960.0,-32320.0,-0.0003674432974121386,40880.0,-40960.0,-40960.0,-2.462961953620486e-05,-720.0,-20000.0,2640.0,-1.5054552993912294e-05,-4720.00048828125,-19600.0,-5600.0,-1.806802363602325e-05,1360.0,-20080.0,-5200.0,-2.4152103363094066e-05,5520.0,-20000.0,-2400.0
0.6416666666666666,-268.22678263299167,-400.19157296046615,-731.7112347017974,-463.36683321744204,-1371.8796680867672,-393.6940625309944,-81.10879950225353,-641.2953981757164,5.536160161718726,-5.051241023465991,9.420993458479643,-9.239192917011678,11.786208301782608,-11.743634082376957,13.058610493317246,-12.308019362390041,0.4675829317420721,0.07809001486748457,0.7388302474282682,-0.7024506339803338,-0.17599526792764664,2.3596064932644367,0.9640819672495127,-0.609307000413537,-3.192987433955083e-05,7680.0,-40960.0,-5600.0,9.893609594161662e-05,-8240.0,-40960.0,-40880.0,-3.985521687935572e-05,40880.0,-40960.0,40880.0,-1.6385248142835327e-05,40880.0,-40960.0,40880.0,-2.5473838741837083e-05,-720.0,-19920.0,2720.0,-1.6267930943424493e-05,-4800.0,-19520.0,-5760.0,-1.978692049752818e-05,1120.0,-20000.0,-5280.0,-2.3034450472849462e-05,5360.0,-20000.0,-2480.0
0.6458333333333333,-283.7905100174248,-421.46908530499786,-735.6986542930827,-463.56412813067436,-1417.593308147043,-393.3796104043722,-80.56076707318425,-672.160304710269,5.3341105207800865,-5.293700592592359,9.622296737506986,-9.642651122994721,12.02351450920105,-11.822982961311936,13.375182868912816,-12.623609602451324,0.5844786646775901,-0.11713502230122685,0.8166018524207175,-0.6244005635380745,-0.6159834377467632,2.0100351609289646,0.43821907602250576,-1.1315701436251402,-7.980951670523862e-05,40880.0,-40960.0,-29440.0,4.9685897701703605e-05,-30000.0,-40960.0,-40960.0,-4.704599750084918e-05,40880.0,-40960.0,40880.0,0.00036679186919112705,-19920.0,-40960.0,27759.998046875,-2.4539354262384907e-05,-800.0000610351562,-19920.0,2800.0,-1.4761709175987103e-05,-4800.0,-19600.0,-5840.0,-1.87844790938091e-05,1120.0,-20000.0,-5360.0,-2.467853349176984e-05,5200.0,-20000.0,-2320.0
0.65,-275.43441210873425,-419.9634140403941,-701.7068892624229,-437.1266097575426,-1404.4202523492277,-375.69167828187346,-79.46470221504569,-684.0800000727177,4.930011238902807,-5.212880736216903,9.380732802674174,-9.279538737609982,11.628004163503647,-11.584936324506998,12.900324305519462,-12.465814482420683,0.42861768743023276,-0.07809001486748457,0.7777160499244928,-0.6244005635380745,-0.26399290189146996,2.3596064932644367,0.43821907602250576,-0.9574824292212725,-9.89316251164326e-05,40880.0,-40960.0,-29440.0,0.00010199590275762182,-30000.0,-40960.0,-40960.0,-9.65453641361292e-05,40880.0,-40960.0,40880.0,0.0003220653373216288,-19920.0,-40960.0,27759.998046875,-2.6522666864189047e-05,-800.0000610351562,-19920.0,2800.0,-1.446837135476726e-05,-4800.0,-19600.0,-5840.0,-1.9668756435326515e-05,1120.0,-20000.0,-5360.0,-2.4409463820818317e-05,5200.0,-20000.0,-2320.0
0.6541666666666667,-251.79180333390832,-407.7595522115007,-665.2674013143405,-406.2302263453603,-1352.6689617149532,-343.8534004613757,-72.57515167817473,-674.9231480062008,5.091650951653719,-4.566321885213256,8.897604933008552,-8.714697249233723,11.232493817806244,-11.108843050897121,12.346322648227215,-11.597941322252154,0.42861768743023276,-0.15618002973496914,0.42774382745847106,-0.7414756692014635,-0.08799763396382332,2.4469993263483047,0.6135067064315081,-0.7833947148174047,-4.309686268415963e-05,40880.0,-40960.0,-40960.0,9.938698552788058e-05,-21120.0,-40960.0,35600.0,-0.0002539652856136821,-40960.0,-40960.0,-40960.0,0.00019745539806104336,-40960.0,40880.0,-18720.0,-2.616002648424525e-05,-720.0,-19840.0,2800.0,-1.6594194370335132e-05,-4800.0,-19520.0,-6000.0,-1.88541526318412e-05,1200.0,-20080.0,-5440.0,-2.424519723492934e-05,5120.0,-19920.0,-2400.0
0.6583333333333333,-256.46488178521395,-412.9105328535661,-639.5268312795088,-380.6213466078043,-1312.6009169965982,-308.0058580264449,-60.75330927968025,-667.8186938166618,4.647141741588712,-4.404682172462344,8.65604099817574,-8.634005608037114,10.995187610387802,-10.394703140482306,12.346322648227215,-11.12455596216023,0.7013743976131082,0.07809001486748457,0.7777160499244928,-0.4292753874324262,-0.3519905358552933,2.883963491767645,0.6135067064315081,-0.7833947148174047,3.465429678750631e-05,40880.0,-40960.0,-40960.0,2.4360187469014017e-05,-21120.0,-40960.0,35600.0,-2.816732590239508e-05,-40960.0,-40960.0,-40960.0,4.042142476366837e-05,-40960.0,40880.0,-18720.0,-2.435812943984441e-05,-720.0,-19840.0,2800.0,-1.613210101823032e-05,-4800.0,-19520.0,-6000.0,-1.991521830299039e-05,1200.0,-20080.0,-5440.0,-2.3054777087178025e-05,5120.0,-19920.0,-2400.0
0.6625,-279.5926598832011,-420.91436431277543,-636.3289997261018,-358.1297264993191,-1290.332179814577,-277.26816264912486,-50.34069312736392,-664.1875283420086,4.404682172462344,-4.445092100650072,8.414477063342929,-8.149855760857463,10.362371057271957,-10.632749777287245,11.87146408483386,-11.361248642206192,0.5065481760539114,-0.2342700446024537,0.7388302474282682,-0.5463504930958152,-0.7039810717105865,2.3596064932644367,0.7011505216360092,-0.6963508576154709,6.531424696644503e-05,40880.0,-40960.0,-20000.0,-9.51264188272117e-06,-34160.0,-40960.0,40880.0,9.485955023657688e-05,-14960.0,-19040.0,-40960.0,2.6422651224182773e-05,40880.0,-320.0,-40080.0,-2.5113668378366543e-05,-720.0,-19840.0,2880.0,-1.632470508268545e-05,-4880.0,-19440.0,-5920.0,-1.675127215924519e-05,1120.0,-20080.0,-5440.0,-2.5580091411856907e-05,5280.0,-19920.0,-2480.0
0.6666666666666666,-269.05843218788505,-414.8916792543605,-635.4999322863296,-344.0034107118845,-1265.3974670544267,-255.57096591219306,-42.90311016142368,-656.3726287335157,4.445092100650072,-4.2430424597114325,8.213173784315586,-7.9481266578659415,10.204166918992996,-10.315354261547327,11.55489170923829,-10.966760842129588,0.4675829317420721,-0.0,0.6999444449320436,-0.5073254578746855,-0.26399290189146996,2.1848208270967007,0.7887943368405104,-1.0445262864232063,7.500583629744487e-05,40880.0,-2480.0,-15200.0,-8.273841837020714e-05,-18640.0,-20800.0,40880.0,9.190334296864996e-05,29600.0,1840.0,-9360.0,2.191333002279916e-05,40880.0,-40960.0,-40960.0,-2.5802663737955122e-05,-800.0000610351562,-20000.0,2960.0,-1.500946136499782e-05,-4880.0,-19600.0,-5920.0,-1.712771411386117e-05,1120.0,-20160.0,-5440.0,-2.419585412592306e-05,5280.0,-20000.0,-2560.0
0.6708333333333333,-239.95069776661694,-400.15195003245026,-636.7237937450409,-334.61217284202576,-1246.1867606826127,-243.2287199422717,-39.458334892988205,-649.5839280635118,4.445092100650072,-4.121812675148249,8.011870505288243,-7.867435016669333,10.362371057271957,-9.91860986687243,11.475748615339398,-10.651170602068305,0.6234439089894295,0.07809001486748457,0.6221728399395943,-0.3512253169901669,-0.26399290189146996,2.5343921594321728,0.6135067064315081,-0.7833947148174047,2.017239803943214e-06,40880.0,-2480.0,-15200.0,-5.334703050496013e-05,-18640.0,-20800.0,40880.0,3.886040105545137e-05,29600.0,1840.0,-9360.0,-7.3551971249846e-05,40880.0,-40960.0,-40960.0,-2.54949321103141e-05,-800.0000610351562,-20000.0,2960.0,-1.7579347566090047e-05,-4880.0,-19600.0,-5920.0,-2.0050239512366293e-05,1120.0,-20160.0,-5440.0,-2.3392507494040182e-05,5280.0,-20000.0,-2560.0
0.675,-212.1102388575673,-388.22544869966805,-646.3962472090498,-331.57383117824793,-1236.2285577878356,-236.07493406161666,-36.874753441661596,-644.8476252704859,4.364272244274616,-4.121812675148249,7.931349193677306,-7.827089196071029,10.204166918992996,-9.680563230067492,11.396605521440506,-10.493375482037663,0.4675829317420721,-0.07809001486748457,0.8166018524207175,-0.5073254578746855,-0.17599526792764664,2.3596064932644367,0.3505752608180046,-0.5222631432116032,-1.858809657172191e-05,40880.0,27280.0,3040.0,-4.975030123547655e-05,30160.0,-16480.0,33520.0,-1.658219905481366e-05,-5680.0,33440.0,-17920.0,-0.00011820962494569001,40880.0,21040.0,-40960.0,-2.5158666547198246e-05,-720.0,-20240.0,3040.0,-1.9720745036879827e-05,-5040.0,-19680.0,-5840.0,-2.1778263037056187e-05,1200.0,-20240.0,-5440.0,-2.4030006348021472e-05,5360.0,-19920.0,-2400.0
0.6791666666666667,-196.7445232719183,-382.8763534175232,-655.3580714389682,-330.0349308550358,-1227.446520589292,-225.3049487248063,-31.62930019199848,-640.427075996995,4.323862316086888,-4.364272244274616,7.770306570455432,-7.544668451882899,9.966860711574554,-9.83926098793745,10.84260386414826,-10.651170602068305,0.42861768743023276,-0.11713502230122685,0.5055154324509203,-0.31220028176903725,-0.26399290189146996,2.3596064932644367,0.7887943368405104,-0.8704385720193386,-6.514282210115518e-05,40880.0,27280.0,3040.0,-0.00013722407497092533,30160.0,-16480.0,33520.0,-3.6077369598854804e-05,-5680.0,33440.0,-17920.0,-0.00013795376552084085,40880.0,21040.0,-40960.0,-2.5346670086762646e-05,-720.0,-20240.0,3040.0,-1.828844828756634e-05,-5040.0,-19680.0,-5840.0,-2.054544443665313e-05,1200.0,-20240.0,-5440.0,-2.4689432081830215e-05,5360.0,-19920.0,-2400.0
0.6833333333333333,-175.24044192396104,-371.9008023571223,-660.0561202643439,-326.08903259038925,-1208.9415136352181,-212.5696375966072,-26.54042763635516,-630.3229633718729,4.364272244274616,-4.2026325315237045,7.931349193677306,-7.706051734276116,9.650452435016632,-9.759912109002471,10.84260386414826,-10.09888768196106,0.6234439089894295,0.07809001486748457,0.6999444449320436,-0.5073254578746855,-0.26399290189146996,2.3596064932644367,0.5258628912270069,-1.1315701436251402,-6.434134657827637e-05,36320.0,40880.0,7040.00048828125,-3.4912834079334036e-05,40880.0,-40960.0,10080.0,-1.9950238415893307e-06,-6560.0,40880.0,-15600.0009765625,-0.00016403103596281457,40880.0,40880.0,-40960.0,-2.6390104227194634e-05,-640.0,-20240.0,3040.0,-1.7695606187012342e-05,-4960.0,-19760.0,-5600.0,-2.072101206316299e-05,1280.0,-20160.0,-5440.0,-2.474803536842542e-05,5520.0,-19920.0,-2320.0
0.6875,-144.07338479533792,-354.58558281417936,-660.5298730870709,-318.90749774873257,-1180.870359018445,-199.91293950006366,-21.843006815761328,-614.3774106353521,4.364272244274616,-3.7581233214586973,7.850827882066369,-7.544668451882899,9.41314622759819,-9.045772198587656,10.367745300754905,-9.783297441899776,0.6234439089894295,-0.07809001486748457,0.7388302474282682,-0.4292753874324262,-0.3519905358552933,2.3596064932644367,0.7887943368405104,-1.1315701436251402,-5.6881393289005475e-05,21040.0,40880.0,6720.0,9.220311713781498e-05,40880.0,-40960.0,-22240.001953125,3.275595847442806e-05,-19440.0,40880.0,-28800.001953125,-1.1725763291318145e-05,-12160.0,5040.0,-40960.0,-2.5501481945502643e-05,-480.0,-20160.0,3040.0,-1.6044132192158476e-05,-4960.0,-19680.0,-5440.0,-1.779535289086207e-05,1440.0,-20000.0,-5280.0,-2.5865280086063633e-05,5520.0,-19840.0,-2160.000244140625
0.6916666666666667,-122.01487041078508,-342.7779502654448,-657.1346445241943,-309.7924727573991,-1154.3674253299832,-186.23427199199796,-16.67584391310811,-601.0368244349957,3.960172962397337,-3.919763034209609,7.649524603039026,-7.221901887096465,8.938533812761307,-8.807725561782718,10.367745300754905,-9.704399881884456,0.5844786646775901,-0.0,0.6610586424358189,-0.46830042265355587,-0.17599526792764664,2.3596064932644367,0.7011505216360092,-0.5222631432116032,-4.3709373363765534e-05,21040.0,40880.0,6720.0,-4.6374371530750745e-07,40880.0,-40960.0,-22240.001953125,3.888108434397337e-05,-19440.0,40880.0,-28800.001953125,8.481201150462025e-05,-12160.0,5040.0,-40960.0,-2.409800523395819e-05,-480.0,-20160.0,3040.0,-1.5631979902854822e-05,-4960.0,-19680.0,-5440.0,-1.4309486353032176e-05,1440.0,-20000.0,-5280.0,-2.2971898974594304e-05,5520.0,-19840.0,-2160.000244140625
0.6958333333333333,-100.78800558112562,-330.33635086845607,-649.1992847435176,-299.25692439079285,-1128.2565468735993,-174.59954330697656,-13.30935899168253,-587.6962382346392,4.040992818772793,-4.000582890585065,7.569003291428089,-7.141210245899856,8.780329674482346,-8.56967892497778,10.130316019058228,-9.941092561930418,0.3896524431183934,-0.15618002973496914,0.544401234947145,-0.3512253169901669,-0.17599526792764664,2.4469993263483047,0.7887943368405104,-0.7833947148174047,-4.392563236590508e-05,8000.00048828125,28000.001953125,8240.0,4.2470767867625134e-05,33360.0,-40960.0,-28480.001953125,1.8376726104115922e-05,-28960.001953125,40800.0,-31520.001953125,0.0001604788966895563,-40960.0,-17600.0,-40960.0,-2.5437900478988366e-05,-400.0000305175781,-20080.0,3120.0,-1.71345424219494e-05,-4960.0,-19520.0,-5280.0,-1.7995815231664544e-05,1600.0001220703125,-19920.0,-5200.0,-2.3820148407877485e-05,5360.0,-19920.0,-2080.0
0.7,-67.95764934271574,-308.2267570355907,-640.9875691495836,-289.9840634688735,-1099.479692839086,-167.1313052996993,-12.056713439524174,-572.0664390176535,3.919763034209609,-3.838943177834153,7.1663967333734035,-7.100864425301552,8.701227605342865,-8.56967892497778,9.655457455664873,-9.546604761853814,0.6234439089894295,0.11713502230122685,0.7388302474282682,-0.46830042265355587,0.08799763396382332,2.3596064932644367,0.8764381520450115,-0.8704385720193386,-3.487260046737507e-05,-3840.0,9360.0,-4960.0,2.0755750603724697e-05,25840.0,-40960.0,-9760.0,1.3784177745349664e-05,-26480.0,15280.0,-36320.0,0.00016061086995582466,-23840.001953125,-40960.0,-40960.0,-2.56381625481849e-05,-320.0,-20080.0,3120.0,-1.7271547273898418e-05,-4960.0,-19440.0,-5200.0,-2.1840503637484982e-05,1760.0001220703125,-20000.0,-5200.0,-2.380117410372617e-05,5200.0,-19920.0,-2000.0001220703125
0.7041666666666666,-26.33556923829019,-280.4907074244693,-639.9216252984479,-285.60411639511585,-1071.2517161294818,-164.1440100967884,-12.604745868593454,-553.4369813650846,3.919763034209609,-3.434843895956874,6.844311486929655,-6.858789501711726,8.780329674482346,-8.331632288172841,9.813743643462658,-8.994321841746569,0.42861768743023276,0.039045007433742285,0.7388302474282682,-0.5073254578746855,-0.7039810717105865,2.3596064932644367,1.0517257824540138,-0.6963508576154709,-3.49019927097325e-05,-3840.0,9360.0,-4960.0,-5.0660610071068864e-06,25840.0,-40960.0,-9760.0,-1.7436867908322942e-06,-26480.0,15280.0,-36320.0,0.00010190216038725303,-23840.001953125,-40960.0,-40960.0,-2.7757200171008673e-05,-320.0,-20080.0,3120.0,-1.5741137464835085e-05,-4960.0,-19440.0,-5200.0,-2.0061271616830627e-05,1760.0001220703125,-20000.0,-5200.0,-2.406654351833938e-05,5200.0,-19920.0,-2000.0001220703125
0.7083333333333333,20.316010555252433,-249.1093484358862,-642.645704029128,-285.3279035165906,-1043.494205698371,-166.1879489198327,-14.71858523786068,-533.7813247740269,3.919763034209609,-3.7581233214586973,7.005354110151529,-6.616714578121901,8.06841105222702,-8.093585651367903,9.418028173968196,-8.836526721715927,0.4675829317420721,-0.039045007433742285,0.6221728399395943,-0.7414756692014635,-0.17599526792764664,2.3596064932644367,0.7887943368405104,-1.218614000827074,-3.3765411291703656e-05,-17200.0,-1920.0,-18960.001953125,-1.638758655225325e-05,14880.0,-40960.0,1920.0,-2.177524179682944e-05,-29040.0,-40960.0,-40160.0,3.9942500967270114e-05,-12080.0,-40960.0,-40960.0,-2.4777778562930404e-05,-160.0,-20160.0,3120.0,-1.4301756822717219e-05,-5040.0,-19440.0,-5200.0,-1.9422029446203347e-05,1680.0,-20080.0,-5280.0,-2.5329225476210986e-05,5200.0,-19920.0,-2160.000244140625
0.7124999999999999,68.23486586101353,-216.1430723266676,-640.6717339344323,-282.565774731338,-1013.5411859676242,-167.9174356162548,-17.53703773021698,-513.809914663434,3.7581233214586973,-3.475253824144602,6.723529519513249,-6.737752039916813,7.752002775669098,-7.458794619888067,9.022312704473734,-8.363141361624002,0.5065481760539114,-0.07809001486748457,0.6221728399395943,-0.5073254578746855,-0.26399290189146996,2.2722136601805687,0.43821907602250576,-0.609307000413537,-9.563002562220486e-06,-17200.0,-1920.0,-18960.001953125,2.8961963580442524e-05,14880.0,-40960.0,1920.0,-4.414333713830465e-05,-29040.0,-40960.0,-40160.0,-3.720075979377242e-05,-12080.0,-40960.0,-40960.0,-2.4446708617477213e-05,-160.0,-20160.0,3120.0,-1.6511199909485103e-05,-5040.0,-19440.0,-5200.0,-1.853869624225679e-05,1680.0,-20080.0,-5280.0,-2.1032844490354204e-05,5200.0,-19920.0,-2160.000244140625
0.7166666666666667,107.9956350568682,-186.82210559491068,-632.2231419291347,-277.9490737617016,-978.0993929877877,-167.7602095529437,-19.729167446494102,-492.73336723446846,3.5156637523323298,-3.5560736805200577,6.602747552096844,-6.536022936925292,7.672900706529617,-7.696841256693006,8.626597234979272,-8.205346241593361,0.5065481760539114,0.07809001486748457,0.7388302474282682,-0.5073254578746855,-0.17599526792764664,2.2722136601805687,0.43821907602250576,-0.8704385720193386,-8.384167459300762e-05,-37520.0,-21920.0,-37680.0,2.7215259483290028e-05,-6959.99951171875,-40960.0,-20960.0,-0.00017498857072518852,-40960.0,-40960.0,-40960.0,7.093773347110696e-06,10320.0009765625,-40960.0,-40960.0,-2.5141956265868366e-05,-160.0,-20160.0,3040.0,-1.6319755512995797e-05,-5120.0,-19440.0,-5280.0,-1.8739904356372813e-05,1760.0001220703125,-20160.0,-5360.0,-2.5896627360764762e-05,5120.0,-19920.0,-2160.000244140625
0.7208333333333333,142.1724715270102,-159.99738332815468,-617.5368044245988,-271.28050569444895,-939.5211581513286,-166.10933588817716,-21.843006815761328,-471.5778814256191,3.5156637523323298,-3.273204183205962,6.4417049288749695,-6.414985475130379,7.040084153413773,-7.1413991041481495,8.468311047181487,-7.968653561547399,0.5065481760539114,0.039045007433742285,0.5832870374433696,-0.4292753874324262,-0.08799763396382332,2.709177825599909,0.9640819672495127,-0.4352192860096693,-4.3581844219800405e-05,-40960.0,-28240.001953125,-40960.0,3.456848517273273e-05,-40960.0,-40960.0,-40560.0,-0.00010521456882615562,-40960.0,-40960.0,-40960.0,8.200619676866226e-06,40880.0,-40960.0,-36640.0,-2.4484052596264764e-05,-80.0,-20240.0,3040.0,-1.7488843873691593e-05,-5040.0,-19520.0,-5360.0,-2.112029833229649e-05,1840.0,-20160.0,-5360.0,-2.2384824696291368e-05,5040.0,-19920.0,-2160.000244140625
0.725,169.45849739946425,-136.46136408671737,-596.8101184302941,-262.7968244254589,-896.4734936691821,-162.1000712737441,-22.86078132688999,-449.79088857769966,3.273204183205962,-3.1923843268305063,6.200140994042158,-6.172910551540554,7.040084153413773,-6.585956951603293,8.310024859383702,-7.6530633214861155,0.6624091533012688,-0.0,0.6999444449320436,-0.46830042265355587,-0.26399290189146996,2.3596064932644367,0.6135067064315081,-0.9574824292212725,1.5847675760311951e-06,-40960.0,-28240.001953125,-40960.0,-0.000174466994798771,-40960.0,-40960.0,-40560.0,7.181816082941876e-05,-40960.0,-40960.0,-40960.0,1.9336715649421674e-05,40880.0,-40960.0,-36640.0,-2.4979129728193526e-05,-80.0,-20240.0,3040.0,-1.676722903786701e-05,-5040.0,-19520.0,-5360.0,-1.9744430492142293e-05,1840.0,-20160.0,-5360.0,-2.384970849691418e-05,5040.0,-19920.0,-2160.000244140625
0.7291666666666666,197.29895630851388,-111.18193601258099,-569.1745371045545,-251.51155538856983,-844.4869698956609,-157.77635453268886,-24.191717226058245,-424.13591511547565,3.0711545422673225,-2.9903346858918667,5.676752468571067,-5.729106524959207,6.328165531158447,-6.347910314798355,7.676880108192563,-7.337473081424832,0.5455134203657508,0.039045007433742285,0.5832870374433696,-0.46830042265355587,-0.08799763396382332,2.3596064932644367,0.3505752608180046,-0.6963508576154709,-0.0001070270077864234,-40960.0,-40960.0,-40960.0,-0.00011893587463868063,-40960.0,-40960.0,-40960.0,0.0001061696545781388,-40960.0,-40960.0,-26320.0,-4.9135162229461266e-05,34480.00390625,-40960.0,-6880.0,-2.5180738385521427e-05,,-20320.0,3040.0,-1.617318149298012e-05,-5120.0,-19600.0,-5440.0,-1.853367800801653e-05,1840.0,-20240.0,-5360.0,-2.3311292589460074e-05,5040.0,-20000.0,-2160.000244140625
0.7333333333333333,224.3869703821838,-84.11947617772967,-534.2747458303347,-237.50361654907465,-784.2672862485051,-151.64453806355596,-25.679233819246292,-394.53402265906334,3.1115644704550505,-2.788285044953227,5.354667222127318,-5.446685780771077,5.616246908903122,-5.554421525448561,7.3603077325969934,-6.548497481271625,0.6234439089894295,-0.0,0.6610586424358189,-0.31220028176903725,-0.26399290189146996,2.4469993263483047,0.6135067064315081,-0.8704385720193386,2.434333985858292e-05,-40960.0,-40960.0,-13680.0,0.00012731886259358983,-40960.0,-40960.0,-40960.0,6.398391707478426e-05,-39893.3359375,-40960.0,-16880.0,-9.04152448278758e-05,36613.3359375,-40960.0,-453.3333435058594,-2.621741669711305e-05,,-20320.0,3040.0,-1.5000192604340068e-05,-5120.0,-19600.0,-5493.33349609375,-1.7927387192286526e-05,1813.3333740234375,-20240.0,-5360.0,-2.465231126283214e-05,5066.66650390625,-20000.0,-2186.666748046875
0.7375,251.1977679375559,-55.789082646369934,-494.67690573073924,-221.6411055251956,-713.3052892424166,-144.1763000562787,-26.697008330374956,-359.6432587504387,2.747875116765499,-2.5054155476391315,5.03258197568357,-4.7204610100016,5.2998386323452,-4.998979372903705,6.648019887506962,-6.2329072412103415,0.6234439089894295,-0.07809001486748457,0.8166018524207175,-0.31220028176903725,-0.08799763396382332,2.3596064932644367,0.6135067064315081,-0.7833947148174047,7.610487346508023e-05,-40960.0,-40960.0,40880.0,-3.0142120285226587e-05,-40960.0,-40960.0,-40960.0,-1.0294042561290314e-05,-37760.00390625,-40960.0,2000.0001220703125,-0.00011197934694628323,40880.0,-40960.0,12400.0,-2.4193315444899196e-05,,-20320.0,3040.0,-1.5146367034818181e-05,-5120.0,-19600.0,-5600.0,-1.879324145340612e-05,1760.0001220703125,-20240.0,-5360.0,-2.5624324733888783e-05,5120.0,-20000.0,-2240.0
0.7416666666666667,271.94940445013344,-28.132278891280293,-445.9988031955436,-202.89808876812458,-634.1101323626935,-135.60747960582376,-27.71478284150362,-320.6476990878582,2.4650056194514036,-2.182136122137308,4.388411482796073,-4.357348624616861,4.587920010089874,-4.522886099293828,6.014875136315823,-5.443931641057134,0.6624091533012688,-0.11713502230122685,0.7388302474282682,-0.4292753874324262,-0.4399881698191166,2.3596064932644367,0.8764381520450115,-1.0445262864232063,5.103710543144643e-05,21440.0,-40960.0,40880.0,-8.846785523013135e-06,-40960.0,-40960.0,-40960.0,-5.541472993211274e-05,-17360.0,-40960.0,-3280.0,-9.066227699277944e-05,40880.0,-40960.0,38320.0,-2.5990856105033693e-05,80.0,-20400.0,3040.0,-1.576305099322214e-05,-5040.0,-19680.0,-5760.0,-1.7352104143201867e-05,1920.0,-20160.0,-5200.0,-2.7658599783684373e-05,5280.0,-19920.0,-2320.0
0.7458333333333333,284.7409666515887,-2.7736049611121416,-389.58273788914084,-180.801058486104,-547.0738708414137,-124.8374942690134,-28.106234576553106,-277.2315901517868,2.0204964093863964,-1.656807055696845,3.7845016457140446,-3.7925071362406015,3.9551034569740295,-3.4913506731390953,5.381730385124683,-4.970546280965209,0.42861768743023276,-0.039045007433742285,0.4666296299546957,-0.46830042265355587,-0.08799763396382332,2.2722136601805687,0.43821907602250576,-0.6963508576154709,9.27233312173121e-06,21440.0,-40960.0,40880.0,-0.00011576129121163709,-40960.0,-40960.0,-40960.0,-7.13525693999302e-05,-17360.0,-40960.0,-3280.0,-6.720355207642109e-05,40880.0,-40960.0,38320.0,-2.6339414530056988e-05,80.0,-20400.0,3040.0,-1.617040820807501e-05,-5040.0,-19680.0,-5760.0,-2.155817789356888e-05,1920.0,-20160.0,-5200.0,-2.5306528027537823e-05,5280.0,-19920.0,-2320.0
0.75,285.45380912721157,20.12844743207097,-324.08641014713794,-155.2316377311945,-451.1771610751748,-111.630504950881,-27.949653882533312,-229.1581168025732,1.7780368402600288,-1.4951673429459333,3.3416344318538904,-2.985590724274516,3.480491042137146,-2.85655964165926,4.4320132583379745,-3.7081853207200766,0.3896524431183934,0.039045007433742285,0.6610586424358189,-0.23415021132677794,-0.08799763396382332,2.621784992516041,0.5258628912270069,-0.9574824292212725,-5.6704139566308466e-05,16720.0,-21920.0,-28960.001953125,-3.6035816101645263e-05,-40960.0,-40960.0,-40960.0,-4.368353260455343e-05,3280.0,-40960.0,-3360.0,-1.375319191321354e-05,40880.0,-40960.0,40880.0,-2.6820222786899705e-05,,-20240.0,2960.0,-1.5145378074554565e-05,-5120.0,-19760.0,-5840.0,-1.6733919101427673e-05,1920.0,-20240.0,-5280.0,-2.501899522186729e-05,5440.0,-19920.0,-2320.0
0.7541666666666667,267.9891684744507,37.87951918318868,-252.31285750400275,-125.83469565957785,-347.831401899457,-93.0778294801712,-25.20949173718691,-177.45347797870636,1.3739375583827496,-1.091068061068654,2.4961606599390507,-2.1383284917101264,2.6103682816028595,-1.9043730944395065,3.324009943753481,-2.919209720566869,0.5844786646775901,-0.039045007433742285,0.6221728399395943,-0.3512253169901669,-0.26399290189146996,2.2722136601805687,0.9640819672495127,-0.8704385720193386,-7.035340100645677e-05,3440.0,-37040.0,-3040.0,3.50784758635838e-05,-40960.0,-30240.0,-40960.0,-1.4973040542946218e-05,27120.0,-40960.0,25680.0,2.0690603203986834e-05,40880.0,-40960.0,40880.0,-2.5803964549719416e-05,,-20240.0,2960.0,-1.764822573974427e-05,-2720.0,-20720.0,-5040.0,-1.7515811875942842e-05,1920.0,-20400.0,-4800.0,-2.4876367506162936e-05,5520.0,-19920.0,-2400.0
0.7583333333333333,229.85209602862597,45.01164622604847,-183.42130119912326,-95.13560716062784,-249.81759387999773,-71.0661806166172,-20.512070916593075,-127.4065451323986,0.8081985637545586,-0.6465588510036469,1.7714688554406166,-1.6138328239321709,1.4238372445106506,-1.269582062959671,2.6908651925623417,-2.0513365603983402,0.31172195449471474,0.19522503716871142,0.544401234947145,-0.4292753874324262,-0.08799763396382332,2.4469993263483047,0.7887943368405104,-0.7833947148174047,-5.790820297879584e-05,3440.0,-37040.0,-3040.0,3.305659095047568e-05,-40960.0,-30240.0,-40960.0,-3.106853000426214e-06,27120.0,-40960.0,25680.0,4.5269222145227685e-05,40880.0,-40960.0,40880.0,-2.7074777534792172e-05,,-20240.0,2960.0,-1.7123985247293437e-05,-2720.0,-20720.0,-5040.0,-1.9616136501377337e-05,1920.0,-20400.0,-4800.0,-2.357179063567738e-05,5520.0,-19920.0,-2400.0
0.7625,174.36919000931084,39.26632166374475,-121.39916082378477,-64.12084680050611,-168.97580502554774,-48.4256274998188,-14.248843155801296,-86.43752597272396,0.4040992818772793,-0.12122978456318378,1.1675590183585882,-0.7665705913677812,1.1865310370922089,-0.714139910414815,2.2951497230678797,-1.6568487603217363,0.5065481760539114,-0.07809001486748457,0.544401234947145,-0.46830042265355587,-0.0,2.2722136601805687,1.0517257824540138,-0.8704385720193386,-3.6984455015265805e-05,8880.0,-36480.0,-7440.0,-4.580941379425446e-05,-26800.0,-32080.001953125,-40960.0,-1.3248650517392658e-05,40880.0,-40960.0,40880.0,6.7366737195638e-05,40880.0,-40960.0,40880.0,-2.6132787638488827e-05,-160.0,-20160.0,2880.0,-1.5761239012025544e-05,-3920.000244140625,-20480.0,-2080.0,-2.163285059235496e-05,880.0000610351562,-19360.0,-1920.0,-2.1721609060758795e-05,5440.0,-19840.0,-2560.0
0.7666666666666666,119.32190994732082,28.290770603343844,-77.10327189881355,-40.95842398703098,-108.99135451763868,-29.5584999024868,-8.76851886510849,-55.09898915886879,0.04040992818772793,0.24245956912636757,0.6844311486929655,-0.36311238538473845,0.7910206913948059,0.07934887893497944,1.8994342535734177,-0.8678731601685286,0.6234439089894295,-0.0,0.5832870374433696,-0.2731752465479076,-0.26399290189146996,2.3596064932644367,0.43821907602250576,-1.1315701436251402,-2.5759744579127936e-05,8880.0,-36480.0,-7440.0,1.0002339337844665e-05,-26800.0,-32080.001953125,-40960.0,-3.723315420287032e-05,40880.0,-40960.0,40880.0,4.3905689128650744e-05,40880.0,-40960.0,40880.0,-2.4738630232340767e-05,-160.0,-20160.0,2880.0,-1.5677915533537186e-05,-3920.000244140625,-20480.0,-2080.0,-1.8882364225397902e-05,880.0000610351562,-19360.0,-1920.0,-2.3907752930361383e-05,5440.0,-19840.0,-2560.0
0.7708333333333333,73.1059561111033,20.28693914413452,-44.098491915501654,-21.978653334081173,-64.14023596793413,-16.0370584577322,-4.854001514613628,-31.81216709315777,0.04040992818772793,0.5253290664404631,0.4831278696656227,-0.0,0.5537144839763641,0.3967443946748972,1.2662895023822784,-0.9467707201838493,0.2727567101828754,0.07809001486748457,0.42774382745847106,-0.46830042265355587,-0.17599526792764664,2.0974279940128326,0.43821907602250576,-1.0445262864232063,-4.3640682110276854e-05,9840.0,-24160.0,-5520.0,-1.8834152174128024e-05,-11120.0009765625,-7040.00048828125,-40960.0,-5.798258194589321e-05,40880.0,-40960.0,40880.0,-9.606265043800711e-06,15519.9990234375,-40960.0,40880.0,-2.5909765178114405e-05,-240.0,-20080.0,2800.0,-1.6612377124805826e-05,-3360.0,-20160.0,-4160.0,-1.9177257489423876e-05,400.0000305175781,-19440.0,-5680.0,-2.3312215746196024e-05,5280.0,-19760.0,-2640.0
0.7749999999999999,38.77071020193398,13.273680885322392,-23.450764724984765,-9.312319904565811,-34.42244937643409,-6.68210769072175,-2.1138393692672253,-16.261306256055832,-0.24245956912636757,0.5253290664404631,0.16104262322187424,0.20172910299152136,-0.31640827655792236,0.5554421525448561,1.187146408483386,-0.15779512003064156,0.2727567101828754,-0.07809001486748457,0.5055154324509203,-0.39025035221129656,-0.08799763396382332,2.1848208270967007,0.5258628912270069,-1.0445262864232063,-4.8486930724750237e-05,17840.0,-16000.0009765625,-11920.0009765625,-7.574408702800284e-05,11440.0,40880.0,-40960.0,-3.77262839318499e-05,40880.0,-40960.0,40880.0,-6.008421310513788e-05,-40960.0,-40960.0,40880.0,-2.4925102170956885e-05,-240.0,-20000.0,2720.0,-1.709594912981051e-05,-3360.0,-20160.0,-6000.0,-2.2543167057341787e-05,1120.0,-20560.001953125,-8640.0009765625,-2.339300531203209e-05,5280.0,-19760.0,-2720.0
0.7791666666666667,14.930089628323913,9.073650515638292,-10.580479707568884,-0.3156718611717224,-15.839031375944614,-1.572260633111,-1.2526455521583557,-6.472947150468826,-0.24245956912636757,0.6465588510036469,0.2013032790273428,0.4034582059830427,0.15820413827896118,1.0315354261547327,1.187146408483386,-0.3155902400612831,0.4675829317420721,0.039045007433742285,0.2722006174735725,-0.23415021132677794,-0.17599526792764664,2.621784992516041,0.6135067064315081,-1.3927017152309418,-5.588829026416907e-05,17840.0,-16000.0009765625,-11920.0009765625,-1.577763553450612e-05,11440.0,40880.0,-40960.0,1.3792893851742453e-06,40880.0,-40960.0,40880.0,-9.451867651917578e-05,-40960.0,-40960.0,40880.0,-2.5996623927284756e-05,-240.0,-20000.0,2720.0,-1.669070239621452e-05,-3360.0,-20160.0,-6000.0,-1.8838399839522573e-05,1120.0,-20560.001953125,-8640.0009765625,-2.271318048464692e-05,5280.0,-19760.0,-2720.0
0.7833333333333333,1.0692637134343386,6.418914338573813,-5.2112810499966145,3.7486033514142036,-4.861484877765179,1.572260633111,-0.4697420820593834,-0.0,-0.04040992818772793,0.7677886355668306,-0.08052131161093712,0.443804026581347,-0.23730620741844177,0.714139910414815,0.791430938988924,-0.3944878000766039,0.42861768743023276,0.07809001486748457,0.23331481497734785,-0.31220028176903725,-0.5279858037829399,2.4469993263483047,0.7887943368405104,-1.4797455724328756,-5.9237102358985615e-05,19120.0,-12000.0,-15680.0009765625,0.00010052653478037459,29680.0,40880.0,-40960.0,4.586117542132104e-05,40880.0,-40960.0,40880.0,-6.86971510106384e-05,-40960.0,-29760.0,40880.0,-2.6620813302539884e-05,-320.0,-19920.0,2800.0,-1.4538415872107505e-05,-3840.0,-19760.0,-7759.99951171875,-1.693246646420764e-05,3120.0,-20240.0,-8080.0,-2.571429055397414e-05,5360.0,-20000.0,-2720.0
0.7875,-4.277054853737354,4.992488930001855,-3.868981385603547,5.28750367462635,-0.1568220928311348,2.75145610794425,0.07829034700989723,2.68390491604805,-0.12122978456318378,0.8081985637545586,-0.08052131161093712,0.3227665647864342,-0.0,1.1108843050897121,0.8705740328878164,-0.0,0.42861768743023276,-0.039045007433742285,0.3499722224660218,-0.11707510566338897,-0.17599526792764664,2.4469993263483047,0.43821907602250576,-1.1315701436251402,-5.815901550868018e-05,18160.0,-13813.3330078125,-11893.333984375,9.024522377117615e-05,37146.66796875,40880.0,-40960.0,6.85822752174714e-05,40880.0,-40960.0,40880.0,-1.1481402368168007e-05,-40960.0,-23306.666015625,40880.0,-2.6387283258573827e-05,-266.6666564941406,-19973.333984375,2853.333251953125,-1.562132545341883e-05,-4373.33349609375,-19546.666015625,-7866.6669921875,-1.9390619228997494e-05,3386.666748046875,-20240.0,-6533.33349609375,-2.512923997256551e-05,5466.66650390625,-20106.666015625,-2773.333251953125
0.7916666666666666,-4.831487890332937,5.190603570081294,-4.184816600754857,5.326962657272816,-0.2352331392467022,3.144521266222,-0.15658069401979446,2.4470897763967514,-0.3232794255018234,0.6869687791913748,-0.04026065580546856,0.443804026581347,-0.39551034569740295,0.8728376682847738,1.0288602206856012,-0.3155902400612831,0.42861768743023276,0.039045007433742285,0.5055154324509203,-0.23415021132677794,-0.7039810717105865,2.1848208270967007,0.8764381520450115,-0.6963508576154709,-3.8363159082829834e-05,17680.0,-14720.0,-10000.0,-7.643229942097963e-06,40880.0,40880.0,-40960.0,8.697461678480473e-05,40880.0,-40960.0,40880.0,5.0440486780609e-05,-40960.0,-20080.0,40880.0,-2.6864023140793026e-05,-240.0,-20000.0,2880.0,-1.6726612048833817e-05,-4640.0,-19440.0,-7920.00048828125,-1.8674781752167115e-05,3520.000244140625,-20240.0,-5760.0,-2.3881298004891065e-05,5520.0,-20160.0,-2800.0
0.7958333333333333,-5.108704408630729,5.3490952821448445,-4.10585779696703,5.603175535798073,-0.4704662784934044,2.6728430762887,-0.15658069401979446,2.4470897763967514,-0.4445092100650072,0.565738994628191,-0.08052131161093712,0.5244956677779555,-0.15820413827896118,0.9521865472197533,1.0288602206856012,-0.07889756001532078,0.3896524431183934,-0.039045007433742285,0.23331481497734785,-0.31220028176903725,-0.4399881698191166,2.2722136601805687,0.7887943368405104,-0.9574824292212725,-3.293857184676974e-05,14160.0009765625,-24480.0,-5120.0,-9.470702338149322e-05,40880.0,40880.0,-40960.0,8.395575692914537e-05,12880.0,-40960.0,40880.0,5.7436050270026975e-05,-40960.0,-37520.0,40880.0,-2.691389649271789e-05,-320.0,-20240.0,2880.0,-1.6822626071418554e-05,-5200.0,-19280.0,-8080.0,-1.9410806606876213e-05,3520.000244140625,-20320.0,-5360.0,-2.494318955799618e-05,5840.0,-20160.0,-2720.0
0.8,-5.029499689117074,5.586832850240171,-4.10585779696703,5.603175535798073,-0.4704662784934044,2.3583909496665,-0.2348710410296917,2.210274636745453,-0.2828694973140955,0.6869687791913748,-0.04026065580546856,0.5244956677779555,0.07910206913948059,1.1108843050897121,0.8705740328878164,-0.07889756001532078,0.42861768743023276,0.039045007433742285,0.5055154324509203,-0.31220028176903725,-0.7039810717105865,2.2722136601805687,0.7011505216360092,-1.0445262864232063,-2.5114028867257235e-05,14160.0009765625,-24480.0,-5120.0,-0.00012980555692324904,40880.0,40880.0,-40960.0,7.88095930017085e-05,12880.0,-40960.0,40880.0,4.0717059986310634e-05,-40960.0,-37520.0,40880.0,-2.5883310252644088e-05,-320.0,-20240.0,2880.0,-1.664076037973905e-05,-5200.0,-19280.0,-8080.0,-1.8155176116882313e-05,3520.000244140625,-20320.0,-5360.0,-2.4315414367320418e-05,5840.0,-20160.0,-2720.0
0.8041666666666667,-5.187909128144383,5.586832850240171,-4.066378395073116,5.642634518444538,-0.4704662784934044,2.75145610794425,-0.31316138803958893,2.4470897763967514,-0.24245956912636757,0.5253290664404631,-0.2013032790273428,0.443804026581347,-0.15820413827896118,0.7934887893497944,1.1080033145844936,-0.15779512003064156,0.3896524431183934,0.11713502230122685,0.42774382745847106,-0.31220028176903725,-0.08799763396382332,2.0100351609289646,0.7011505216360092,-0.609307000413537,-1.2550201384329412e-05,9280.0,-22960.0,-6640.0,-0.00015258366355519297,39520.0,40880.0,-40960.0,5.9789283601487976e-05,-22000.0,-40960.0,40880.0,8.263890054819277e-05,-40960.0,-37840.00390625,40880.0,-2.5592073375937984e-05,-320.0,-20400.0,2800.0,-1.816368098441455e-05,-4800.0,-19920.0,-6320.0,-2.1672180121064255e-05,2720.0,-19760.0,-4960.0,-2.3044933260908933e-05,6240.0,-20080.0,-2560.0
0.8083333333333333,-5.346318567171693,5.230226498097181,-4.066378395073116,5.642634518444538,-0.2352331392467022,2.27977791801095,-0.39145173504948616,2.762843295931816,-0.12122978456318378,0.6061489228159189,-0.2818245906382799,0.4034582059830427,-0.0,1.1108843050897121,0.9497171267867088,0.07889756001532078,0.5065481760539114,0.07809001486748457,0.2722006174735725,-0.2731752465479076,-0.26399290189146996,2.621784992516041,0.8764381520450115,-0.9574824292212725,-8.172233560910062e-06,4320.00048828125,-10800.0,-9920.0,-0.00012882533231634886,18000.0,40880.0,-40960.0,9.383418059500065e-06,-40960.0,-33840.0,40880.0,9.009961677691487e-05,29840.0,-40960.0,40880.0,-2.614537232473635e-05,-480.0,-20400.0,2800.0,-1.7136459307320537e-05,-4560.0,-20160.0,-3840.0,-2.0496763177620765e-05,1360.0,-19760.0,-4640.0,-2.408555024741737e-05,6400.00048828125,-19920.0,-2640.0
0.8125,-5.187909128144383,5.586832850240171,-4.224296002648771,5.484798587858677,-0.3136441856622696,2.75145610794425,-0.0,2.1313362568616867,-0.3232794255018234,0.6061489228159189,-0.16104262322187424,0.443804026581347,-0.07910206913948059,0.714139910414815,0.8705740328878164,0.07889756001532078,0.3896524431183934,0.07809001486748457,0.42774382745847106,-0.19512517610564828,-0.08799763396382332,2.5343921594321728,0.7887943368405104,-0.9574824292212725,-9.5653743502394e-06,4320.00048828125,-10800.0,-9920.0,-8.42172849436218e-05,18000.0,40880.0,-40960.0,-4.042955388352089e-05,-40960.0,-33840.0,40880.0,-3.15914439357422e-05,29840.0,-40960.0,40880.0,-2.494139855763449e-05,-480.0,-20400.0,2800.0,-1.6733667331408778e-05,-4560.0,-20160.0,-3840.0,-1.8659650755501215e-05,1360.0,-19760.0,-4640.0,-2.5772418910760975e-05,6400.00048828125,-19920.0,-2640.0
0.8166666666666667,-4.989897329360247,5.467964066192508,-4.066378395073116,5.642634518444538,-0.6272883713245392,2.90868217125535,-0.15658069401979446,2.3681513965129852,-0.1616397127509117,0.6465588510036469,-0.08052131161093712,0.36311238538473845,-0.23730620741844177,1.0315354261547327,0.791430938988924,-0.15779512003064156,0.2727567101828754,0.039045007433742285,0.31108641996979713,-0.2731752465479076,-0.17599526792764664,2.1848208270967007,0.8764381520450115,-0.4352192860096693,-5.6124839641013245e-06,-480.0,7440.0,-16480.0,-2.7951257635118335e-05,-24560.0,40880.0,-40960.0,-0.00011035855837615658,-40960.0,-9680.0,20960.0,9.434847235700785e-05,40880.0,-40960.0,23280.0,-2.469770234548121e-05,-480.0,-20320.0,2800.0,-1.593532939702302e-05,-4640.0,-20240.0,-3360.0,-1.8065732910321026e-05,560.0,-20400.0,-4160.0,-2.2943139971981366e-05,6240.0,-19680.0,-2480.0
0.8208333333333333,-5.187909128144383,5.309472354128957,-4.184816600754857,5.761011466383934,-0.3136441856622696,2.5156170129776,-0.31316138803958893,2.0523978769779205,-0.2828694973140955,0.7273787073791027,-0.08052131161093712,0.443804026581347,0.07910206913948059,0.7934887893497944,1.187146408483386,-0.15779512003064156,0.3896524431183934,0.07809001486748457,0.4666296299546957,-0.31220028176903725,-0.08799763396382332,2.621784992516041,0.5258628912270069,-0.6963508576154709,3.6295652297888654e-07,-2373.333251953125,13226.6669921875,-19306.666015625,1.8795606565704835e-05,-30026.666015625,36666.66796875,-40960.0,-6.194174178697151e-05,-40960.0,-6853.33349609375,12400.0,4.941298281591804e-05,40880.0,-40960.0,23253.333984375,-2.380649751374691e-05,-506.6666564941406,-20293.333984375,2800.0,-1.4511051141341633e-05,-4773.33349609375,-20133.333984375,-3653.333251953125,-1.5730565031390098e-05,426.6666564941406,-20426.666015625,-3973.33349609375,-2.391157525701189e-05,6106.66650390625,-19680.0,-2480.0
0.825,-5.148306768387556,5.5075869942083955,-4.145337198860943,5.800470449030399,-0.6272883713245392,2.43700398132205,-0.31316138803958893,2.6049665361642838,-0.2828694973140955,0.6465588510036469,-0.0,0.443804026581347,-0.0,0.9521865472197533,0.9497171267867088,0.15779512003064156,0.42861768743023276,0.11713502230122685,0.4666296299546957,-0.19512517610564828,-0.17599526792764664,2.621784992516041,0.5258628912270069,-1.4797455724328756,9.649742817357322e-07,-6160.0,24800.0,-24960.0,4.527649295819761e-05,-40960.0,28240.001953125,-40960.0,-0.00010201341984742134,-40960.0,-1200.0,-4720.00048828125,-2.7288303306347798e-05,40880.0,-40960.0,23200.0,-2.6089086466724162e-05,-560.0,-20240.0,2800.0,-1.7445877031148707e-05,-5040.0,-19920.0,-4240.0,-2.091137690032885e-05,160.0,-20480.0,-3600.000244140625,-2.4356944976346422e-05,5840.0,-19680.0,-2480.0
0.8291666666666666,-5.108704408630729,5.666078706271946,-4.224296002648771,5.642634518444538,-0.5488773249089718,2.6728430762887,-0.15658069401979446,2.5260281562805176,-0.24245956912636757,0.6465588510036469,-0.12078196741640568,0.5244956677779555,-0.0,0.714139910414815,1.1080033145844936,-0.23669268004596233,0.3506871988065541,0.07809001486748457,0.42774382745847106,-0.23415021132677794,-0.08799763396382332,2.3596064932644367,0.1752876304090023,-0.9574824292212725,-1.539716359065776e-06,-12160.0,40880.0,-40960.0,4.7541137575282666e-05,-40960.0,17280.001953125,-40960.0,-1.0644988033121547e-05,-40960.0,1360.0,-16720.0,-7.128038006905778e-05,40880.0,-40960.0,18240.0,-2.4235776840055663e-05,-560.0,-20080.0,2720.0,-1.6272401768608518e-05,-5360.0,-19440.0,-5200.0,-1.9019582700393256e-05,-80.0,-20160.0,-3600.000244140625,-2.4517929015246617e-05,5280.0,-19840.0,-2480.0
0.8333333333333333,-5.227511487901211,5.745324562303722,-3.9874195912852883,5.721552483737469,-0.5488773249089718,2.59423004463315,-0.31316138803958893,2.4470897763967514,-0.2828694973140955,0.6061489228159189,-0.2013032790273428,0.6051873089745641,0.15820413827896118,0.9521865472197533,0.8705740328878164,-0.3155902400612831,0.2727567101828754,0.07809001486748457,0.5055154324509203,-0.15610014088451862,-0.17599526792764664,2.4469993263483047,0.8764381520450115,-0.609307000413537,1.6696959691807242e-06,-12160.0,40880.0,-40960.0,3.422140112819888e-05,-40960.0,17280.001953125,-40960.0,9.223021674712156e-05,-40960.0,1360.0,-16720.0,-0.00015755793722427476,40880.0,-40960.0,18240.0,-2.5717105800549065e-05,-560.0,-20080.0,2720.0,-1.5256380042658101e-05,-5360.0,-19440.0,-5200.0,-1.651187701824804e-05,-80.0,-20160.0,-3600.000244140625,-2.462360185128353e-05,5280.0,-19840.0,-2480.0
0.8374999999999999,-5.108704408630729,5.3490952821448445,-4.026898993179202,5.721552483737469,-0.4704662784934044,2.5156170129776,-0.4697420820593834,2.289213016629219,-0.1616397127509117,0.4040992818772793,-0.08052131161093712,0.5244956677779555,-0.07910206913948059,0.7934887893497944,1.4245756901800632,-0.3155902400612831,0.1948262215591967,0.11713502230122685,0.4666296299546957,-0.31220028176903725,-0.08799763396382332,2.5343921594321728,0.7011505216360092,-0.4352192860096693,-2.0672347970268276e-05,-13680.0,40880.0,-40960.0,2.7853647161731965e-05,-40960.0,14560.0,-38320.0,9.888055394956935e-05,-22240.001953125,3360.0,-40960.0,-8.161459329980233e-05,40880.0,-40960.0,8480.0,-2.671758072783268e-05,-400.0000305175781,-20000.0,2800.0,-1.55899371707222e-05,-5600.0,-19040.0,-6160.0,-1.6293830830444063e-05,-80.0,-19680.0,-4400.0,-2.2501157703810155e-05,4640.0,-20080.0,-2640.0
0.8416666666666666,-5.267113847658038,5.586832850240171,-4.224296002648771,5.603175535798073,-0.5488773249089718,2.59423004463315,-0.2348710410296917,2.289213016629219,-0.24245956912636757,0.48491913825273514,-0.08052131161093712,0.4034582059830427,-0.0,1.0315354261547327,0.8705740328878164,-0.3155902400612831,0.31172195449471474,0.15618002973496914,0.3888580249622464,-0.31220028176903725,-0.0,2.4469993263483047,0.9640819672495127,-0.7833947148174047,-4.846681582611938e-05,-32640.0,40880.0,-40960.0,5.455650315815651e-06,-40960.0,-800.0000610351562,-20080.0,3.6490680602449966e-05,-7920.00048828125,4320.00048828125,-40960.0,-8.427798440635917e-05,-3920.000244140625,-40960.0,-240.0,-2.6531932763823856e-05,-320.0,-19920.0,2800.0,-1.7352876619396206e-05,-5600.0,-18880.001953125,-6959.99951171875,-1.826513095058908e-05,80.0,-19280.0,-5520.0,-2.357583612211736e-05,4240.0,-20240.0,-2400.0
0.8458333333333333,-4.989897329360247,5.586832850240171,-4.184816600754857,5.761011466383934,-0.5488773249089718,2.5156170129776,-0.15658069401979446,2.289213016629219,-0.20204964093863964,0.6061489228159189,-0.08052131161093712,0.6051873089745641,-0.23730620741844177,1.0315354261547327,0.9497171267867088,-0.23669268004596233,0.42861768743023276,0.07809001486748457,0.3888580249622464,-0.15610014088451862,-0.3519905358552933,2.2722136601805687,0.5258628912270069,-1.218614000827074,-5.422278962750491e-05,-32640.0,40880.0,-40960.0,-5.67963312622427e-06,-40960.0,-800.0000610351562,-20080.0,-6.498937208933558e-05,-7920.00048828125,4320.00048828125,-40960.0,8.772281624580634e-05,-3920.000244140625,-40960.0,-240.0,-2.6603361062593712e-05,-320.0,-19920.0,2800.0,-1.4045025790040207e-05,-5600.0,-18880.001953125,-6959.99951171875,-2.2686086597386223e-05,80.0,-19280.0,-5520.0,-2.393558686888974e-05,4240.0,-20240.0,-2400.0
