time,hip_flexion_r,hip_flexion_r_id,hip_adduction_r,hip_adduction_r_id,hip_rotation_r,hip_rotation_r_id,knee_angle_r,knee_angle_r_id,ankle_angle_r,ankle_angle_r_id,hip_flexion_l,hip_flexion_l_id,hip_adduction_l,hip_adduction_l_id,hip_rotation_l,hip_rotation_l_id,knee_angle_l,knee_angle_l_id,ankle_angle_l,ankle_angle_l_id,
1.385,-9.58804,14.7426,23.3282,-1.06208,26.0333,-0.0355454,-94.9141,-4.09984,98.8065,1.68974,-0.864395,-15.7296,-8.82212,6.46889,-5.69243,0.0458333,0.832738,4.21391,-2.36914,0.920234,
1.39,-33.0592,11.4867,29.2562,-0.797558,21.271,0.153607,-98.4846,-1.81016,98.7807,0.764939,-0.932187,-14.1918,-7.00716,6.8711,-5.84432,0.0812854,1.76478,4.06107,-3.34711,0.847186,
1.395,-25.9962,6.82689,13.0119,-0.179926,24.5941,0.346104,-98.9744,2.54751,100.521,-2.5512,0.0805373,-12.5979,-2.26567,7.1719,-4.66667,0.116855,1.69889,3.88711,-5.13192,0.776999,
1.4,-24.9388,6.13519,7.4291,-0.231497,25.5701,0.494345,-101.718,1.16125,101.837,0.651172,-0.033035,-10.9497,-1.48104,7.37118,-4.71176,0.15372,0.506014,3.687,-3.61113,0.710498,
1.405,-24.0702,14.0446,-1.13684,-1.88965,26.7202,0.579284,-104.453,-12.385,102.969,17.5,0.0220159,-9.24426,0.368922,7.47305,-4.28111,0.192832,1.32606,3.45479,-6.48908,0.648505,
1.41,-22.9034,24.5431,-5.18164,-4.05449,27.3743,0.684621,-107.732,-29.0032,104.07,37.3914,-0.396387,-7.47497,0.76546,7.48539,-4.54336,0.234851,0.250929,3.18412,-3.76417,0.591852,
1.415,-20.9861,30.7071,-12.8433,-5.39783,28.1509,0.879565,-111.269,-38.7015,105.092,48.9403,-0.578325,-5.63294,3.31462,7.41939,-3.99241,0.280103,0.884443,2.86889,-5.8069,0.541377,
1.42,-18.9626,35.1939,-14.1548,-6.46307,28.5794,1.14437,-115.267,-45.4055,106.074,56.6501,-0.592667,-3.70937,1.5257,7.28897,-4.77997,0.328522,0.244871,2.50405,-3.92011,0.497929,
1.425,-13.312,42.2861,-25.2122,-8.14853,29.1592,1.46222,-119.808,-55.1766,106.876,67.3154,0.591951,-1.69793,3.53465,7.11009,-3.94772,0.379594,0.355315,2.08637,-2.92535,0.462377,
1.43,-8.55963,51.6787,-28.7575,-10.4488,29.6942,1.86468,-130.462,-67.51,107.615,80.298,0.382383,0.402908,4.98372,6.89993,-4.02377,0.432294,1.04954,1.61517,-6.25467,0.435602,
1.435,-3.48512,62.082,-36.3538,-13.1485,30.4936,2.38919,-131.858,-80.5819,108.288,93.5331,4.93995,2.58792,4.09381,6.67625,-3.04165,0.485061,-0.743642,1.09283,-0.226388,0.418496,
1.44,1.85983,73.3992,-40.8883,-16.2673,31.3338,3.06426,-140.961,-94.2833,108.299,106.903,4.17735,4.84388,5.72207,6.45644,-3.19145,0.535784,2.39851,0.525035,-17.2399,0.411945,
1.445,5.39902,85.7545,-44.9045,-19.865,32.5989,3.91691,-142.38,-108.821,108.945,120.651,8.0905,7.14911,8.05694,6.2566,-1.47533,0.581834,-0.889805,-0.0792068,0.0670166,0.416803,
1.45,18.4828,98.8805,-52.8946,-23.9104,33.6204,4.97109,-155.844,-123.891,109.041,134.477,12.7876,9.47368,1.34149,6.09063,-2.90765,0.620162,2.84947,-0.707892,-18.4482,0.433853,
1.455,22.4722,112.419,-57.2077,-28.3439,34.9874,6.24636,-176.901,-139.081,109.149,147.992,13.6543,11.7801,5.25436,5.96948,-1.59267,0.647511,-0.374638,-1.34654,-0.083822,0.463751,
1.46,36.5223,126.108,-65.561,-33.114,36.1867,7.75114,-184.958,-154.137,108.958,160.992,16.0049,14.0248,6.75541,5.89992,-1.39637,0.66064,2.51232,-1.97896,-12.0651,0.506958,
1.465,45.0469,139.714,-72.3647,-38.1689,37.3298,9.48679,-196.282,-168.839,108.538,173.33,17.4991,16.1616,6.65981,5.88317,-1.00987,0.656495,-1.26054,-2.58833,1.53313,0.563692,
1.47,61.9655,153.01,-84.689,-43.4498,38.6306,11.4412,-203.999,-182.988,108.072,184.884,19.46,18.1444,8.51654,5.91405,-0.70045,0.632399,1.54872,-3.15836,-9.62588,0.633874,
1.475,70.1942,165.792,-90.263,-48.9014,40.1912,13.5949,-211.716,-196.404,107.525,195.56,20.4115,19.9311,7.8323,5.98113,-0.45746,0.586321,-2.30142,-3.67447,2.6205,0.717057,
1.48,86.5161,177.924,-101.258,-54.479,41.7541,15.9179,-219.043,-208.987,107.022,205.342,22.1684,21.4857,9.01032,6.06722,-0.264837,0.517158,0.602467,-4.12478,-7.86798,0.812388,
1.485,95.5934,189.307,-108.261,-60.1492,43.3751,18.3754,-228.571,-220.672,106.417,214.246,22.67,22.7812,8.11655,6.14994,-0.122664,0.424982,-3.23343,-4.5009,3.5354,0.918608,
1.49,112.995,199.904,-119.281,-65.8892,44.9873,20.9274,-232.27,-231.445,105.925,222.329,23.5173,23.8015,9.20719,6.20303,-0.196851,0.311192,-0.590922,-4.7984,-6.00961,1.03409,
1.495,122.359,209.718,-126.645,-71.6916,46.5566,23.5337,-240.382,-241.327,105.357,229.673,23.5823,24.5409,8.11603,6.1987,-0.0655737,0.178593,-4.2622,-5.01692,4.47269,1.15685,
1.5,138.985,218.822,-137.342,-77.5786,48.1498,26.1601,-243.494,-250.397,104.937,236.4,23.8248,25.0047,9.03511,6.11032,-0.422957,0.0313237,-0.898928,-5.15992,-6.275,1.28464,
1.505,147.054,227.312,-143.829,-83.5717,49.7158,28.7737,-256.512,-258.743,104.432,242.633,23.195,25.2077,7.93688,5.91511,-0.338265,-0.125413,-4.93441,-5.23415,4.81122,1.41496,
1.51,161.977,235.242,-153.222,-89.6337,51.2555,31.3357,-252.51,-266.398,104.093,248.424,22.9052,25.1746,8.90752,5.5969,-0.557762,-0.285812,-1.83428,-5.24901,-3.65681,1.54519,
1.515,169.59,242.724,-159.208,-95.7648,52.6716,33.8188,-275.614,-273.446,103.672,253.865,22.3897,24.9347,7.68074,5.14836,-0.633947,-0.444023,-5.55889,-5.21577,5.55032,1.67262,
1.52,183.534,250.134,-167.76,-102.201,53.9622,36.2523,-259.198,-280.241,103.415,259.304,21.9655,24.5209,8.38496,4.57272,-0.854077,-0.594707,-2.75356,-5.14669,-4.70939,1.7946,
1.525,190.663,257.678,-173.514,-109.016,55.0661,38.6379,-286.075,-286.952,103.097,264.903,21.2694,23.968,6.89304,3.88432,-1.01829,-0.733535,-6.28341,-5.05422,0.391544,1.90861,
1.53,201.467,264.495,-180.794,-115.313,56.183,40.7792,-263.943,-292.666,102.894,269.737,20.6308,23.3104,7.38943,3.10768,-1.32233,-0.857569,-3.61583,-4.95031,1.40956,2.01235,
1.535,210.051,270.185,-184.732,-120.451,56.9709,42.5544,-296.376,-296.974,102.683,273.372,20.0775,22.5798,6.02598,2.27545,-1.50801,-0.965421,-7.12808,-4.84596,4.53597,2.10384,
1.54,220.173,277.583,-190.669,-126.054,57.8206,44.4206,-268.163,-302.727,102.55,278.603,19.287,21.8049,6.2217,1.42533,-1.90161,-1.05714,-4.40187,-4.75084,1.45217,2.18149,
1.545,226,287.407,-198.67,-132.489,57.1668,46.4986,-303.579,-310.624,102.396,286.1,19.0459,21.0108,4.65039,0.596479,-1.92805,-1.13384,-7.62664,-4.67316,5.85865,2.24417,
1.55,234.271,287.878,-198.574,-132.348,58.7077,46.7848,-276.137,-308.978,102.188,284.265,17.9313,20.2173,5.28334,-0.174211,-1.99199,-1.19714,-4.65507,-4.61949,-2.38493,2.29123,
1.555,238.903,275.8,-201.344,-123.957,58.6563,44.7675,-286.679,-294.781,102.183,270.069,16.9915,19.4393,2.56024,-0.855208,-2.96903,-1.24856,-7.88373,-4.59476,6.03847,2.32251,
1.56,245.73,297.293,-203.95,-138.007,58.7729,48.4336,-286.133,-313.472,102.115,288.627,15.959,18.6885,3.66618,-1.42229,-3.02034,-1.28897,-5.62392,-4.60217,-2.56829,2.33831,
1.565,257.11,386.871,-211.142,-197.469,57.633,63.5974,-374.293,-398.416,102.131,373.272,15.9464,17.973,0.996452,-1.85973,-3.28142,-1.31821,-8.68982,-4.64308,5.65519,2.33935,
1.57,268.427,477.265,-219.645,-257.523,56.1771,78.5221,-348.86,-483.43,102.163,458.288,15.2398,17.2977,1.1589,-2.16039,-3.2076,-1.3349,-4.34597,-4.71691,2.75973,2.32665,
1.575,276.222,499.443,-226.058,-271.967,54.9316,81.5439,-380.028,-501.617,102.176,476.875,14.4703,16.6651,1.0929,-2.32511,-3.16297,-1.33655,-7.70704,-4.82103,8.18972,2.30148,
1.58,280.874,486.635,-230.417,-262.88,53.8035,78.5519,-379.087,-485.858,102.173,461.606,15.5575,16.0752,-0.651361,-2.36161,-2.54977,-1.31989,-5.83365,-4.95081,3.69688,2.26523,
1.585,283.118,486.047,-232.456,-261.852,52.8085,77.5195,-379.421,-482.053,102.16,458.3,14.9757,15.5236,0.00124574,-2.28324,-2.61912,-1.28143,-6.82735,-5.09975,5.14928,2.21934,
1.59,285.576,494.361,-233.372,-266.679,51.7302,77.853,-380.653,-486.951,102.149,463.74,15.3408,15.0057,-0.463717,-2.10662,-2.23713,-1.21824,-6.93168,-5.25971,4.895,2.1652,
1.595,287.324,498.799,-233.595,-268.778,50.5867,77.4828,-377.957,-488.244,102.148,465.591,14.9219,14.5157,-0.65531,-1.84984,-1.97883,-1.12863,-6.92013,-5.42137,4.62976,2.1041,
1.6,289.24,500.236,-233.935,-268.732,49.408,76.5955,-377.433,-486.825,102.159,464.723,11.6969,14.0476,2.39795,-1.53086,-2.82795,-1.01276,-7.87693,-5.57481,4.22966,2.03718,
1.605,290.014,502.085,-232.619,-268.843,48.1654,75.7552,-379.691,-485.993,102.184,464.443,15.0823,13.5957,-1.77258,-1.16633,-1.16722,-0.872916,-6.72578,-5.71015,4.21168,1.96543,
1.61,291.638,504.088,-232.313,-268.95,46.8676,74.9353,-381.905,-485.516,102.223,464.509,14.6295,13.1542,-2.41974,-0.771094,-0.976892,-0.713616,-6.94455,-5.8183,4.02034,1.8897,
1.615,292.367,505.329,-231.155,-268.443,45.4703,74.0112,-383.215,-484.516,102.272,464.025,15.1669,12.7208,-0.943619,-0.357552,-0.609652,-0.541324,-7.10117,-5.89148,3.94183,1.81076,
1.62,293.684,505.894,-230.813,-267.39,44.0307,73.01,-384.594,-483.071,102.331,463.057,14.3897,12.295,-1.39779,0.0639384,-0.488541,-0.36394,-7.34326,-5.92367,3.78809,1.72929,
1.625,293.736,506.06,-228.981,-265.987,42.5426,71.9815,-385.585,-481.438,102.397,461.851,14.151,11.8775,-1.96878,0.484448,-0.260288,-0.190047,-7.46298,-5.91091,3.44267,1.64599,
1.63,294.709,505.862,-228.094,-264.259,41.0609,70.9347,-387.256,-479.63,102.467,460.406,13.9279,11.4706,-2.90759,0.895996,0.00666189,-0.0280641,-7.67846,-5.85142,3.55362,1.5616,
1.635,295.615,505.296,-226.932,-262.203,39.5799,69.8699,-388.861,-477.62,102.54,458.682,13.4375,11.0781,-2.81688,1.291,0.177683,0.114561,-7.67768,-5.74554,3.20299,1.47693,
1.64,296.282,504.445,-225.355,-259.868,38.0854,68.7954,-390.292,-475.46,102.613,456.716,13.1258,10.705,-3.01484,1.6619,0.363326,0.232036,-7.54363,-5.59554,2.845,1.39289,
1.645,297.183,503.408,-224.072,-257.31,36.5944,67.7188,-391.974,-473.216,102.687,454.562,12.8298,10.3563,-3.15803,2.0011,0.584817,0.320691,-7.60776,-5.4053,2.46236,1.31049,
1.65,298.164,502.269,-222.64,-254.568,35.1013,66.6427,-393.742,-470.941,102.759,452.259,12.4762,10.0371,-3.24158,2.30103,0.781081,0.379185,-7.44083,-5.17994,2.1279,1.2308,
1.655,299.224,501.106,-221.133,-251.675,33.6351,65.5675,-396.109,-468.685,102.828,449.846,12.2417,9.75121,-3.33902,2.55457,0.963585,0.408468,-7.41434,-4.92533,1.87306,1.15494,
1.66,300.507,499.994,-219.569,-248.66,32.2401,64.4921,-398.195,-466.496,102.894,447.363,12.3547,9.50102,-3.22276,2.7554,1.36151,0.411582,-7.3716,-4.64762,1.79069,1.084,
1.665,301.844,499.002,-217.896,-245.544,30.8425,63.4137,-400.74,-464.422,102.957,444.853,11.3536,9.28653,-3.43983,2.89833,1.22223,0.393345,-7.13048,-4.3528,1.55675,1.01899,
1.67,303.315,498.181,-216.229,-242.341,29.4384,62.3278,-403.005,-462.5,103.014,442.348,11.0655,9.10515,-3.39209,2.97949,1.42541,0.359938,-6.87313,-4.04631,1.18698,0.960749,
1.675,304.87,497.573,-214.459,-239.059,28.046,61.2291,-405.375,-460.759,103.068,439.88,10.7609,8.95161,-3.32594,2.99648,1.59751,0.318421,-6.6259,-3.73286,0.883363,0.909941,
1.68,306.541,497.205,-212.72,-235.7,26.6616,60.1119,-407.599,-459.219,103.117,437.472,10.3886,8.81811,-3.26607,2.9484,1.74347,0.276227,-6.46709,-3.4162,0.750515,0.866991,
1.685,308.195,497.091,-210.934,-232.265,25.2735,58.9707,-409.561,-457.893,103.161,435.145,10.1356,8.69465,-3.4029,2.83595,1.86896,0.240648,-6.16661,-3.09914,0.328901,0.83209,
1.69,309.954,497.232,-209.093,-228.755,23.8757,57.8011,-411.675,-456.785,103.201,432.914,9.90011,8.56951,-3.5855,2.66145,2.00011,0.218346,-5.81776,-2.78354,0.0326436,0.805189,
1.695,311.628,497.623,-207.252,-225.171,22.4565,56.5996,-413.309,-455.896,103.238,430.793,9.64194,8.43,-3.65443,2.42881,2.13093,0.214914,-5.74342,-2.47045,0.226099,0.786013,
1.7,313.312,498.25,-205.31,-221.516,21.0118,55.3652,-413.782,-455.219,103.271,428.792,9.1846,8.26325,-3.74082,2.14358,2.21341,0.234487,-5.43898,-2.16031,0.0617505,0.774092,
1.705,314.904,499.095,-203.29,-217.8,19.5528,54.0983,-414.256,-454.747,103.3,426.921,8.71808,8.05711,-3.76192,1.81282,2.28717,0.27945,-5.24481,-1.85314,0.128257,0.768806,
1.71,316.586,500.139,-201.03,-214.035,18.109,52.8024,-415.014,-454.469,103.328,425.189,8.26199,7.80102,-3.81103,1.44505,2.3461,0.350264,-4.83286,-1.54871,-0.197793,0.769442,
1.715,318.165,501.362,-198.672,-210.24,16.6319,51.4823,-416.318,-454.376,103.354,423.604,7.87121,7.48678,-3.76778,1.05001,2.4126,0.445442,-4.62497,-1.24672,0.0601349,0.775253,
1.72,319.719,502.746,-196.155,-206.435,15.1321,50.1459,-417.176,-454.458,103.38,422.175,7.43579,7.10918,-3.78931,0.638488,2.44407,0.561625,-4.04883,-0.946961,-0.25453,0.785511,
1.725,321.129,504.274,-193.561,-202.648,13.6008,48.8019,-419.2,-454.706,103.409,420.91,7.14307,6.66652,-3.69061,0.22209,2.5021,0.693724,-3.76837,-0.649448,-0.0355814,0.799554,
1.73,322.324,505.935,-190.932,-198.904,12.0139,47.4605,-419.464,-455.11,103.441,419.816,6.63213,6.16083,-3.6108,-0.186901,2.5249,0.83516,-3.33053,-0.35448,-0.043733,0.816813,
1.735,323.277,507.715,-188.166,-195.233,10.3677,46.1324,-420.231,-455.663,103.475,418.899,5.94616,5.59787,-3.55138,-0.575802,2.45653,0.978192,-2.8175,-0.0626641,-0.0481753,0.836845,
1.74,324.445,509.608,-185.302,-191.66,8.8653,44.828,-420.631,-456.357,103.514,418.163,5.81424,4.98691,-3.29148,-0.931852,2.61051,1.11433,-2.41528,0.225127,0.146115,0.859334,
1.745,325.482,511.603,-182.382,-188.21,7.41046,43.5575,-420.808,-457.184,103.559,417.61,5.18642,4.34024,-3.12015,-1.24262,2.59281,1.23482,-2.01709,0.507842,0.383633,0.884092,
1.75,326.273,513.696,-179.461,-184.905,5.87437,42.3294,-420.565,-458.138,103.61,417.241,4.5512,3.6725,-3.01926,-1.49646,2.54909,1.33117,-1.23178,0.784377,0.180802,0.91104,
1.755,326.88,515.878,-176.514,-181.762,4.3576,41.1517,-420.671,-459.21,103.668,417.052,3.91137,2.99971,-2.8251,-1.68303,2.5118,1.39566,-0.737505,1.05372,0.46889,0.940172,
1.76,327.376,518.144,-173.561,-178.793,2.86287,40.0303,-420.233,-460.392,103.733,417.039,3.13099,2.3383,-2.64744,-1.79383,2.44884,1.42188,-0.0419697,1.31515,0.650982,0.971522,
1.765,327.673,520.486,-170.616,-176.008,1.39001,38.9701,-420.098,-461.676,103.807,417.197,2.51159,1.70393,-2.45139,-1.8226,2.38255,1.40513,0.662046,1.56839,0.56066,1.00511,
1.77,327.869,522.897,-167.669,-173.409,-0.0526715,37.9746,-419.455,-463.052,103.889,417.515,1.61885,1.11034,-2.25231,-1.76579,2.28366,1.34278,1.56344,1.81379,0.917068,1.04091,
1.775,327.865,525.369,-164.755,-171,-1.46477,37.0466,-418.673,-464.512,103.98,417.985,0.950154,0.568287,-2.03003,-1.62297,2.19292,1.2345,2.13913,2.05255,0.624034,1.07879,
1.78,327.823,527.893,-161.915,-168.778,-2.83792,36.1876,-418.761,-466.045,104.081,418.596,0.293975,0.0840867,-1.71367,-1.39728,2.12749,1.08242,3.37662,2.28689,1.04168,1.11852,
1.785,327.574,530.463,-159.203,-166.739,-4.17171,35.399,-417.765,-467.644,104.191,419.337,-0.447552,-0.341477,-1.39478,-1.09596,2.02521,0.891082,3.17668,2.52018,1.25946,1.15973,
1.79,327.32,533.07,-156.578,-164.88,-5.46358,34.6813,-417.785,-469.299,104.31,420.198,-1.1495,-0.711084,-1.10375,-0.730499,1.91389,0.667355,5.01578,2.75711,1.34893,1.20194,
1.795,326.938,535.71,-154.097,-163.195,-6.71752,34.035,-417.512,-471.001,104.437,421.167,-1.61187,-1.03415,-0.773952,-0.316932,1.81896,0.420103,5.26229,3.00368,1.06118,1.24458,
1.8,326.485,538.378,-151.656,-161.677,-7.93545,33.4597,-417.036,-472.746,104.57,422.235,-2.3466,-1.3257,-0.405418,0.124416,1.68819,0.159709,6.6515,3.2671,1.3912,1.28695,
1.805,325.786,541.072,-149.424,-160.322,-9.14627,32.9549,-416.426,-474.527,104.705,423.393,-3.02815,-1.606,0.0401192,0.569396,1.5456,-0.102544,6.8033,3.55566,1.33002,1.32826,
1.81,325.066,543.796,-147.371,-159.125,-10.324,32.5191,-415.786,-476.343,104.839,424.636,-3.58405,-1.89986,0.438756,0.990761,1.40815,-0.355174,8.59505,3.87861,0.563089,1.36769,
1.815,324.602,546.554,-145.837,-158.08,-11.3483,32.1505,-415.138,-478.195,104.971,425.959,-4.39567,-2.23575,0.954677,1.35933,1.26517,-0.587241,9.17023,4.24584,0.924738,1.40433,
1.82,324.016,549.359,-144.374,-157.184,-12.3716,31.8463,-414.549,-480.089,105.1,427.362,-5.43928,-2.64274,1.44272,1.64578,1.09122,-0.789137,9.93188,4.66769,0.906787,1.43725,
1.825,323.266,552.224,-143.199,-156.433,-13.3889,31.6032,-413.971,-482.034,105.226,428.847,-6.41407,-3.15509,2.01046,1.82217,0.920384,-0.953315,10.9208,5.1545,0.958146,1.46549,
1.83,322.522,555.172,-142.182,-155.824,-14.3673,31.4174,-413.5,-484.045,105.348,430.421,-7.55569,-3.8049,2.58901,1.86457,0.734587,-1.07489,11.8236,5.71627,0.671442,1.48802,
1.835,321.754,558.23,-141.541,-155.354,-15.3219,31.2845,-413.086,-486.139,105.466,432.092,-8.35697,-4.62249,3.19845,1.75542,0.586664,-1.152,12.9758,6.36222,-0.260548,1.50379,
1.84,321.044,561.427,-141.133,-155.021,-16.2465,31.2001,-412.799,-488.339,105.58,433.873,-9.12352,-5.63484,3.80833,1.48612,0.453443,-1.18597,13.9769,7.10036,-1.52214,1.51162,
1.845,320.275,564.798,-140.978,-154.824,-17.1434,31.1593,-412.581,-490.67,105.686,435.78,-10.7092,-6.86421,4.5831,1.0592,0.279248,-1.18111,12.9275,7.93701,-0.349567,1.51028,
1.85,319.543,568.378,-140.936,-154.759,-18.0179,31.1575,-412.463,-493.16,105.77,437.828,-12.5503,-8.32445,5.28845,0.490333,0.0597727,-1.14427,13.943,8.87645,-0.458868,1.49842,
1.855,318.828,572.201,-141.145,-154.822,-18.8733,31.1897,-412.442,-495.837,105.835,440.037,-14.3176,-10.0265,6.01236,-0.191459,-0.14407,-1.08405,15.9747,9.92039,-0.611627,1.47457,
1.86,318.168,576.3,-141.528,-155.007,-19.7141,31.2515,-412.553,-498.726,105.877,442.423,-16.1341,-11.971,6.91293,-0.943542,-0.343278,-1.00986,17.4919,11.0675,-0.846159,1.43725,
1.865,317.772,580.702,-141.532,-155.308,-20.5642,31.338,-412.531,-501.853,105.903,444.999,-15.1299,-14.1494,6.92634,-1.7113,-0.403389,-0.930839,19.1271,12.3131,-1.39447,1.38494,
1.87,317.189,585.424,-141.926,-155.713,-21.3687,31.4446,-412.801,-505.236,105.917,447.778,-18.2116,-16.5425,7.91676,-2.43111,-0.457975,-0.854848,20.8153,13.6485,-6.53254,1.31625,
1.875,316.591,590.478,-142.545,-156.207,-22.1623,31.5665,-413.221,-508.889,105.92,450.767,-21.2951,-19.1203,9.15527,-3.03489,-0.70673,-0.787601,21.211,15.0605,-2.82378,1.23004,
1.88,316.065,595.859,-143.294,-156.771,-22.9602,31.6989,-413.692,-512.818,105.917,453.964,-23.8585,-21.8376,9.43945,-3.4555,-0.785477,-0.73209,21.7819,16.5313,-2.60339,1.12569,
1.885,315.752,601.554,-143.505,-157.385,-23.9459,31.8369,-413.941,-517.021,105.909,457.365,-24.3336,-24.6463,9.99453,-3.63393,-1.14339,-0.688388,23.512,18.0381,-3.40914,1.00319,
1.89,315.29,607.534,-143.961,-158.022,-24.6144,31.9754,-414.592,-521.485,105.899,460.955,-26.2248,-27.4853,9.77958,-3.52421,-1.02863,-0.653871,23.1185,19.5539,-5.85599,0.863135,
1.895,314.781,613.759,-144.541,-158.653,-25.4028,32.1093,-415.278,-526.193,105.887,464.715,-31.2425,-30.286,12.0463,-3.09831,-1.33314,-0.623871,26.1706,21.0472,-5.03506,0.707217,
1.9,314.489,620.176,-144.612,-159.247,-26.2453,32.2332,-415.845,-531.115,105.876,468.615,-32.2342,-32.9751,11.2866,-2.34914,-1.32132,-0.592659,24.8687,22.4824,-5.96293,0.538802,
1.905,313.918,626.72,-144.96,-159.773,-27.216,32.3421,-416.654,-536.215,105.867,472.621,-37.655,-35.4791,14.1605,-1.29225,-1.642,-0.554481,29.3394,23.8226,-6.53429,0.361799,
1.91,313.394,633.319,-145.156,-160.202,-27.8774,32.4309,-417.333,-541.447,105.86,476.688,-35.993,-37.7298,11.8468,0.0341784,-1.33217,-0.504426,25.2882,25.0329,-5.99005,0.178348,
1.915,312.815,639.891,-145.236,-160.505,-28.6916,32.4952,-418.244,-546.76,105.858,480.771,-37.9548,-39.665,13.0593,1.5724,-1.51552,-0.439343,27.1553,26.0779,-5.64676,-0.00700022,
1.92,312.192,646.349,-145.098,-160.663,-29.511,32.5311,-419.217,-552.097,105.861,484.815,-39.8501,-41.2254,14.0054,3.25031,-1.68363,-0.358677,26.304,26.9156,-5.73448,-0.179278,
1.925,311.507,652.602,-144.757,-160.659,-30.3245,32.5354,-420.152,-557.393,105.872,488.763,-40.959,-42.3696,13.6208,4.98464,-1.49377,-0.263783,28.0401,27.5157,-5.85727,-0.329946,
1.93,310.728,658.556,-144.201,-160.487,-31.13,32.506,-421.183,-562.58,105.89,492.551,-42.1353,-43.102,14.1513,6.68302,-1.55918,-0.156044,27.2139,27.8909,-5.99837,-0.489278,
1.935,309.81,664.115,-143.397,-160.15,-31.9195,32.4418,-422.222,-567.583,105.918,496.114,-42.7766,-43.4173,14.3198,8.25693,-1.5145,-0.039714,28.3419,28.0346,-6.01794,-0.660763,
1.94,308.764,669.182,-142.43,-159.66,-32.6868,32.3425,-423.311,-572.326,105.955,499.381,-43.1506,-43.2103,14.3133,9.63933,-1.44673,0.0728422,28.3572,27.8151,-5.99032,-0.710618,
1.945,307.541,673.663,-141.285,-159.035,-33.4213,32.2088,-424.475,-576.723,106.001,502.277,-43.0109,-42.438,14.2171,10.7687,-1.33211,0.17302,30.1743,27.1721,-5.88523,-0.57369,
1.95,306.124,677.461,-140.013,-158.303,-34.106,32.0418,-425.725,-580.688,106.059,504.725,-42.6292,-41.6012,13.9151,11.5443,-1.20405,0.286001,26.3377,26.665,-5.89815,-0.814542,
1.955,304.475,680.48,-138.528,-157.493,-34.7265,31.843,-427.069,-584.127,106.127,506.641,-42.1257,-40.4113,13.5447,11.9558,-1.0577,0.394643,26.8659,25.9996,-5.43499,-1.14772,
1.96,302.607,682.626,-137.033,-156.636,-35.2706,31.6135,-428.483,-586.943,106.207,507.941,-41.1702,-38.4502,13.0172,12.0925,-0.892429,0.449014,26.4411,24.5281,-5.28964,-0.788496,
1.965,300.498,683.802,-135.236,-155.755,-35.7154,31.3546,-429.93,-589.033,106.302,508.534,-38.2604,-37.2367,12.0768,11.8843,-0.520082,0.513465,26.1159,23.7567,-6.27156,-1.11922,
1.97,298.041,683.907,-133.575,-154.87,-36.0567,31.0665,-431.619,-590.291,106.409,508.329,-37.769,-33.9692,11.4858,11.3042,-0.309632,0.544313,24.9939,21.5727,-7.68848,-0.635211,
1.975,295.523,682.838,-131.563,-153.986,-36.2912,30.7493,-433.215,-590.607,106.533,507.232,-31.7737,-29.4475,9.8865,10.3001,0.395811,0.598202,23.7731,18.9983,-4.94387,-0.419247,
1.98,292.584,680.489,-129.185,-153.096,-36.3639,30.4016,-435.12,-589.869,106.673,505.151,-31.7335,-28.3887,8.87824,9.51171,0.665483,0.574384,23.2163,18.0186,-14.061,-0.370933,
1.985,289.227,676.75,-128.5,-152.177,-36.2616,30.022,-437.578,-587.962,106.839,501.992,-35.3093,-36.009,7.40256,9.29459,0.431519,0.488475,22.4122,21.8538,-5.46229,-2.19916,
1.99,286.316,671.514,-126.024,-151.193,-35.8878,29.607,-440.387,-584.775,107.041,497.668,-40.7712,-43.4433,5.31748,9.10991,-0.0690885,0.339091,21.5556,24.9966,-3.76063,-3.20033,
1.995,283.175,664.672,-123.961,-150.096,-35.386,29.1532,-443.029,-580.196,107.28,492.095,-43.5658,-44.5094,3.62513,8.29975,-0.427456,0.235995,20.9445,24.7547,-3.74252,-3.21805,
2,280.169,656.127,-121.602,-148.825,-34.6484,28.6558,-445.703,-574.123,107.555,485.203,-41.6498,-42.8771,1.56131,7.16141,-0.421459,0.177874,20.1718,23.3665,-5.28042,-3.30162,
2.005,277.124,645.785,-118.874,-147.312,-33.6194,28.1106,-448.622,-566.456,107.867,476.927,-41.4506,-41.9604,0.602593,6.12879,-0.172083,0.10531,19.0153,22.1591,-3.55982,-3.3191,
2.01,274.115,633.571,-116.379,-145.486,-32.6308,27.5127,-451.765,-557.115,108.216,467.22,-41.4397,-41.3186,-0.382367,5.15506,-0.158478,0.0298708,17.6759,20.8774,-2.43032,-3.19362,
2.015,272.119,619.419,-110.7,-143.272,-31.192,26.8584,-454.968,-546.028,108.599,456.049,-40.2072,-40.1118,-2.00437,4.10573,-0.00870061,-0.0237603,16.5729,19.2642,-2.04704,-3.06625,
2.02,267.812,603.295,-111.762,-140.605,-30.1113,26.1443,-458.378,-533.148,109.009,443.404,-38.7123,-38.4497,-3.79029,2.96169,0.0279131,-0.0511958,15.5628,17.3955,-1.69655,-2.98407,
2.025,265.165,585.181,-108.738,-137.424,-28.6049,25.368,-461.777,-518.445,109.436,429.29,-37.7953,-36.5405,-4.62382,1.72069,0.25222,-0.0523565,14.7502,15.3333,-1.72551,-2.9128,
2.03,262.727,565.1,-105.627,-133.684,-27.0023,24.5285,-465.471,-501.922,109.867,413.744,-34.9668,-34.4344,-6.69341,0.356063,0.308534,-0.0239244,13.8278,13.1241,-1.91207,-2.8778,
2.035,260.493,543.1,-101.912,-129.354,-25.2886,23.6254,-468.026,-483.603,110.271,396.818,-32.903,-32.184,-7.78723,-1.15938,0.588125,0.0359756,12.8892,10.8391,-3.13144,-2.92995,
2.04,258.48,519.278,-98.9916,-124.426,-23.831,22.6605,-464.376,-463.554,110.622,378.6,-30.612,-29.9084,-9.59693,-2.83155,0.793711,0.125706,11.7955,8.55956,-4.39337,-3.08899,
2.045,256.726,493.763,-94.9891,-118.908,-22.1595,21.6358,-445.46,-441.869,110.903,359.196,-28.7805,-27.7255,-11.3185,-4.65769,1.05564,0.242003,10.4535,6.35771,-6.44821,-3.35846,
2.05,254.946,466.738,-93.2829,-112.839,-21.3936,20.5561,-424.703,-418.687,111.049,338.747,-27.4257,-25.7404,-13.1386,-6.62602,1.29498,0.380135,8.89851,4.30118,-7.06025,-3.74015,
2.055,253.589,438.419,-88.1942,-106.273,-19.8113,19.4262,-399.276,-394.179,110.966,317.416,-26.8123,-24.0402,-14.8996,-8.71966,1.43317,0.5344,7.04712,2.44673,-5.88613,-4.23013,
2.06,252.148,409.069,-84.2291,-99.2888,-18.742,18.2538,-374.913,-368.556,110.692,295.393,-26.1733,-22.6835,-16.6642,-10.9174,1.54713,0.698561,5.23158,0.83021,-4.72317,-4.81394,
2.065,250.574,378.983,-80.5487,-91.9829,-17.8191,17.0463,-353.639,-342.064,110.257,272.886,-25.2402,-21.7021,-18.4027,-13.1962,1.67986,0.866453,3.61307,-0.528714,-7.30801,-5.47127,
2.07,249.493,348.517,-77.3112,-84.4751,-16.9688,15.8153,-327.943,-315.005,109.732,250.148,-24.787,-21.0897,-20.1947,-15.5359,1.75698,1.03259,1.72599,-1.63097,-7.41829,-6.18092,
2.075,248.476,318.034,-71.9865,-76.8896,-15.5931,14.5713,-294.92,-287.694,109.128,227.43,-24.596,-20.8178,-21.917,-17.916,1.94263,1.19247,0.601358,-2.48907,-8.49785,-6.92128,
2.08,247.167,287.834,-67.7831,-69.3333,-15.0731,13.3228,-264.729,-260.391,108.448,204.931,-24.1183,-20.8276,-23.9853,-20.3215,2.02941,1.34297,-0.953199,-3.1302,-9.49895,-7.67421,
2.085,243.85,258.271,-45.5845,-61.9252,-11.2963,12.081,-251.011,-233.417,107.705,182.897,-24.5776,-21.0479,-26.001,-22.7386,2.06979,1.48207,-2.05884,-3.58695,-9.91856,-8.42395,
2.09,247.892,229.963,-86.8937,-54.858,-18.1678,10.8722,-249.621,-207.364,106.919,161.784,-26.1386,-21.3935,-27.8719,-25.1588,1.93191,1.60882,-3.49971,-3.89661,-8.5228,-9.16093,
2.095,242.446,203.317,-52.7755,-48.2577,-13.1194,9.71287,-249.383,-182.638,106.066,141.888,-26.1186,-21.7794,-29.9584,-27.5747,1.84955,1.72318,-4.06299,-4.09561,-8.9331,-9.87901,
2.1,241.251,177.622,-51.1393,-41.9058,-13.1469,8.55886,-249.329,-158.522,105.174,122.613,-25.0698,-22.1245,-32.1169,-29.9805,1.82846,1.82581,-4.50542,-4.21693,-9.3964,-10.5775,
2.105,239.903,152.847,-47.4706,-35.7791,-12.8278,7.4011,-249.29,-134.981,104.235,103.916,-24.0581,-22.3576,-34.1649,-32.3701,1.8442,1.91776,-4.8107,-4.28897,-10.4838,-11.2584,
2.11,238.78,132.869,-44.6285,-31.026,-12.5977,6.45877,-249.084,-116.016,103.309,88.9184,-23.2391,-22.4217,-36.1038,-34.7372,1.84466,2.00009,-5.0523,-4.33271,-10.9106,-11.9269,
2.115,237.594,118.846,-40.4515,-27.9642,-12.1479,5.81392,-248.641,-102.911,102.43,78.5624,-22.1419,-22.2733,-38.1145,-37.0748,1.80008,2.07359,-5.16644,-4.36342,-11.4123,-12.5894,
2.12,236.637,96.7938,-37.694,-22.3783,-11.8776,4.61142,-247.816,-81.2106,101.62,61.5618,-21.071,-21.8878,-39.9077,-39.3742,1.76343,2.13864,-5.12352,-4.38853,-11.7428,-13.253,
2.125,224.623,56.8813,-34.3801,-11.3854,-17.4089,2.14827,-246.612,-40.4694,100.881,29.9165,-19.8486,-21.2552,-41.6797,-41.6251,1.70457,2.19512,-4.88132,-4.4106,-12.3771,-13.925,
2.13,239.074,22.1054,-31.1918,-1.88726,-8.85862,-0.158319,-245.082,-4.59922,100.23,2.19347,-18.4616,-20.3827,-43.5278,-43.8142,1.64642,2.24234,-4.53692,-4.42637,-13.6023,-14.6114,
2.135,238.179,14.9692,-27.1965,-0.426325,-8.4141,-0.705395,-243.324,2.43739,99.6216,-3.26171,-17.1711,-19.2889,-45.3382,-45.9275,1.53191,2.27903,-4.20951,-4.42976,-14.6437,-15.3178,
2.14,237.278,21.4166,-22.5776,-2.70711,-7.9746,-0.325236,-241.205,-4.93087,99.0454,2.30982,-16.0006,-18.0041,-46.9269,-47.948,1.43502,2.30336,-3.83275,-4.41184,-15.4376,-16.0478,
2.145,235.309,22.8795,-23.0401,-3.31379,-8.25391,-0.327644,-238.703,-7.08381,98.4839,3.84886,-14.8651,-16.5647,-48.3749,-49.8593,1.32742,2.3131,-3.48708,-4.36294,-16.3011,-16.8042,
2.15,234.327,20.6411,-18.6225,-2.68029,-7.82301,-0.649064,-235.769,-5.30733,97.9773,2.36638,-13.7955,-15.0123,-49.6124,-51.6432,1.22253,2.30582,-3.08994,-4.27323,-17.0368,-17.5876,
2.155,232.903,19.7219,-16.1211,-2.26181,-7.68305,-0.903201,-232.834,-4.96306,97.4982,1.96212,-12.8524,-13.3899,-50.6044,-53.2825,1.10242,2.27908,-2.69809,-4.13376,-17.564,-18.398,
2.16,231.214,19.7732,-13.5828,-1.98014,-7.58186,-1.09896,-230.185,-5.69383,97.0608,2.36354,-11.82,-11.7396,-51.4943,-54.7605,1.00468,2.23072,-2.18898,-3.93719,-18.4452,-19.2338,
2.165,229.419,19.4412,-10.8207,-1.49996,-7.42525,-1.33428,-227.867,-6.02779,96.667,2.4535,-10.8213,-10.1009,-52.2242,-56.0625,0.887626,2.15898,-1.82026,-3.67796,-19.3331,-20.0927,
2.17,222.44,18.8248,-4.64163,-0.889841,-7.47666,-1.58961,-219.458,-6.0577,96.3156,2.30706,-9.7721,-8.50838,-52.8514,-57.1764,0.774248,2.06262,-1.28922,-3.35283,-20.3455,-20.9717,
2.175,225.192,18.2971,-4.86785,-0.28254,-7.1432,-1.81883,-223.654,-6.18143,96.0019,2.23089,-8.91353,-6.99128,-53.34,-58.0936,0.641162,1.94106,-0.960419,-2.96049,-20.9799,-21.8677,
2.18,222.567,17.8393,-1.29525,0.298893,-7.02632,-2.01012,-222.211,-6.36883,95.7512,2.20629,-8.06818,-5.57203,-53.7456,-58.8105,0.49776,1.79434,-0.468417,-2.5017,-21.5315,-22.7771,
2.185,219.91,17.3567,1.75028,0.854585,-6.89605,-2.16109,-221.01,-6.50635,95.5426,2.1511,-6.24282,-4.26708,-53.9974,-59.3272,0.47371,1.62314,0.256959,-1.97874,-23.0387,-23.6969,
2.19,216.812,16.8631,5.14252,1.36473,-6.58557,-2.26263,-219.643,-6.59742,95.3835,2.0722,-4.78964,-3.08602,-54.172,-59.6499,0.423576,1.42867,0.942349,-1.39527,-24.2069,-24.6242,
2.195,213.988,16.3905,9.49482,1.81209,-6.81563,-2.30706,-218.13,-6.66835,95.2717,1.9938,-3.2075,-2.03304,-54.2351,-59.7884,0.394357,1.21262,1.48414,-0.755833,-25.5317,-25.5568,
2.2,210.365,15.9399,13.9823,2.19265,-6.6813,-2.29308,-216.404,-6.71353,94.9961,1.91571,-2.60605,-1.10705,-54.1817,-59.7581,0.197034,0.977019,2.00742,-0.0655482,-25.9485,-26.4933,
2.205,207.417,15.5051,12.2167,2.50882,-6.09962,-2.22357,-214.384,-6.72139,95.1495,1.83284,-1.52062,-0.303251,-54.404,-59.5761,0.119001,0.724174,2.34002,0.670193,-26.8721,-27.4327,
2.21,204.056,15.0863,15.3325,2.76538,-5.7908,-2.10382,-212.415,-6.68956,95.0845,1.74672,-1.09098,0.386295,-54.3247,-59.2634,-0.13288,0.456546,2.96843,1.44603,-27.3516,-28.3751,
2.215,200.822,14.684,17.5026,2.96964,-5.37848,-1.94158,-210.245,-6.61796,94.9711,1.66005,-0.028492,0.971783,-54.1578,-58.8409,-0.298692,0.176636,3.64394,2.25661,-28.7326,-29.3209,
2.22,197.498,14.2953,18.9543,3.13083,-4.86981,-1.74657,-207.967,-6.50484,94.8283,1.57365,0.173047,1.46498,-53.9358,-58.3309,-0.619109,-0.11308,4.46804,3.09674,-29.4957,-30.2711,
2.225,193.561,13.9163,19.5861,3.25849,-5.09051,-1.52955,-205.595,-6.34877,94.7141,1.48786,0.86706,1.87878,-53.6183,-57.7546,-0.829718,-0.410244,5.01839,3.96126,-30.3976,-31.2268,
2.23,191.112,13.5431,23.0931,3.36124,-3.51359,-1.30135,-203.182,-6.14986,94.6063,1.40345,1.17982,2.22638,-53.2619,-57.1319,-1.13427,-0.712621,5.74612,4.84495,-31.29,-32.1894,
2.235,186.257,13.1716,23.5929,3.44609,-3.26837,-1.07221,-200.245,-5.90919,94.6293,1.32125,1.9494,2.52122,-52.9013,-56.4804,-1.38225,-1.01819,6.59556,5.74248,-33.105,-33.1599,
2.24,183.988,12.7975,26.4495,3.51808,-2.23823,-0.851192,-198.783,-5.6285,94.6051,1.24186,1.88284,2.77626,-52.4594,-55.8148,-1.74745,-1.32506,7.29215,6.64813,-33.7308,-34.139,
2.245,179.932,12.4165,26.8958,3.57999,-1.69147,-0.645729,-196.53,-5.31028,94.5543,1.16585,2.43006,3.00375,-51.9677,-55.1467,-2.02191,-1.63152,8.01901,7.55597,-35.281,-35.1273,
2.25,175.417,12.0247,26.6195,3.63231,-1.16479,-0.461237,-194.149,-4.95772,94.496,1.09379,2.11506,3.21468,-51.3691,-54.4833,-2.39796,-1.93585,8.6029,8.45953,-35.3565,-36.1247,
2.255,170.73,11.6184,25.8094,3.67328,-0.640196,-0.30097,-192.071,-4.57467,94.4765,1.02623,2.77584,3.41909,-50.7289,-53.8294,-2.62646,-2.23647,9.27433,9.35221,-36.7769,-37.131,
2.26,166.012,11.1942,24.5113,3.69925,-0.147166,-0.166073,-189.629,-4.16544,94.5079,0.963693,3.2032,3.62606,-50.0161,-53.1859,-2.85114,-2.53184,10.124,10.227,-37.7002,-38.1453,
2.265,161.017,10.7494,23.7606,3.70511,0.324591,-0.0558138,-187.576,-3.73473,94.5842,0.906654,3.7296,3.84392,-49.3147,-52.5524,-3.06757,-2.82052,10.7098,11.0771,-39.3064,-39.167,
2.27,156.447,10.2821,23.5614,3.68491,0.955183,0.0320821,-185.84,-3.28746,94.6933,0.855564,3.85038,4.07971,-48.52,-51.926,-3.30624,-3.10106,11.3454,11.896,-39.7878,-40.1953,
2.275,150.702,9.79096,20.8999,3.63262,1.25591,0.10101,-184.317,-2.82869,94.8315,0.810813,4.14647,4.33949,-47.7455,-51.3036,-3.5353,-3.37215,11.855,12.6777,-41.239,-41.2297,
2.28,145.368,9.27549,18.2809,3.54274,1.72596,0.155027,-183.222,-2.36346,94.9884,0.772723,3.54609,4.62738,-46.941,-50.681,-4.06777,-3.63245,12.55,13.4177,-41.51,-42.2699,
2.285,140.178,8.73617,16.9087,3.41089,2.72933,0.198406,-181.967,-1.8967,95.1692,0.741527,4.80359,4.94617,-46.1048,-50.0544,-3.92274,-3.88078,13.0421,14.1126,-43.1404,-43.316,
2.29,135.417,8.17433,14.5982,3.23431,3.19344,0.235238,-180.976,-1.4331,95.3613,0.717361,4.63131,5.29607,-45.2402,-49.4203,-4.173,-4.11604,13.6544,14.7606,-43.3871,-44.3683,
2.295,130.458,7.59212,12.8585,3.01215,3.72154,0.269105,-180.13,-0.976967,95.5755,0.700254,5.40284,5.67593,-44.4485,-48.7762,-4.28066,-4.33727,14.1436,15.3614,-45.1991,-45.4275,
2.3,133.127,6.99251,8.24606,2.74568,4.22989,0.30282,-185.771,-0.532181,95.8012,0.690121,5.6421,6.08194,-43.6654,-48.1209,-4.44835,-4.54372,14.9011,15.9167,-45.858,-46.4942,
2.305,119.868,6.37924,9.80494,2.43837,4.86861,0.338214,-178.185,-0.102091,96.0364,0.686766,6.13145,6.50937,-42.9814,-47.4544,-4.59536,-4.73479,15.274,16.4291,-47.7537,-47.5691,
2.31,116.257,5.75674,7.85588,2.09595,5.46579,0.376014,-178.15,0.31052,96.2748,0.689884,6.15485,6.9515,-42.2842,-46.7785,-4.79421,-4.91015,15.9211,16.9025,-48.0352,-48.6522,
2.315,68.0667,5.13007,22.043,1.7263,6.48822,0.415781,-142.619,0.703467,96.516,0.699075,7.12802,7.40124,-41.7278,-46.0957,-4.85826,-5.06962,16.2715,17.3415,-50.1776,-49.743,
2.32,120.184,4.50484,1.13483,1.3393,6.71069,0.455956,-185.849,1.07515,96.753,0.713863,6.92485,7.85064,-41.1581,-45.4101,-5.10609,-5.21325,16.8989,17.751,-50.2277,-50.8404,
2.325,117.362,3.88718,-0.0400658,0.946494,7.41863,0.493963,-190.243,1.42453,96.9873,0.733717,8.05767,8.29189,-40.6976,-44.7261,-5.13534,-5.34121,17.218,18.1359,-52.8401,-51.9422,
2.33,114.951,3.28377,-1.47805,0.560835,8.13206,0.52638,-189.678,1.75114,97.221,0.758066,7.59676,8.71759,-40.2943,-44.0484,-5.46424,-5.45383,17.8037,18.5008,-52.2344,-53.0455,
2.335,112.354,2.70139,-2.58925,0.196254,8.87738,0.549173,-188.704,2.05498,97.4525,0.786321,8.79577,9.12106,-39.7514,-43.382,-5.40346,-5.55153,18.0685,18.8498,-55.1577,-54.1465,
2.34,110.163,2.14711,-3.98264,-0.132773,9.61736,0.55798,-187.877,2.3365,97.6815,0.817888,8.14813,9.49723,-39.6693,-42.7316,-5.87172,-5.63488,18.5174,19.186,-54.1523,-55.2407,
2.345,108.519,1.62801,-5.07604,-0.411756,10.3915,0.548423,-185.873,2.59652,97.9023,0.852192,9.19908,9.84218,-39.1374,-42.102,-5.78464,-5.70459,18.7322,19.5117,-56.9879,-56.3231,
2.35,107.692,1.15097,-6.48751,-0.626781,11.1545,0.516417,-189.118,2.83623,98.1208,0.888691,8.71078,10.154,-38.8151,-41.4971,-6.18355,-5.76149,19.1388,19.8282,-56.888,-57.3884,
2.355,106.981,0.722344,-7.51361,-0.765123,11.9298,0.458494,-187.512,3.05714,98.3307,0.926894,9.92456,10.4318,-38.8221,-40.9205,-6.13852,-5.80652,19.3252,20.136,-59.3909,-58.431,
2.36,105.584,0.347608,-7.7849,-0.815904,12.714,0.372123,-187.004,3.26109,98.5101,0.966369,9.62672,10.6764,-38.6735,-40.3744,-6.48289,-5.84076,19.8298,20.4349,-59.5095,-59.4456,
2.365,104.513,0.0310274,-7.92713,-0.770775,13.4573,0.256006,-185.753,3.45026,98.6839,1.00675,10.7744,10.8891,-38.4889,-39.8605,-6.34025,-5.86536,19.9971,20.724,-62.0626,-60.4272,
2.37,103.207,-0.224733,-7.89199,-0.624609,14.1361,0.110303,-184.801,3.62718,98.8459,1.04772,10.0818,11.0731,-38.726,-39.3797,-7.02497,-5.88166,20.5132,21.002,-60.7189,-61.3714,
2.375,102.158,-0.419025,-7.709,-0.376104,14.7246,-0.0632129,-183.666,3.79471,99.0082,1.08905,10.8711,11.2322,-38.3583,-38.9328,-6.75105,-5.89112,20.6558,21.2671,-63.4691,-62.2744,
2.38,100.937,-0.555398,-7.45362,-0.0282746,15.2065,-0.261094,-182.432,3.95615,99.1742,1.13051,10.2636,11.3715,-38.7705,-38.5204,-7.50591,-5.89538,21.1284,21.5176,-62.2143,-63.1333,
2.385,99.7994,-0.63761,-6.99359,0.410982,15.6472,-0.478226,-181.315,4.11524,99.3468,1.17197,11.188,11.4964,-38.5878,-38.1437,-7.24901,-5.89617,21.1894,21.7516,-64.1389,-63.9462,
2.39,98.29,-0.673293,-6.38012,0.928685,15.9466,-0.707947,-180.291,4.27625,99.5327,1.21325,10.8462,11.6137,-39.0665,-37.8039,-7.9148,-5.8953,21.473,21.9673,-63.7928,-64.7123,
2.395,95.8206,-0.673921,-5.11297,1.50672,16.251,-0.942291,-178.939,4.44404,99.7184,1.25424,11.7936,11.7302,-39.1006,-37.5031,-7.72563,-5.89462,21.5181,22.1632,-65.8899,-65.4316,
2.4,92.5203,-0.654646,-3.55452,2.12212,16.4191,-1.17236,-177.342,4.62407,99.9234,1.29476,11.3521,11.8539,-39.7628,-37.2438,-8.50248,-5.89592,21.7859,22.3375,-65.1945,-66.1054,
2.405,88.4205,-0.634369,-1.53405,2.74763,16.552,-1.3888,-175.38,4.82251,100.143,1.33462,12.1232,11.9931,-39.8466,-37.029,-8.31929,-5.90097,21.841,22.489,-67.5126,-66.7358,
2.41,82.1824,-0.635612,1.23819,3.35273,16.6166,-1.58235,-172.545,5.04617,100.376,1.37354,11.6201,12.1569,-40.5395,-36.862,-9.07915,-5.91138,22.1009,22.6165,-66.4741,-67.3259,
2.415,75.5471,-0.682861,4.20578,3.90503,16.6496,-1.7445,-169.405,5.30252,100.638,1.41113,12.8307,12.3545,-40.8392,-36.7463,-8.89609,-5.92867,22.0787,22.7189,-68.1965,-67.8793,
2.42,67.3236,-0.804817,6.97664,4.37204,16.595,-1.86808,-164.994,5.59953,100.943,1.44691,12.493,12.5954,-41.6387,-36.6853,-9.66789,-5.95412,22.3479,22.7954,-67.2232,-68.4009,
2.425,59.0647,-1.0325,8.63259,4.72324,16.6384,-1.94782,-160.202,5.94557,101.293,1.48019,13.5838,12.8893,-41.9742,-36.6822,-9.49119,-5.98889,22.2735,22.8456,-69.6388,-68.8956,
2.43,50.5015,-1.39713,14.9131,4.93233,16.0311,-1.98078,-154.184,6.34925,101.678,1.51014,13.0325,13.2452,-42.6947,-36.7394,-10.2068,-6.03386,22.673,22.8692,-67.2367,-69.3692,
2.435,42.4652,-1.92988,15.5984,4.97967,15.7599,-1.9666,-148.121,6.81915,102.114,1.53573,13.9114,13.6715,-43.078,-36.8587,-10.1139,-6.08973,22.4833,22.8665,-69.3425,-69.8278,
2.44,35.2601,-2.66074,15.8696,4.85465,15.0519,-1.9076,-140.968,7.36364,102.646,1.55569,13.978,14.1756,-43.6052,-37.0404,-10.4814,-6.15699,22.4721,22.8381,-68.2873,-70.2778,
2.445,30.6048,-3.61685,12.5963,4.55763,13.9949,-1.8086,-134.048,7.99045,103.152,1.56856,15.0942,14.7638,-44.0115,-37.2838,-10.3807,-6.23591,22.3069,22.7849,-69.4982,-70.7259,
2.45,26.9433,-4.82018,10.8876,4.10116,12.8509,-1.67651,-125.683,8.70629,103.608,1.57269,15.6145,15.4408,-44.3288,-37.5873,-10.4256,-6.32662,22.0845,22.7084,-69.5691,-71.1787,
2.455,19.0174,-6.29007,9.02868,3.51055,12.0801,-1.5197,-117.473,9.51631,104.021,1.5663,16.7005,16.2102,-44.689,-37.9481,-10.3327,-6.42902,22.0201,22.6102,-70.4139,-71.6428,
2.46,6.36913,-8.03679,10.5865,2.82303,11.7335,-1.34727,-107.886,10.4236,104.397,1.54754,17.276,17.0728,-44.8774,-38.3623,-10.3045,-6.54282,21.6836,22.4923,-70.2417,-72.1242,
2.465,-2.44942,-10.0616,9.85316,2.0861,11.2472,-1.16818,-99.3039,11.4284,104.735,1.51462,18.7661,18.0277,-45.1898,-38.8251,-10.1023,-6.6674,21.7583,22.3567,-71.42,-72.6284,
2.47,-13.4747,-12.3554,9.87744,1.3548,10.9241,-0.990439,-90.0441,12.5276,105.039,1.46594,19.548,19.0708,-45.2462,-39.3307,-9.96633,-6.80185,21.584,22.2055,-71.1794,-73.1599,
2.475,-21.8481,-14.8975,8.30081,0.68797,10.6228,-0.820443,-81.6852,13.7143,105.304,1.40027,20.9906,20.1955,-45.3968,-39.8721,-9.69842,-6.94485,21.6332,22.0408,-72.261,-73.7223,
2.48,-33.1867,-17.6529,8.01973,0.143653,10.5874,-0.662505,-71.7137,14.9765,105.536,1.31691,21.8711,21.3917,-45.3165,-40.4412,-9.47224,-7.09466,21.6828,21.8648,-72.1459,-74.3177,
2.485,-44.227,-20.576,8.87843,-0.225849,10.9575,-0.518683,-62.232,16.2972,105.745,1.21588,23.4502,22.6465,-45.3147,-41.0287,-9.11307,-7.24919,21.7174,21.6794,-73.108,-74.9473,
2.49,-56.9606,-23.6099,10.5934,-0.378899,11.5505,-0.38889,-51.7854,17.6541,105.925,1.09809,24.3206,23.9437,-45.0687,-41.6243,-8.83689,-7.4059,21.6359,21.4864,-72.9557,-75.6103,
2.495,-67.7119,-26.6844,12.2858,-0.289104,12.3672,-0.271287,-42.4291,19.0192,106.032,0.965445,25.8948,25.2644,-44.9659,-42.2168,-8.4619,-7.56201,21.6375,21.2874,-74.0278,-76.3051,
2.5,-79.0614,-29.7192,14.1718,0.0514897,13.3411,-0.162898,-32.8147,20.3592,105.924,0.820878,26.6905,26.5873,-44.5687,-42.7941,-8.15492,-7.71443,21.4063,21.0837,-74.0877,-77.0283,
2.505,-88.0049,-32.627,15.6431,0.630629,14.4525,-0.0603617,-24.5801,21.6363,105.598,0.668317,28.2068,27.889,-44.2842,-43.3435,-7.72447,-7.85997,21.3256,20.8764,-75.2833,-77.7759,
2.51,-96.9347,-35.3155,16.9741,1.41595,15.704,0.0393261,-17.0103,22.8088,105.077,0.512531,28.7528,29.1445,-43.7277,-43.8513,-7.42988,-7.99518,20.9481,20.6659,-75.2423,-78.5424,
2.515,-103.404,-37.6911,17.7846,2.357,17.0261,0.138177,-10.9167,23.8326,104.403,0.358912,30.119,30.327,-43.3075,-44.3031,-6.9906,-8.11661,20.8394,20.4525,-76.5977,-79.3216,
2.52,-109.113,-39.6615,18.1789,3.38897,18.4721,0.236765,-5.59391,24.6624,103.635,0.213173,30.5556,31.4095,-42.6195,-44.6835,-6.67792,-8.22072,20.4426,20.2355,-76.9388,-80.1064,
2.525,-112.908,-41.1376,18.2439,4.43751,19.9495,0.333975,-1.46895,25.2532,102.804,0.0810443,31.6393,32.3648,-42.0727,-44.9775,-6.25612,-8.30411,20.3767,20.014,-78.3573,-80.8891,
2.53,-114.816,-42.0356,17.5672,5.42426,21.508,0.427005,1.13468,25.5618,101.986,-0.0320565,31.9673,33.1675,-41.3312,-45.1694,-5.96916,-8.36361,20.1188,19.7859,-78.8819,-81.6612,
2.535,-115.375,-42.2781,16.4813,6.27298,23.0143,0.511683,3.03774,25.5482,101.197,-0.121332,32.6976,33.7934,-40.6645,-45.2453,-5.58488,-8.39648,20.1704,19.5489,-80.0206,-82.4133,
2.54,-113.647,-41.7969,14.7425,6.91631,24.6175,0.583098,3.24845,25.1772,100.511,-0.182907,32.6402,34.222,-39.7884,-45.1918,-5.33938,-8.40048,19.767,19.2997,-80.3224,-83.1353,
2.545,-110.721,-40.535,12.3777,7.30196,26.116,0.636352,2.59633,24.4199,99.9195,-0.214067,33.0152,34.4354,-38.9703,-44.9986,-4.98562,-8.37398,19.8731,19.0354,-81.0299,-83.8163,
2.55,-105.104,-38.4488,9.24516,7.39744,27.657,0.667252,0.52758,23.2551,99.4894,-0.213428,32.8671,34.4199,-37.9198,-44.6571,-4.70883,-8.31598,19.415,18.7522,-81.1904,-84.444,
2.555,-99.6,-35.5105,6.46764,7.1926,29.2291,0.672866,-2.23175,21.6706,99.2391,-0.18101,32.7069,34.165,-37.0024,-44.1624,-4.51468,-8.22612,19.0125,18.4476,-81.4511,-85.0055,
2.56,-90.8241,-31.7099,2.37769,6.69976,30.6636,0.651856,-6.76672,19.6643,99.1607,-0.118238,32.4981,33.6646,-36.1344,-43.5127,-4.39871,-8.10471,18.5974,18.1192,-81.5048,-85.4861,
2.565,-81.9028,-27.0574,-1.76849,5.95145,32.066,0.604589,-11.2663,17.2456,99.1925,-0.0278593,32.5061,32.9161,-35.2534,-42.7099,-4.12635,-7.95262,18.9402,17.766,-81.6639,-85.8706,
2.57,-70.9938,-21.5862,-6.23315,4.99622,33.3716,0.533074,-16.8687,14.4356,99.4149,0.0862016,32.1912,31.9219,-34.511,-41.7599,-4.07878,-7.7714,18.5582,17.3883,-81.7274,-86.142,
2.575,-62.3763,-15.355,-9.14129,3.89315,34.8733,0.440768,-20.2843,11.2684,99.7812,0.219067,31.5652,30.6883,-33.5704,-40.6718,-4.00854,-7.56312,18.2499,16.9881,-81.7699,-86.2827,
2.58,-52.669,-8.45007,-10.7036,2.70549,36.4368,0.332311,-30.9967,7.79041,100.4,0.365191,30.6511,29.2267,-32.9046,-39.4578,-4.05695,-7.33045,17.6217,16.5688,-81.2911,-86.2738,
2.585,-44.5077,-0.985572,-10.486,1.4945,37.9074,0.213268,-37.8158,4.06018,101.082,0.518709,29.6607,27.5517,-31.1516,-38.1315,-3.88446,-7.07644,17.222,16.1363,-81.0418,-86.0962,
2.59,-35.509,6.8977,-13.6866,0.313859,39.4467,0.0898052,-44.8896,0.146837,101.882,0.673832,28.0268,25.682,-33.083,-36.7082,-4.95576,-6.80451,16.6224,15.6978,-80.664,-85.7301,
