mtu,synergy1,synergy2,synergy3,synergy4,synergy5,synergy6,synergy7,synergy8,
addbrev_r,0.0273451,0.011927,0.0125077,0.0215736,0.0267836,0.010997,0.0201965,0.000920747,
addlong_r,0.00995077,0.010895,0.021919,0.0112144,0.0224881,0.00358046,0.03203,0.0119709,
addmagDist_r,0.0170555,0.0156389,0.0165183,0.0256306,0.0291351,0.00934989,0.0309202,0.0184137,
addmagIsch_r,0.0107844,0.00641953,0.0199146,0.0281027,0.0181607,0.0320541,0.0182513,0.0142541,
addmagMid_r,0.015733,0.00301735,0.00296658,0.0265649,0.0166301,0.00966829,0.0213704,0.0146864,
addmagProx_r,0.00467167,0.0247146,0.031164,0.0131431,0.0021777,0.0125599,0.0168585,0.0296133,
bflh_r,0.113766,2.01587e-07,0.000633705,0.00159073,2.33309e-05,0.0930425,0.1301,0.0620081,
bfsh_r,0.113752,3.16473e-06,0.000677669,0.00150892,5.63013e-05,0.0930879,0.130084,0.0620109,
edl_r,0.0034996,0.0173779,0.000411715,0.0023151,0.0169355,0.017674,0.0249584,0.00688349,
ehl_r,0.0018748,0.00321409,0.0230167,0.0196016,0.0209728,0.000557786,0.013651,0.014954,
fdl_r,0.0333648,0.00415569,0.0276413,0.00570894,0.013828,0.0139911,0.00294457,0.00224687,
fhl_r,0.0304318,0.0268261,0.00948795,0.00294261,0.0182679,0.0219336,0.0110021,0.0303873,
gaslat_r,0.00604744,0.0022863,0.0283039,0.00910171,0.0200131,0.0276879,0.00335266,0.00997872,
gasmed_r,7.71469e-08,0.0697553,0.00275087,4.73572e-05,0.000240031,7.07594e-08,0.105686,0.250124,
glmax1_r,0.0724034,0.000178823,0.0827872,0.00368168,0.0284223,0.0173996,0.0448214,0.0162062,
glmax2_r,0.0724032,0.000178962,0.0827879,0.00368042,0.0284226,0.0174003,0.0448211,0.0162062,
glmax3_r,0.0723999,0.000182771,0.0828049,0.00365236,0.0284279,0.0174154,0.0448155,0.0162062,
glmed1_r,0.0487786,0.0654809,0.00379051,1.47657e-06,0.0719074,0.0145052,0.0617397,7.9238e-09,
glmed2_r,0.0487786,0.0654811,0.0037909,8.79766e-07,0.0719074,0.0145055,0.0617396,9.05395e-09,
glmed3_r,0.0487786,0.0654811,0.00379085,9.49397e-07,0.0719074,0.0145055,0.0617396,9.15734e-09,
glmin1_r,0.0248095,0.0115643,0.0251859,0.0254814,0.0328828,0.0245564,0.0250937,0.0143948,
glmin2_r,0.0172635,0.0142272,0.0267198,0.0038384,0.0215624,0.0017638,0.02863,0.0145929,
glmin3_r,0.0104197,0.0130477,0.0186354,0.0314369,0.0147447,0.0189446,0.0195738,0.0274107,
grac_r,0.0105251,0.00403236,0.00218787,0.0193836,0.018013,0.00985097,0.0318862,0.0228918,
iliacus_r,0.0130201,0.00827148,0.021664,0.0251747,0.0267805,0.0227584,0.00573211,0.0211497,
perbrev_r,0.0115364,0.0325369,0.0132737,0.00880788,0.0104903,0.0196982,0.0200762,0.0152087,
perlong_r,0.021993,0.031811,0.0125713,0.00770957,0.0291016,0.00406307,0.0131906,0.00604472,
piri_r,0.0296716,0.00199347,0.0202835,0.00971665,0.0108222,0.0294295,0.00141327,0.0174044,
psoas_r,0.0101125,0.0050117,0.00312075,0.0266559,0.0119164,0.0215613,0.0255595,0.00171814,
recfem_r,0.0394831,0.0573266,8.22541e-11,0.00745198,0.0171275,0.0180606,0.0423538,0.0346401,
sart_r,0.0246699,0.0309154,0.0316807,0.0168607,0.0114906,0.0236765,0.0158477,0.00439318,
semimem_r,0.113748,6.96229e-06,0.000654565,0.00152837,6.9696e-05,0.0930816,0.130091,0.062009,
semiten_r,0.113739,9.14693e-07,0.000471544,0.00172861,0.000115267,0.092999,0.130145,0.0620062,
soleus_r,0.00305988,0.00900499,0.0279661,0.0229306,0.000633519,0.0170884,0.0163829,0.00573701,
tfl_r,0.0650175,0.122414,0.0778794,0.00456835,0.0805927,1.03773e-09,0.0409543,1.83564e-10,
tibant_r,0.0224061,0.0192214,0.0190261,0.0331783,0.0243555,0.020399,0.000115771,0.0294841,
tibpost_r,0.0164084,0.0132403,0.0237687,0.0110115,0.0170425,0.00267066,0.0305004,0.024556,
vasint_r,0.00352369,0.00578235,0.0334551,0.00103427,0.00612029,0.0225542,0.0095749,0.0169804,
vaslat_r,0.0121868,0.00416745,5.52258e-06,0.004226,0.00427002,0.00507763,0.0343638,0.014428,
vasmed_r,0.0447342,0.00075082,0.00165213,9.80909e-45,0.0162068,3.64616e-21,0.0410115,0.0206078,
addbrev_l,0.0250297,0.0295443,0.0134761,0.000625394,0.00619644,0.0269799,0.0257787,0.00190731,
addlong_l,0.0329909,0.0139753,0.00245399,0.0175118,0.0305096,0.0255545,0.0179092,0.030269,
addmagDist_l,0.0214922,0.00925505,0.0131034,0.0291894,0.0126654,0.00846002,0.0249618,0.00659272,
addmagIsch_l,0.0278494,0.0149197,0.0175761,0.019359,0.0252038,0.0330948,0.00982907,0.0284231,
addmagMid_l,0.000731439,0.0268228,0.0147451,0.0299233,0.0287937,0.0300857,0.012546,0.00455294,
addmagProx_l,0.0168786,0.0105777,0.0138635,0.00246311,0.000397515,0.0308159,0.0323546,0.00515969,
bflh_l,0.0147103,0.0608674,6.07988e-13,0.00936475,0.029258,0.00924757,1.47491e-17,0.0249852,
bfsh_l,0.0147103,0.0608674,3.39315e-13,0.00936476,0.029258,0.00924757,1.15955e-16,0.0249852,
edl_l,0.0178284,0.0260496,0.00453136,0.0289532,0.0322504,0.0316041,0.0018957,0.0217611,
ehl_l,0.00380249,0.029927,0.00105826,0.03104,0.00568258,0.0213916,0.00348903,0.0129813,
fdl_l,0.0254897,0.00607143,0.000691662,0.0327602,0.00938539,0.00921411,0.0197992,0.00209196,
fhl_l,0.0327404,0.00194025,0.000318468,0.0142811,0.0005281,0.0256493,0.0279255,0.0185773,
gaslat_l,0.0293007,0.00220866,0.00713308,0.0318388,0.00931074,0.0300437,0.0168497,0.018087,
gasmed_l,0.277839,0.035139,1.21412e-13,0.0150383,7.02677e-05,0.290276,3.43281e-13,2.8026e-45,
glmax1_l,0.00319563,0.00777296,0.0351239,2.81148e-05,0.00802916,0.00228539,0.0147137,0.0459664,
glmax2_l,0.0031957,0.0077729,0.0351238,2.83482e-05,0.00802913,0.00228524,0.0147137,0.0459664,
glmax3_l,0.00319561,0.00777299,0.035124,2.8e-05,0.00802917,0.00228546,0.0147137,0.0459664,
glmed1_l,2.014e-05,0.154628,0.0351476,0.0766585,0.120194,0.000749691,0.00364528,0.014282,
glmed2_l,3.59125e-05,0.15463,0.035151,0.0766541,0.120192,0.000749906,0.00364128,0.0142826,
glmed3_l,8.69009e-06,0.154628,0.0351496,0.0766513,0.120198,0.000758415,0.00364494,0.0142823,
glmin1_l,0.0139378,0.030173,0.0288431,0.0249814,0.00357828,0.0223878,0.00933885,0.0272083,
glmin2_l,0.0191979,0.016607,0.0185264,0.00160742,0.0255316,0.0107191,0.017443,0.020491,
glmin3_l,0.00875766,0.00430301,0.0285648,0.0224741,0.00981459,0.019161,0.00672813,0.0187447,
grac_l,0.0213973,0.0287662,0.0300588,0.00269007,0.0199439,0.0186874,0.0132709,0.0225707,
iliacus_l,3.68593e-05,0.0197753,0.00682899,0.00273364,0.00764026,0.0154411,0.013275,0.0243904,
perbrev_l,0.0298565,0.0173691,0.00563893,0.0292521,0.0111599,0.0201821,0.0141236,0.011514,
perlong_l,0.0333814,0.00133554,0.00724589,0.014789,0.0234938,0.00760238,0.0224102,0.0129166,
piri_l,0.0217772,0.0274935,0.0323509,0.024851,0.0133635,0.00263288,0.0279576,0.017239,
psoas_l,0.00301639,0.0175427,0.0178862,0.00712162,0.0203062,0.0102363,0.025758,0.0122455,
recfem_l,0.0509102,0.0939286,0.00402272,0.00607183,0.0394019,0.0464122,1.99334e-24,0.0188755,
sart_l,0.00301852,0.0309935,0.0125993,0.015872,0.00571122,0.0323955,0.00490927,0.0258302,
semimem_l,0.0147103,0.0608674,4.4666e-13,0.00936475,0.029258,0.00924757,5.55838e-17,0.0249852,
semiten_l,0.0147103,0.0608674,6.15089e-13,0.00936476,0.029258,0.00924757,4.23264e-17,0.0249852,
soleus_l,0.0166256,0.0182537,0.00608878,0.024412,0.00374689,0.0132826,0.00317166,0.0213806,
tfl_l,2.68265e-07,1.57297e-07,0.112541,0.053091,0.000934996,0.0169151,3.90083e-13,0.08028,
tibant_l,0.000248089,0.000997368,0.021874,0.0125971,0.024969,0.0165801,0.0204671,0.0174154,
tibpost_l,0.0291428,0.00114819,0.0328639,0.0056483,0.0185954,0.0210453,0.0326014,0.0146685,
vasint_l,0.0250579,0.0158487,0.00339433,0.0138608,0.00247065,0.0145421,0.0312575,0.0180937,
vaslat_l,0.0162007,0.0786503,0.00694814,0.00295418,0.0369932,0.0165763,0.00713123,0.0158613,
vasmed_l,9.21639e-23,0.02869,0.0296816,1.7462e-07,0.0236368,7.2331e-32,0.0215716,0.00133261,
