time,addbrev_r,addlong_r,addmagDist_r,addmagIsch_r,addmagMid_r,addmagProx_r,bflh_r,bfsh_r,edl_r,ehl_r,fdl_r,fhl_r,gaslat_r,gasmed_r,glmax1_r,glmax2_r,glmax3_r,glmed1_r,glmed2_r,glmed3_r,glmin1_r,glmin2_r,glmin3_r,grac_r,iliacus_r,perbrev_r,perlong_r,psoas_r,recfem_r,sart_r,semimem_r,semiten_r,soleus_r,tfl_r,tibant_r,tibpost_r,vasint_r,vaslat_r,vasmed_r,addbrev_l,addlong_l,addmagDist_l,addmagIsch_l,addmagMid_l,addmagProx_l,bflh_l,bfsh_l,edl_l,ehl_l,fdl_l,fhl_l,gaslat_l,gasmed_l,glmax1_l,glmax2_l,glmax3_l,glmed1_l,glmed2_l,glmed3_l,glmin1_l,glmin2_l,glmin3_l,grac_l,iliacus_l,perbrev_l,perlong_l,psoas_l,recfem_l,sart_l,semimem_l,semiten_l,soleus_l,tfl_l,tibant_l,tibpost_l,vasint_l,vaslat_l,vasmed_l,piri_r,
2.075,1.04808,1.01386,0.75481,0.66797,0.756997,0.852904,0.95038,1.1619,1.27521,1.2915,0.904943,0.80733,1.05776,0.998731,0.952013,0.954215,0.943914,0.777882,0.831327,0.879278,0.815886,0.851125,0.84101,1.15201,1.06864,1.01077,1.02881,1.11259,0.721801,1.09432,1.05919,1.0685,0.705081,0.871777,1.26147,1.01428,0.801796,0.81588,0.863729,0.82243,0.93309,1.1558,1.47532,-0.116844,0.510282,1.4438,1.1023,1.13975,1.11904,1.1823,1.16873,0.834569,0.709879,1.3191,1.37659,1.42037,0.98103,1.12427,1.161,0.855475,0.987893,1.1254,1.25035,0.6079,1.11613,1.13924,0.753034,0.922811,0.924743,1.42364,1.26433,1.19444,0.759439,0.978875,1.48255,1.45603,1.41998,1.42724,1.11058,
2.08,1.0473,1.01184,0.736792,0.667974,0.745605,0.839146,0.946924,1.16026,1.27521,1.2915,0.900014,0.802531,1.05397,0.992912,0.951901,0.954112,0.943914,0.760255,0.831598,0.87948,0.814972,0.850218,0.841359,1.15075,1.06862,1.00664,1.02405,1.11157,0.721711,1.09323,1.05479,1.06598,0.701903,0.865487,1.25804,1.01039,0.801796,0.81588,0.863729,0.81905,0.932016,1.15448,1.47482,-0.116844,0.510304,1.44378,1.10233,1.13704,1.11762,1.1811,1.16756,0.834336,0.709024,1.3191,1.37842,1.42037,0.979252,1.12246,1.161,0.844727,0.986426,1.12285,1.25039,0.606308,1.11516,1.13805,0.737323,0.922295,0.924842,1.42206,1.26375,1.19451,0.75494,0.975188,1.48226,1.45515,1.41881,1.4258,1.11052,
2.085,1.04516,1.00938,0.748022,0.667378,0.749581,0.845792,0.938474,1.15201,1.27845,1.29498,0.893974,0.796499,1.04724,0.983905,0.952784,0.954243,0.942352,0.774402,0.834897,0.882512,0.818818,0.854252,0.845756,1.14669,1.0688,1.00134,1.01784,1.11083,0.728833,1.09153,1.04546,1.05832,0.697205,0.860544,1.25517,1.00557,0.819314,0.833816,0.880419,0.818457,0.93201,1.14877,1.47004,-0.121917,0.507903,1.44622,1.11601,1.13592,1.11863,1.18015,1.16636,0.837791,0.713277,1.31539,1.37349,1.41255,0.984702,1.12308,1.15947,0.865635,0.994317,1.12461,1.25469,0.612014,1.11426,1.13703,0.752644,0.921533,0.933379,1.42431,1.26727,1.19205,0.754196,0.97286,1.48153,1.44771,1.41399,1.41993,1.11454,
2.09,1.04214,1.00668,0.736032,0.666401,0.745407,0.838832,0.925019,1.13401,1.28246,1.29924,0.887587,0.790081,1.03723,0.972616,0.953825,0.954477,0.940004,0.76997,0.841358,0.887515,0.824264,0.861225,0.855769,1.14066,1.06905,0.995922,1.01126,1.11026,0.746252,1.08947,1.03001,1.04307,0.691665,0.856884,1.25336,1.00055,0.837682,0.852209,0.89867,0.818107,0.933136,1.14128,1.46355,-0.12883,0.504416,1.45036,1.1476,1.1365,1.12227,1.17952,1.16524,0.845514,0.723967,1.30993,1.36655,1.40212,0.995916,1.12494,1.15666,0.878517,1.00964,1.12904,1.26191,0.622829,1.11352,1.13629,0.756711,0.920392,0.947928,1.42993,1.27431,1.18781,0.755707,0.971802,1.48061,1.43624,1.40623,1.41055,1.12099,
2.095,1.03866,1.00374,0.742437,0.664903,0.742705,0.838143,0.912147,1.12898,1.28621,1.30329,0.881107,0.783569,1.02258,0.960016,0.954982,0.954876,0.937578,0.77698,0.849451,0.893015,0.830427,0.869522,0.870162,1.13325,1.06915,0.990577,1.00456,1.10979,0.76976,1.08705,1.01127,1.03051,0.68567,0.854338,1.25251,0.995568,0.858941,0.874943,0.919324,0.8179,0.935222,1.13329,1.45622,-0.136055,0.500769,1.45508,1.17436,1.13896,1.12856,1.17906,1.1641,0.858209,0.744545,1.30398,1.35872,1.39278,1.01227,1.12745,1.15271,0.89406,1.0264,1.13592,1.26987,0.636105,1.11279,1.13568,0.76533,0.918502,0.961658,1.43951,1.28355,1.18159,0.760361,0.97213,1.47956,1.42237,1.39549,1.39832,1.12771,
2.1,1.03484,1.00053,0.736965,0.663209,0.739423,0.834699,0.897252,1.11924,1.2892,1.30672,0.874729,0.777182,1.00618,0.946576,0.956282,0.955515,0.93536,0.784694,0.859552,0.898727,0.836904,0.877927,0.886789,1.12463,1.06911,0.985465,0.997937,1.10933,0.791218,1.08428,0.98914,1.01095,0.679592,0.852779,1.25245,0.990831,0.880771,0.898531,0.940285,0.817862,0.93798,1.12524,1.44845,-0.143371,0.497196,1.45961,1.19994,1.14342,1.13722,1.17861,1.16283,0.874838,0.768181,1.2979,1.35117,1.38327,1.02713,1.13008,1.14769,0.908813,1.04101,1.14461,1.27736,0.649318,1.11197,1.13508,0.775671,0.915877,0.974806,1.45284,1.29242,1.17357,0.768971,0.973932,1.4784,1.40785,1.38275,1.38465,1.13295,
2.105,1.0307,0.996992,0.736523,0.661574,0.736049,0.830862,0.880403,1.10768,1.29243,1.31001,0.868596,0.771079,0.988223,0.93114,0.957763,0.956469,0.933469,0.79284,0.866293,0.902875,0.843497,0.886131,0.897441,1.11514,1.0689,0.980688,0.991517,1.1088,0.811603,1.08115,0.962821,1.00419,0.673786,0.852105,1.25301,0.986484,0.903176,0.922651,0.961591,0.817883,0.94109,1.11712,1.44021,-0.150736,0.493786,1.46349,1.22474,1.14997,1.14678,1.17802,1.1613,0.891711,0.791581,1.29166,1.34343,1.3736,1.04052,1.13244,1.14159,0.922476,1.05428,1.15351,1.28438,0.66268,1.11095,1.13431,0.785363,0.912294,0.986819,1.46533,1.30033,1.16411,0.785016,0.977216,1.47713,1.39285,1.369,1.37024,1.13783,
2.11,1.0262,0.99307,0.734944,0.660195,0.732674,0.8268,0.862345,1.09536,1.29479,1.31257,0.862817,0.765387,0.967155,0.913095,0.959491,0.957806,0.93211,0.801474,0.874452,0.907339,0.850109,0.894048,0.909584,1.10404,1.06852,0.976321,0.985411,1.10814,0.83113,1.07764,0.926602,0.993071,0.668581,0.85223,1.25403,0.982651,0.926157,0.946985,0.983457,0.818006,0.944332,1.10893,1.43145,-0.158145,0.490518,1.46668,1.24771,1.15853,1.15589,1.17725,1.15954,0.908619,0.814397,1.28521,1.3357,1.36337,1.05267,1.13429,1.13474,0.934954,1.06629,1.16141,1.29084,0.676156,1.10975,1.13337,0.794783,0.908023,0.998816,1.47547,1.30726,1.15399,0.812521,0.981987,1.47582,1.37754,1.35464,1.35525,1.14115,
2.115,1.02124,0.988718,0.733513,0.659233,0.729347,0.822487,0.843575,1.08132,1.29658,1.31449,0.857477,0.7602,0.932478,0.892616,0.96155,0.959573,0.931263,0.810556,0.882201,0.910928,0.856722,0.901616,0.920792,1.09051,1.06791,0.97242,0.979694,1.10727,0.850061,1.07371,0.889862,0.980421,0.664269,0.853072,1.25532,0.979443,0.94934,0.970869,1.00585,0.818122,0.947564,1.10067,1.42235,-0.1656,0.487373,1.46906,1.26874,1.16826,1.16423,1.17633,1.15759,0.925167,0.836299,1.27847,1.32796,1.35303,1.06355,1.13549,1.12742,0.946173,1.0769,1.16817,1.29655,0.689582,1.10843,1.13227,0.803991,0.903237,1.01026,1.4839,1.31314,1.14378,0.838766,0.988267,1.47453,1.36202,1.33987,1.3399,1.14289,
2.12,1.01572,0.983891,0.732359,0.658824,0.726104,0.8178,0.824421,1.06723,1.29776,1.31574,0.852642,0.755596,0.901396,0.86989,0.964007,0.961818,0.930072,0.820049,0.890495,0.913846,0.863281,0.908806,0.931654,1.08165,1.06702,0.969038,0.974425,1.10614,0.868844,1.06924,0.852597,0.966766,0.66111,0.854545,1.25669,0.976966,0.972672,0.994403,1.02844,0.818184,0.950706,1.09232,1.41303,-0.173103,0.484339,1.47056,1.28771,1.17778,1.17179,1.17531,1.15554,0.941229,0.857173,1.2715,1.32019,1.3425,1.07315,1.13595,1.11956,0.956081,1.08617,1.17375,1.30146,0.702865,1.10709,1.1311,0.813017,0.89823,1.02116,1.49069,1.31796,1.1339,0.865932,0.996019,1.4733,1.34673,1.32514,1.3247,1.14297,
2.125,1.00973,0.978539,0.731574,0.659088,0.722982,0.812702,0.805126,1.05156,1.29824,1.31624,0.848364,0.751641,0.871613,0.844964,0.966776,0.964725,0.931369,0.829919,0.896752,0.915686,0.869762,0.915601,0.939134,1.07155,1.06577,0.966221,0.96965,1.10471,0.888184,1.06406,0.814996,0.952529,0.659373,0.856551,1.25798,0.97533,0.995968,1.01759,1.05059,0.818109,0.953693,1.08387,1.40349,-0.180652,0.481414,1.47108,1.30467,1.1864,1.17849,1.17425,1.15348,0.956466,0.876781,1.26437,1.31237,1.3319,1.08134,1.13561,1.11122,0.964647,1.09403,1.17814,1.30543,0.715953,1.10576,1.12988,0.821815,0.893334,1.03131,1.49595,1.32164,1.12457,0.893578,1.00487,1.47218,1.33237,1.31101,1.31021,1.14148,
2.13,1.00344,0.972597,0.731232,0.660151,0.720025,0.807295,0.785898,1.03397,1.29808,1.31603,0.84469,0.748406,0.842655,0.817464,0.969773,0.968388,0.933191,0.840151,0.902377,0.91673,0.876176,0.922198,0.945184,1.06088,1.06411,0.964014,0.965403,1.10291,0.908189,1.05836,0.777369,0.937895,0.659337,0.858987,1.25902,0.974647,1.01916,1.04005,1.07226,0.817923,0.956497,1.07531,1.39371,-0.188239,0.4786,1.4706,1.31959,1.19398,1.18434,1.17321,1.15149,0.971182,0.89524,1.25711,1.30449,1.32118,1.0882,1.13445,1.10262,0.97183,1.10051,1.18137,1.30851,0.728827,1.10454,1.1287,0.830411,0.888933,1.04095,1.49975,1.32417,1.11607,0.9212,1.01401,1.47121,1.31934,1.29791,1.29671,1.13867,
2.135,0.996782,0.965993,0.731405,0.662137,0.717286,0.801615,0.766941,1.0154,1.29722,1.31503,0.841668,0.745968,0.814533,0.786471,0.973308,0.972397,0.936116,0.850756,0.907866,0.917243,0.882513,0.928815,0.950234,1.04891,1.06198,0.962462,0.961721,1.10072,0.928778,1.0523,0.740112,0.922883,0.661296,0.86173,1.25967,0.975044,1.04198,1.06189,1.09366,0.817526,0.959111,1.06667,1.38367,-0.195854,0.475905,1.46911,1.33252,1.20047,1.18931,1.17227,1.1497,0.985634,0.912804,1.24975,1.2966,1.31038,1.09367,1.13251,1.09396,0.97771,1.10563,1.18343,1.31056,0.741259,1.10351,1.12765,0.838842,0.88535,1.05008,1.50214,1.32556,1.10858,0.94831,1.02258,1.47044,1.30767,1.28594,1.28427,1.13362,
2.14,0.989546,0.958634,0.732153,0.665166,0.714825,0.795553,0.748479,0.996027,1.29553,1.31317,0.839348,0.744405,0.787386,0.754688,0.977603,0.977138,0.939736,0.861758,0.913422,0.917399,0.888822,0.935264,0.954683,1.03664,1.0593,0.96161,0.958642,1.09808,0.949856,1.04548,0.703691,0.90766,0.665532,0.864653,1.25979,0.976663,1.06448,1.08333,1.11491,0.816875,0.961538,1.05796,1.37332,-0.20348,0.473341,1.46655,1.34327,1.20588,1.19338,1.17152,1.1482,0.999803,0.929663,1.24232,1.28871,1.29949,1.09779,1.12982,1.08532,0.982239,1.1094,1.1843,1.31156,0.753405,1.10273,1.12681,0.84712,0.882834,1.05866,1.50314,1.32579,1.10225,0.974911,1.0302,1.46992,1.29731,1.27512,1.27291,1.12657,
2.145,0.981836,0.950413,0.733532,0.669339,0.712707,0.788576,0.730763,0.9742,1.29301,1.31044,0.837782,0.743803,0.761411,0.723546,0.982541,0.98302,0.944755,0.873188,0.919208,0.917476,0.895134,0.94139,0.958836,1.02294,1.056,0.961504,0.956206,1.09495,0.970953,1.038,0.668615,0.89254,0.672296,0.867621,1.25929,0.979655,1.08643,1.10414,1.13576,0.816074,0.963799,1.04926,1.36263,-0.211095,0.470932,1.46291,1.35233,1.21019,1.19649,1.17103,1.14711,1.01396,0.946122,1.23482,1.28085,1.2885,1.10056,1.12638,1.0768,0.985447,1.11187,1.18401,1.31161,0.765083,1.10228,1.12627,0.855273,0.881642,1.06674,1.50278,1.32484,1.09723,1.00089,1.0367,1.46968,1.28822,1.26545,1.26261,1.11835,
2.15,0.973814,0.941391,0.735582,0.674741,0.711001,0.782596,0.714079,0.951108,1.28959,1.30682,0.837029,0.744253,0.736849,0.693773,0.987914,0.989749,0.951034,0.885076,0.92538,0.917697,0.901538,0.947358,0.96293,1.00795,1.05211,0.962191,0.954458,1.09128,0.991557,1.02998,0.635413,0.877805,0.681761,0.870498,1.25808,0.984189,1.10736,1.12383,1.15564,0.815192,0.965936,1.04052,1.35156,-0.21867,0.468702,1.45815,1.35988,1.21341,1.19861,1.17088,1.14653,1.02797,0.962551,1.2273,1.27303,1.27746,1.10193,1.12213,1.0685,0.987304,1.11301,1.18263,1.31078,0.776374,1.10221,1.1261,0.863337,0.882101,1.07445,1.50109,1.32272,1.09367,1.02644,1.04199,1.46977,1.28038,1.25695,1.25336,1.1092,
2.155,0.965539,0.931764,0.738334,0.681428,0.709774,0.771915,0.69873,0.927324,1.28536,1.30233,0.837155,0.745852,0.713974,0.665994,0.994189,0.996998,0.958695,0.897445,0.932123,0.918216,0.908008,0.953355,0.967193,0.992477,1.04757,0.963714,0.953447,1.0871,1.01111,1.02113,0.604772,0.863625,0.693715,0.873156,1.25608,0.990454,1.127,1.1421,1.17422,0.81423,0.967997,1.03194,1.34017,-0.226172,0.466693,1.45224,1.36597,1.2155,1.19965,1.17114,1.14654,1.04181,0.979156,1.21976,1.26526,1.26639,1.10186,1.11714,1.06048,0.987822,1.11281,1.18023,1.30911,0.787261,1.10259,1.12636,0.871323,0.884549,1.08165,1.4981,1.31944,1.09172,1.05097,1.04608,1.47019,1.27379,1.24961,1.24511,1.09926,
2.16,0.957052,0.921529,0.741817,0.689394,0.709089,0.770651,0.684987,0.90312,1.28031,1.29696,0.838237,0.7487,0.693085,0.640154,1.00168,1.00583,0.968524,0.910309,0.939576,0.91929,0.914654,0.959521,0.971858,0.976841,1.04225,0.966107,0.953227,1.0824,1.02872,1.01128,0.577487,0.850093,0.707839,0.875479,1.25321,0.998634,1.14516,1.15876,1.19132,0.813294,0.970043,1.0231,1.32874,-0.233559,0.464982,1.44516,1.37082,1.21641,1.19956,1.17184,1.14722,1.05551,0.996082,1.21224,1.25754,1.25536,1.10037,1.11168,1.05278,0.98701,1.11132,1.17683,1.30671,0.797748,1.10341,1.12712,0.879244,0.889395,1.08854,1.49384,1.315,1.09163,1.07452,1.04902,1.47095,1.26844,1.24344,1.23783,1.08902,
2.165,0.948402,0.910605,0.74606,0.698586,0.708999,0.765782,0.672926,0.879004,1.27449,1.29078,0.840353,0.752905,0.674492,0.615927,1.01004,1.01587,0.979838,0.92366,0.947627,0.921105,0.921503,0.965966,0.976964,0.961253,1.03591,0.969397,0.953861,1.07719,1.04342,1.00243,0.554279,0.837599,0.723924,0.877359,1.24943,1.00861,1.1618,1.17379,1.20689,0.812517,0.972158,1.01526,1.31746,-0.240785,0.463633,1.43694,1.37463,1.21612,1.19829,1.17301,1.14862,1.0693,1.01354,1.20476,1.2499,1.24435,1.0975,1.10568,1.04547,0.984747,1.10862,1.17243,1.30374,0.807867,1.10471,1.12838,0.887107,0.897298,1.09509,1.4883,1.3094,1.09372,1.09718,1.05074,1.47203,1.26426,1.23837,1.23147,1.07909,
2.17,0.939653,0.899029,0.751112,0.70895,0.709555,0.760354,0.661507,0.855712,1.26794,1.28385,0.843588,0.7586,0.658473,0.593273,1.01925,1.02688,0.99262,0.937479,0.95628,0.923839,0.92855,0.972779,0.983074,0.945955,1.02878,0.973598,0.955424,1.07142,1.05425,0.9913,0.535637,0.826261,0.741865,0.878707,1.24468,1.01966,1.17694,1.1872,1.22094,0.811964,0.974444,1.00315,1.30631,-0.247797,0.462684,1.42758,1.37745,1.21461,1.1958,1.17467,1.15077,1.08325,1.03115,1.19736,1.24231,1.23347,1.09299,1.09908,1.03854,0.98098,1.10448,1.16697,1.3003,0.817632,1.10646,1.13018,0.894916,0.909233,1.10136,1.48148,1.30264,1.09841,1.11898,1.05117,1.47341,1.26118,1.23436,1.22598,1.06975,
2.175,0.931178,0.886955,0.757055,0.720432,0.710825,0.754642,0.649453,0.833677,1.26062,1.27623,0.848029,0.76597,0.645288,0.57233,1.02933,1.0388,1.00686,0.95172,0.965453,0.927894,0.935799,0.980014,0.990186,0.931334,1.02062,0.978707,0.957993,1.06504,1.06263,0.977849,0.521777,0.808996,0.761613,0.879436,1.23892,1.03101,1.19054,1.19911,1.23342,0.811734,0.977015,1.00022,1.295,-0.254538,0.462154,1.41716,1.37941,1.21189,1.19196,1.17681,1.15368,1.09742,1.04868,1.19004,1.23481,1.22262,1.08711,1.09198,1.03198,0.975984,1.09932,1.16063,1.2965,0.827078,1.10863,1.13249,0.902662,0.925231,1.10731,1.47344,1.29498,1.10634,1.13997,1.05021,1.47505,1.25909,1.23135,1.22133,1.0613,
2.18,0.922758,0.874535,0.763932,0.732973,0.712882,0.749056,0.645294,0.813252,1.2525,1.26789,0.853783,0.775123,0.635088,0.553252,1.04025,1.05158,1.02241,0.966309,0.975714,0.932972,0.943231,0.987671,0.998257,0.917761,1.01136,0.984695,0.961659,1.05797,1.06903,0.97308,0.512743,0.808239,0.783101,0.87947,1.23205,1.04228,1.20254,1.21009,1.24439,0.811904,0.979992,0.993457,1.28343,-0.260946,0.462013,1.40604,1.38061,1.20795,1.18666,1.17938,1.15728,1.11179,1.06607,1.18282,1.22737,1.21211,1.07953,1.08449,1.02577,0.969506,1.09285,1.15358,1.29248,0.836233,1.11117,1.13528,0.910312,0.943018,1.11296,1.46423,1.28691,1.11848,1.16012,1.04783,1.47689,1.25784,1.22927,1.21746,1.0539,
2.185,0.914347,0.861881,0.771708,0.746516,0.715776,0.743341,0.641449,0.794432,1.24357,1.25878,0.860978,0.78594,0.627955,0.536146,1.05197,1.0652,1.03935,0.981151,0.987552,0.939295,0.950808,0.995701,1.00798,0.905301,1.00085,0.991483,0.966534,1.05022,1.07348,0.965071,0.508316,0.803147,0.806183,0.878733,1.22397,1.05331,1.21332,1.22028,1.25436,0.812617,0.983508,0.986349,1.2718,-0.266961,0.462092,1.3946,1.38127,1.20277,1.17982,1.1823,1.1615,1.12651,1.08339,1.17571,1.22,1.20131,1.06937,1.0766,1.01986,0.958173,1.08508,1.14572,1.28844,0.845133,1.11401,1.13848,0.917868,0.961754,1.11841,1.45395,1.27864,1.13469,1.1794,1.04407,1.47888,1.25726,1.22805,1.21432,1.04783,
2.19,0.906125,0.849085,0.780357,0.761003,0.719497,0.737656,0.640383,0.776408,1.23388,1.24883,0.869651,0.797991,0.623813,0.520844,1.0644,1.07959,1.05736,0.996124,1.00059,0.947702,0.958463,1.00401,1.01928,0.893343,0.985563,0.998926,0.972775,1.04196,1.07633,0.956408,0.502789,0.799681,0.830677,0.877145,1.21454,1.06401,1.22328,1.22976,1.26357,0.814,0.987701,0.979274,1.26029,-0.272524,0.462938,1.38302,1.38153,1.19624,1.17155,1.18551,1.16622,1.1415,1.10066,1.16872,1.21269,1.19164,1.05214,1.06812,1.0142,0.955799,1.0706,1.13704,1.28454,0.853811,1.11707,1.14201,0.925328,0.980988,1.12366,1.44272,1.27015,1.15237,1.19775,1.03884,1.48095,1.25714,1.22754,1.21187,1.04329,
2.195,0.898117,0.83623,0.78987,0.776386,0.72392,0.732217,0.642116,0.760391,1.22356,1.23816,0.879665,0.810741,0.619627,0.506332,1.07752,1.09468,1.07641,1.01108,1.01461,0.957409,0.966076,1.01272,1.03165,0.882638,0.976435,1.00685,0.980588,1.03329,1.07768,0.947214,0.500893,0.798406,0.856349,0.874614,1.20361,1.07434,1.2326,1.23865,1.2722,0.816136,0.992738,0.972294,1.24898,-0.277575,0.464514,1.37139,1.38156,1.18839,1.16215,1.18889,1.17128,1.15676,1.11787,1.16183,1.20543,1.17975,1.0482,1.05849,1.00873,0.949633,1.06874,1.12769,1.28092,0.862306,1.12026,1.14577,0.932709,1.00031,1.12872,1.43064,1.2615,1.17078,1.2151,1.03192,1.48304,1.25728,1.22759,1.21003,1.0404,
2.2,0.890437,0.8234,0.800223,0.792607,0.729328,0.727125,0.646991,0.747003,1.21272,1.22687,0.89068,0.823847,0.615602,0.49346,1.09118,1.11023,1.09646,1.0258,1.02933,0.969151,0.973578,1.0221,1.04455,0.87297,0.965048,1.01504,0.99011,1.02403,1.07761,0.936402,0.504224,0.799498,0.882968,0.87102,1.19118,1.08425,1.24144,1.24707,1.28039,0.819013,0.998807,0.965467,1.23792,-0.282065,0.466646,1.35978,1.38149,1.17944,1.15198,1.19234,1.17652,1.1721,1.13499,1.15503,1.19819,1.17231,1.03998,1.04868,1.00338,0.942858,1.06175,1.11772,1.27771,0.870677,1.12348,1.14966,0.94002,1.0194,1.13362,1.41792,1.2529,1.18943,1.23135,1.0232,1.48509,1.25748,1.22799,1.20867,1.03947,
2.205,0.88307,0.810747,0.811375,0.809639,0.735961,0.722303,0.655784,0.734401,1.20155,1.21519,0.902274,0.837114,0.615095,0.485503,1.10529,1.12617,1.11735,1.04011,1.04449,0.983503,0.980875,1.03173,1.05825,0.85753,0.95348,1.02329,1.00126,1.01398,1.07613,0.924802,0.512443,0.803185,0.910242,0.866251,1.17761,1.09372,1.24986,1.2551,1.28823,0.822946,1.0061,0.958845,1.22715,-0.285938,0.469459,1.34828,1.38156,1.16982,1.14138,1.19578,1.18178,1.1875,1.152,1.14829,1.19096,1.15574,1.02916,1.03729,0.998063,0.934368,1.05303,1.10696,1.27507,0.87897,1.12668,1.15357,0.94729,1.03731,1.13848,1.40514,1.24458,1.20797,1.24638,1.01245,1.48706,1.25756,1.22851,1.20768,1.04113,
2.21,0.876155,0.798775,0.823287,0.827469,0.743538,0.717847,0.669765,0.724475,1.19015,1.20324,0.914115,0.850414,0.618018,0.479697,1.11969,1.14255,1.13875,1.05382,1.06019,0.99951,0.987758,1.04135,1.07341,0.859804,0.941383,1.03146,1.01354,1.00316,1.07324,0.91309,0.52532,0.809614,0.937907,0.860189,1.16321,1.10273,1.25789,1.26274,1.29573,0.828187,1.01469,0.952483,1.21671,-0.289158,0.47303,1.33702,1.38186,1.15994,1.13065,1.19913,1.18691,1.20272,1.16874,1.14157,1.1837,1.15456,1.01771,1.0296,0.992679,0.924296,1.04414,1.09441,1.27309,0.887221,1.12976,1.15743,0.954533,1.05387,1.14324,1.39276,1.23667,1.22589,1.2601,0.998174,1.4889,1.25734,1.22893,1.20691,1.046,
2.215,0.86963,0.787331,0.835872,0.846089,0.751976,0.714379,0.687935,0.715855,1.17859,1.19114,0.925978,0.863636,0.624267,0.476276,1.13444,1.15898,1.1607,1.06685,1.07699,1.01696,0.994079,1.05076,1.08974,0.855771,0.927727,1.03943,1.02599,0.991755,1.06886,0.901479,0.542322,0.81946,0.965743,0.852544,1.14807,1.11127,1.26545,1.26994,1.30282,0.834638,1.02462,0.946404,1.20663,-0.291722,0.476855,1.3261,1.38252,1.15018,1.12013,1.20232,1.19181,1.21751,1.18499,1.13484,1.17637,1.14658,1.00451,1.02132,0.987088,0.913668,1.03389,1.07881,1.27187,0.895458,1.13267,1.16113,0.961765,1.06904,1.14794,1.38099,1.22928,1.24257,1.27254,0.981696,1.49056,1.25668,1.22907,1.20621,1.05602,
2.22,0.863614,0.776388,0.849045,0.865446,0.761176,0.711469,0.707993,0.705311,1.16696,1.179,0.93769,0.876672,0.633517,0.474923,1.14948,1.1754,1.18285,1.07925,1.09426,1.03563,0.999738,1.05978,1.10669,0.854386,0.914002,1.04713,1.03811,0.979995,1.06286,0.890096,0.561436,0.832358,0.993512,0.842868,1.13236,1.11933,1.27242,1.27656,1.30935,0.842234,1.03586,0.940485,1.19693,-0.293602,0.481447,1.31564,1.38362,1.14086,1.11016,1.2053,1.19636,1.23159,1.20052,1.12807,1.16891,1.1373,0.990119,1.0128,0.981151,0.902809,1.02316,1.06886,1.27149,0.903697,1.13535,1.16462,0.968996,1.08278,1.15259,1.36991,1.22247,1.25747,1.28381,0.969143,1.49203,1.25547,1.22874,1.20544,1.07526,
2.225,0.858078,0.76597,0.862676,0.885368,0.771084,0.709268,0.730034,0.703601,1.1553,1.16687,0.94909,0.889442,0.645123,0.475601,1.16485,1.19186,1.20505,1.09088,1.11147,1.05515,1.00456,1.06826,1.12381,0.854889,0.898845,1.05451,1.04974,0.967528,1.05508,0.878969,0.581726,0.84683,1.02094,0.830688,1.11631,1.12689,1.2786,1.28245,1.31515,0.850976,1.04834,0.931955,1.18765,-0.294831,0.486932,1.30573,1.38525,1.13226,1.10107,1.20802,1.20048,1.2446,1.21507,1.12117,1.16128,1.12811,0.975345,1.00345,0.974768,0.891749,1.01153,1.05768,1.27199,0.911949,1.13774,1.16781,0.976235,1.09507,1.15719,1.35957,1.21632,1.27014,1.294,0.95726,1.49327,1.25359,1.22781,1.20446,1.0998,
2.23,0.853054,0.75612,0.876616,0.905621,0.781596,0.704943,0.753912,0.700218,1.14369,1.15482,0.960039,0.901887,0.658399,0.478176,1.18021,1.20816,1.22703,1.10092,1.12825,1.0754,1.00841,1.07624,1.14062,0.857347,0.882182,1.06154,1.06083,0.953489,1.04513,0.868186,0.604393,0.862254,1.04675,0.814898,1.10016,1.13394,1.2838,1.28743,1.32001,0.860781,1.06195,0.929617,1.17878,-0.295473,0.492983,1.29644,1.38747,1.12462,1.09314,1.21045,1.2041,1.2563,1.22829,1.11401,1.15342,1.11908,0.960306,0.992496,0.967908,0.880597,0.998832,1.04691,1.2734,0.920222,1.1398,1.17064,0.98348,1.1059,1.16175,1.35003,1.21085,1.28037,1.30317,0.947168,1.49427,1.25096,1.22616,1.20312,1.12577,
2.235,0.84855,0.746891,0.890739,0.926005,0.792523,0.706641,0.779753,0.69798,1.13217,1.14287,0.970424,0.913932,0.67284,0.482443,1.19551,1.22416,1.24863,1.10907,1.14458,1.09579,1.01162,1.08361,1.15709,0.861654,0.864841,1.06819,1.07134,0.940726,1.03236,0.857836,0.629111,0.878483,1.07042,0.794698,1.08409,1.14048,1.28787,1.29137,1.32376,0.871513,1.07655,0.925474,1.17032,-0.295758,0.499343,1.28781,1.39025,1.11816,1.08659,1.21253,1.20714,1.26644,1.23981,1.1064,1.14519,1.11011,0.944509,0.981078,0.960464,0.869396,0.985764,1.03465,1.27569,0.928528,1.14148,1.17306,0.990728,1.11532,1.16628,1.34135,1.20607,1.28818,1.31138,0.938523,1.49502,1.24756,1.2237,1.20133,1.1525,
2.24,0.844569,0.738329,0.904888,0.946365,0.803806,0.707361,0.807497,0.696595,1.1208,1.1311,0.980202,0.925493,0.688122,0.488104,1.21054,1.23975,1.26947,1.11563,1.16002,1.1162,1.01362,1.08961,1.1727,0.867931,0.847293,1.07445,1.08125,0.921433,1.01581,0.848039,0.655411,0.895288,1.09207,0.769546,1.06825,1.14651,1.29068,1.29417,1.32627,0.883244,1.09195,0.92171,1.16226,-0.295458,0.506458,1.27982,1.39365,1.11306,1.08158,1.21427,1.20955,1.27498,1.24949,1.09803,1.13638,1.101,0.928163,0.969295,0.952124,0.858272,0.97253,1.02083,1.27896,0.936896,1.14276,1.175,0.997982,1.12344,1.17079,1.33352,1.20199,1.29367,1.3187,0.931515,1.4955,1.24334,1.22038,1.19901,1.18037,
2.245,0.84111,0.730468,0.918852,0.9666,0.815176,0.708347,0.836616,0.695907,1.10964,1.11963,0.989358,0.936464,0.704027,0.494756,1.22517,1.25489,1.28966,1.12093,1.17427,1.13611,1.01449,1.09419,1.18693,0.875928,0.829532,1.08031,1.09056,0.915067,0.994312,0.838905,0.683073,0.912446,1.11187,0.740953,1.05278,1.152,1.29214,1.29573,1.32743,0.895526,1.10819,0.918384,1.15457,-0.294797,0.514356,1.27243,1.39743,1.10946,1.07823,1.21558,1.21126,1.28165,1.25708,1.08984,1.12714,1.08905,0.91174,0.956511,0.941568,0.847294,0.95921,1.00492,1.28294,0.945347,1.14356,1.1764,1.00518,1.13012,1.1751,1.32654,1.19858,1.29671,1.32519,0.926311,1.49568,1.23826,1.21621,1.19609,1.20786,
2.25,0.838157,0.723328,0.932447,0.986527,0.826457,0.709775,0.866505,0.695775,1.0989,1.10863,0.997898,0.946747,0.720408,0.503083,1.23906,1.26925,1.30864,1.12408,1.18767,1.1556,1.01378,1.09777,1.20011,0.88511,0.811223,1.08577,1.09928,0.904705,0.969193,0.830504,0.712256,0.929756,1.1299,0.714892,1.03778,1.15698,1.29218,1.29604,1.32719,0.908764,1.12573,0.915418,1.14725,-0.293218,0.522617,1.26563,1.40192,1.10753,1.07675,1.21649,1.21224,1.2867,1.26279,1.07515,1.11759,1.08399,0.895395,0.942886,0.933871,0.836497,0.945898,0.9883,1.28788,0.9539,1.14391,1.17724,1.01237,1.1358,1.17957,1.32038,1.19578,1.29755,1.33092,0.923103,1.49557,1.23228,1.21121,1.19252,1.23864,
2.255,0.835657,0.716909,0.945504,1.00564,0.837519,0.711628,0.896667,0.696137,1.08894,1.09844,1.00582,0.956227,0.737204,0.513453,1.25227,1.28291,1.32651,1.12526,1.19757,1.17343,1.00974,1.09965,1.20799,0.895103,0.792799,1.0908,1.10737,0.893168,0.9458,0.822349,0.743799,0.947067,1.14626,0.687462,1.0234,1.16135,1.29081,1.29507,1.32555,0.922562,1.1443,0.912773,1.14025,-0.290896,0.531124,1.25926,1.40699,1.10753,1.0774,1.21693,1.21237,1.28981,1.26634,1.07484,1.10697,1.07473,0.879239,0.928789,0.9239,0.826092,0.932697,0.971464,1.29366,0.962521,1.14369,1.1774,1.01935,1.1401,1.18369,1.31495,1.19348,1.29567,1.33596,0.922171,1.49513,1.22544,1.20531,1.18827,1.27088,
2.26,0.833527,0.711189,0.957849,1.0233,0.848149,0.713787,0.926735,0.697033,1.07988,1.08915,1.01305,0.964867,0.754427,0.525534,1.26462,1.29567,1.34302,1.12466,1.20658,1.19029,1.00821,1.09999,1.21578,0.905713,0.774733,1.09541,1.11482,0.881478,0.920076,0.814969,0.777955,0.964279,1.16095,0.658471,1.00975,1.16509,1.28804,1.29281,1.32254,0.93678,1.16341,0.910412,1.13353,-0.288045,0.539775,1.25326,1.4124,1.10976,1.0805,1.21686,1.21162,1.291,1.26783,1.06815,1.09949,1.0592,0.863381,0.914459,0.915156,0.816067,0.919722,0.954457,1.30001,0.971189,1.14289,1.17687,1.02615,1.14336,1.18781,1.31016,1.19157,1.29105,1.34038,0.923957,1.49433,1.21785,1.19849,1.1833,1.30105,
2.265,0.831667,0.706121,0.969307,1.03918,0.858147,0.716084,0.956456,0.698605,1.07185,1.08088,1.01956,0.972669,0.772135,0.538761,1.27602,1.30753,1.35813,1.12246,1.21397,1.20564,1.00557,1.09889,1.22153,0.916798,0.757304,1.0996,1.12163,0.869918,0.891715,0.807898,0.814169,0.981339,1.17395,0.622112,0.996938,1.16819,1.28388,1.2893,1.31824,0.95103,1.18282,0.908295,1.12707,-0.284818,0.548458,1.24753,1.41795,1.11459,1.08646,1.21625,1.20995,1.29012,1.26712,1.06063,1.09159,1.05946,0.847931,0.900047,0.906576,0.806488,0.907092,0.936942,1.30672,0.979876,1.1415,1.17562,1.03276,1.14569,1.19179,1.30588,1.18996,1.2833,1.34425,0.929152,1.49317,1.20972,1.19087,1.17762,1.32847,
2.27,0.829962,0.701634,0.979748,1.05332,0.867363,0.718354,0.985667,0.701104,1.06482,1.07364,1.02537,0.979648,0.790451,0.552839,1.28643,1.31837,1.37168,1.11877,1.22037,1.21973,1.00186,1.09648,1.22642,0.92824,0.74055,1.10334,1.12779,0.858531,0.851353,0.801541,0.851905,0.998257,1.18524,0.585394,0.985072,1.17067,1.27839,1.28455,1.31271,0.965465,1.20234,0.906378,1.12083,-0.281327,0.557071,1.24201,1.42358,1.12246,1.0959,1.2151,1.20736,1.28706,1.26416,1.05232,1.0836,1.05252,0.832961,0.885692,0.897723,0.797511,0.894934,0.919304,1.31368,0.98856,1.13954,1.17367,1.03925,1.14729,1.19571,1.30199,1.18853,1.27208,1.34765,0.939547,1.49163,1.20128,1.18271,1.17127,1.35313,
2.275,0.828291,0.697642,0.989105,1.06575,0.875592,0.720448,1.01429,0.704862,1.05799,1.06716,1.03049,0.985852,0.809553,0.567801,1.29581,1.3281,1.3836,1.11367,1.22657,1.23293,0.997005,1.09217,1.23129,0.939941,0.724503,1.10666,1.13332,0.847446,0.814074,0.797682,0.890735,1.01507,1.1948,0.549859,0.974275,1.1726,1.27173,1.27866,1.30607,0.979928,1.2218,0.904619,1.11479,-0.277674,0.565544,1.23658,1.42902,1.13371,1.10877,1.21345,1.20387,1.28162,1.25884,1.04334,1.07525,1.04478,0.818492,0.871535,0.887976,0.78921,0.883372,0.901827,1.32084,0.997244,1.13704,1.1711,1.04573,1.14882,1.19967,1.29833,1.18687,1.25703,1.3507,0.958307,1.48971,1.19275,1.17431,1.16441,1.37625,
2.28,0.826534,0.694041,0.997807,1.0765,0.882718,0.72225,1.04207,0.710238,1.05179,1.06147,1.03497,0.991327,0.829656,0.583845,1.30407,1.33679,1.39397,1.10931,1.23203,1.24462,0.991602,1.08965,1.2354,0.951827,0.70942,1.10956,1.13825,0.836772,0.779186,0.796142,0.930285,1.03175,1.20264,0.516561,0.964544,1.17405,1.26418,1.27183,1.2985,0.994046,1.24093,0.902978,1.10892,-0.273956,0.573755,1.23105,1.43413,1.14809,1.12392,1.21126,1.19945,1.27348,1.2499,1.03329,1.06573,1.03654,0.804442,0.857731,0.877864,0.781614,0.872524,0.884674,1.3279,1.00592,1.134,1.1679,1.05216,1.15046,1.20347,1.29476,1.18471,1.23782,1.35348,0.981384,1.48738,1.18436,1.16593,1.15731,1.39686,
2.285,0.824571,0.690717,1.00549,1.08562,0.88875,0.723648,1.06863,0.717455,1.04623,1.05653,1.03881,0.996129,0.850964,0.601418,1.31125,1.34437,1.40269,1.10039,1.23743,1.25528,0.985515,1.08046,1.23973,0.96383,0.695955,1.11204,1.14262,0.82673,0.746773,0.796166,0.970227,1.04837,1.20877,0.486402,0.95585,1.17511,1.25598,1.26435,1.29024,1.0079,1.25951,0.901414,1.10322,-0.270266,0.581634,1.22538,1.43885,1.16481,1.14102,1.20855,1.19411,1.26261,1.23638,1.023,1.05572,1.02811,0.79083,0.844446,0.867722,0.774831,0.862261,0.86788,1.33474,1.01458,1.13046,1.16415,1.05861,1.1526,1.20721,1.29112,1.18203,1.21549,1.35614,1.00642,1.48463,1.17635,1.15786,1.15023,1.4148,
2.29,0.822257,0.687547,1.01138,1.09298,0.894151,0.724449,1.09408,0.727586,1.04108,1.05221,1.04206,1.00032,0.87364,0.620945,1.31739,1.35083,1.40974,1.09978,1.24314,1.26485,0.979578,1.08183,1.24482,0.975892,0.684546,1.11413,1.14646,0.817563,0.717022,0.797636,1.01024,1.06503,1.21322,0.460138,0.948198,1.17589,1.24716,1.25633,1.28147,1.02116,1.27732,0.899893,1.09767,-0.266694,0.589099,1.21948,1.44302,1.18319,1.16,1.20532,1.18789,1.24865,1.21835,1.01273,1.04543,1.0198,0.778262,0.831815,0.857466,0.768921,0.852329,0.851825,1.34119,1.02322,1.12647,1.1599,1.06511,1.15577,1.21086,1.28723,1.17881,1.19005,1.35879,1.03315,1.48146,1.16896,1.15036,1.14338,1.43011,
2.295,0.819146,0.684417,1.01589,1.09817,0.897937,0.724492,1.11855,0.741126,1.03656,1.04866,1.04472,1.00393,0.897757,0.642275,1.32247,1.35615,1.41523,1.08962,1.24665,1.2724,0.97411,1.0721,1.24791,0.987953,0.674623,1.11585,1.14983,0.805229,0.689907,0.800719,1.05007,1.08177,1.21605,0.438265,0.941697,1.1764,1.23764,1.24772,1.27231,1.03357,1.29409,0.89838,1.09226,-0.263323,0.596016,1.21313,1.44656,1.20272,1.18031,1.20151,1.18078,1.23141,1.19755,1.00261,1.03455,1.01143,0.767124,0.819953,0.847024,0.763394,0.84342,0.838123,1.34703,1.03181,1.12199,1.15515,1.07142,1.16006,1.21403,1.2829,1.17507,1.15399,1.36158,1.06049,1.47784,1.16243,1.1437,1.13699,1.44278,
2.3,0.814785,0.681231,1.01931,1.10141,0.90057,0.723539,1.14217,0.757639,1.03278,1.04596,1.04682,1.00695,0.923263,0.665644,1.32652,1.36033,1.41916,1.09105,1.24889,1.27847,0.969141,1.07509,1.24966,0.999942,0.665585,1.11719,1.15272,0.802332,0.665246,0.805334,1.08856,1.0986,1.21729,0.421006,0.9364,1.17665,1.22734,1.23834,1.26268,1.04493,1.30961,0.896843,1.08697,-0.26023,0.602309,1.20611,1.44935,1.22283,1.20117,1.19705,1.17283,1.21159,1.1747,0.992729,1.02364,1.00275,0.757207,0.808886,0.836945,0.758665,0.835866,0.82553,1.35208,1.04027,1.11699,1.14988,1.07734,1.16508,1.21674,1.27788,1.17085,1.12984,1.3646,1.08798,1.47375,1.15699,1.1381,1.1313,1.45307,
2.305,0.812557,0.677915,1.02081,1.103,0.901407,0.717733,1.16503,0.776692,1.0298,1.04418,1.04836,1.00939,0.95002,0.691548,1.32954,1.36337,1.42159,1.08806,1.25038,1.28347,0.964657,1.07324,1.25092,1.01178,0.659748,1.11817,1.15514,0.797567,0.642073,0.811358,1.12638,1.1155,1.21697,0.408408,0.932277,1.17661,1.21613,1.22802,1.25237,1.05525,1.32371,0.895255,1.08177,-0.257482,0.607934,1.19832,1.45125,1.24286,1.222,1.19191,1.16413,1.18967,1.14854,0.983196,1.01296,0.993836,0.748081,0.798431,0.827313,0.754344,0.828754,0.814177,1.35621,1.0485,1.11151,1.14408,1.08277,1.17064,1.21901,1.27191,1.16613,1.10883,1.36798,1.11516,1.46922,1.15287,1.13378,1.12658,1.46111,
2.31,0.809755,0.674424,1.02092,1.10306,0.900639,0.719322,1.18714,0.798313,1.02762,1.04333,1.04935,1.01123,0.9778,0.720335,1.33161,1.36529,1.42251,1.08619,1.25139,1.28714,0.961202,1.07224,1.2522,1.02332,0.655772,1.11878,1.15711,0.794232,0.619009,0.81859,1.16388,1.13237,1.21516,0.400351,0.929322,1.17626,1.20381,1.21668,1.24104,1.06449,1.33631,0.893594,1.07667,-0.255138,0.613013,1.18966,1.45218,1.26216,1.24225,1.18616,1.15483,1.16533,1.12226,0.97413,1.00248,0.984868,0.739737,0.788433,0.817709,0.750764,0.823076,0.803968,1.35942,1.0564,1.10562,1.13787,1.08772,1.17711,1.22086,1.26474,1.16087,1.0819,1.37182,1.14164,1.46429,1.15027,1.13093,1.12304,1.46767,
2.315,0.806272,0.670749,1.01963,1.10167,0.892167,0.717459,1.20842,0.821993,1.02626,1.04343,1.04982,1.01248,1.00627,0.752252,1.33281,1.36615,1.42197,1.0854,1.25221,1.28949,0.95883,1.0723,1.25388,1.03446,0.654205,1.11903,1.15862,0.79243,0.595875,0.826931,1.20118,1.14907,1.21192,0.396446,0.927591,1.17559,1.1899,1.20434,1.22809,1.0725,1.34737,0.891843,1.07167,-0.253237,0.617558,1.18008,1.45203,1.28024,1.2614,1.1799,1.14509,1.1342,1.10371,0.965488,0.991983,0.975948,0.733259,0.780406,0.802015,0.749388,0.818286,0.795213,1.36161,1.06389,1.09945,1.13134,1.09221,1.18496,1.2223,1.25619,1.15502,1.03236,1.37619,1.16705,1.45904,1.14941,1.12978,1.12087,1.47273,
2.32,0.802265,0.666926,1.01695,1.09894,0.894556,0.714449,1.22862,0.847276,1.02577,1.04451,1.04978,1.01314,1.03472,0.787454,1.33294,1.36586,1.41988,1.08584,1.25296,1.29066,0.958006,1.07352,1.2561,1.04509,0.654095,1.11894,1.15968,0.792147,0.572798,0.836122,1.2382,1.16542,1.20727,0.395196,0.927158,1.17459,1.17379,1.19045,1.21337,1.07932,1.35687,0.889993,1.0668,-0.251808,0.621261,1.16951,1.45066,1.29678,1.27911,1.17329,1.1351,1.11348,1.08181,0.956816,0.981841,0.967049,0.727923,0.773224,0.801868,0.749389,0.814071,0.787811,1.36266,1.07089,1.09312,1.12462,1.09625,1.19447,1.22327,1.24583,1.14853,0.987278,1.38116,1.19112,1.45356,1.15055,1.13059,1.12031,1.47634,
2.325,0.797562,0.663055,1.01082,1.09493,0.891144,0.710462,1.24733,0.873474,1.02611,1.04652,1.04927,1.01321,1.06124,0.82594,1.33204,1.36442,1.41631,1.08754,1.25358,1.29079,0.959408,1.076,1.25882,1.05508,0.655829,1.11853,1.16029,0.79343,0.549836,0.846037,1.27396,1.18119,1.20126,0.396923,0.928125,1.17326,1.14869,1.17404,1.19692,1.08494,1.36479,0.888042,1.06208,-0.250856,0.624054,1.15793,1.44797,1.31163,1.29514,1.16646,1.12503,1.09393,1.03768,0.948714,0.972471,0.957816,0.720459,0.767144,0.795457,0.750347,0.812971,0.778746,1.36252,1.07732,1.08676,1.11785,1.09984,1.20586,1.22378,1.23314,1.14136,0.94504,1.38675,1.21355,1.44796,1.15398,1.13371,1.12167,1.47884,
2.33,0.792681,0.659286,1.00815,1.08974,0.886711,0.705947,1.26413,0.899664,1.02736,1.0495,1.04832,1.01271,1.08562,0.866677,1.33008,1.36187,1.41149,1.09045,1.25432,1.2899,0.962101,1.07964,1.2623,1.0643,0.659705,1.11781,1.16048,0.796277,0.527051,0.856556,1.30702,1.19613,1.19393,0.400306,0.930619,1.17162,1.13489,1.14627,1.17751,1.08939,1.37116,0.885999,1.05754,-0.250348,0.626059,1.14534,1.4438,1.32475,1.30941,1.15958,1.11505,1.07004,0.997789,0.940526,0.962759,0.949006,0.720656,0.761191,0.789793,0.752186,0.812876,0.775048,1.36111,1.08314,1.08051,1.11114,1.10301,1.21945,1.22381,1.21805,1.13338,0.905789,1.39293,1.23408,1.44235,1.16019,1.13967,1.12539,1.48019,
2.335,0.78778,0.655787,1.0034,1.08338,0.881423,0.70126,1.27867,0.925043,1.02946,1.05336,1.04696,1.01167,1.10783,0.907968,1.32695,1.35813,1.40517,1.09462,1.25469,1.28782,0.965919,1.08403,1.26599,1.07268,0.665318,1.11682,1.16027,0.800641,0.504701,0.867381,1.33646,1.20997,1.18544,0.408494,0.934759,1.1697,1.12008,1.13487,1.14721,1.09254,1.37598,0.883882,1.05321,-0.250141,0.627309,1.13171,1.43795,1.33625,1.32187,1.15277,1.10532,1.02454,0.960269,0.932477,0.95348,0.940044,0.72021,0.757234,0.785175,0.75467,0.813815,0.771819,1.3582,1.08829,1.07447,1.10459,1.1057,1.23531,1.22328,1.20091,1.12438,0.870207,1.39964,1.2523,1.43687,1.16986,1.14922,1.13219,1.48028,
2.34,0.782949,0.652677,0.99795,1.07584,0.874722,0.696133,1.29066,0.949329,1.03223,1.05787,1.04522,1.01013,1.12793,0.947779,1.32321,1.35317,1.39706,1.09971,1.2552,1.28484,0.971508,1.08962,1.27033,1.08016,0.673046,1.11559,1.1597,0.806388,0.483237,0.878435,1.36213,1.22247,1.17602,0.420905,0.940626,1.16753,1.10303,1.12045,1.13659,1.09439,1.37927,0.881716,1.04911,-0.25006,0.627751,1.11687,1.42981,1.34625,1.33259,1.14612,1.09599,0.982734,0.92054,0.926135,0.944979,0.928753,0.72117,0.754995,0.781443,0.758035,0.815716,0.770105,1.35374,1.0927,1.06872,1.09828,1.10788,1.25327,1.22209,1.18163,1.1142,0.838906,1.40678,1.26798,1.43162,1.18297,1.16251,1.14354,1.47901,
2.345,0.778408,0.650034,0.991656,1.06695,0.867383,0.690627,1.3002,0.971952,1.03565,1.0629,1.04317,1.00815,1.14597,0.984576,1.31846,1.34762,1.38866,1.1053,1.25532,1.28082,0.978213,1.09611,1.27469,1.08671,0.681753,1.11417,1.15882,0.813311,0.463493,0.889589,1.38403,1.23341,1.16596,0.43669,0.948274,1.16517,1.08386,1.1029,1.1217,1.09507,1.38104,0.879541,1.0453,-0.250846,0.627324,1.10051,1.41944,1.3548,1.34169,1.13973,1.08716,0.942631,0.878319,0.922333,0.939904,0.925838,0.723331,0.753963,0.778325,0.762126,0.818521,0.769636,1.34771,1.09634,1.06334,1.09228,1.10953,1.27276,1.22022,1.15685,1.10283,0.812238,1.41421,1.28099,1.42674,1.19861,1.17839,1.16037,1.47643,
2.35,0.774248,0.647919,0.984218,1.05636,0.859201,0.684968,1.30757,0.992658,1.03968,1.0683,1.04083,1.00578,1.16207,1.01838,1.3127,1.34142,1.37912,1.11125,1.25503,1.27556,0.985668,1.10309,1.27888,1.09233,0.691217,1.11261,1.15768,0.821171,0.446402,0.900591,1.40208,1.24267,1.15554,0.45513,0.957418,1.16267,1.0626,1.08346,1.10438,1.09454,1.38132,0.8774,1.04184,-0.252413,0.626133,1.08102,1.40703,1.36196,1.34928,1.13369,1.07896,0.903494,0.835839,0.91938,0.935819,0.920272,0.726489,0.753968,0.775819,0.766718,0.822052,0.770265,1.33983,1.09916,1.0584,1.08665,1.11064,1.29326,1.21767,1.1301,1.09021,0.790274,1.42174,1.29145,1.42232,1.21605,1.19595,1.17929,1.4727,
2.355,0.770365,0.646376,0.976168,1.04517,0.850015,0.679321,1.31292,1.01149,1.04416,1.07385,1.03827,1.00311,1.17632,1.04884,1.30641,1.33402,1.36804,1.11753,1.25418,1.26928,0.993556,1.11029,1.28259,1.09704,0.702201,1.11095,1.15634,0.829766,0.43237,0.911458,1.41628,1.25022,1.14505,0.474614,0.967211,1.16011,1.0388,1.06281,1.08602,1.0928,1.3801,0.875345,1.03878,-0.25457,0.624176,1.05879,1.3916,1.36779,1.35541,1.12806,1.07144,0.865113,0.793457,0.917483,0.932853,0.915738,0.730831,0.75489,0.773926,0.771678,0.826107,0.771845,1.32955,1.10111,1.05394,1.08145,1.11117,1.31405,1.21432,1.11482,1.07565,0.772912,1.42917,1.29979,1.41847,1.235,1.21491,1.19963,1.46778,
2.36,0.766734,0.645428,0.967966,1.03332,0.840459,0.673797,1.31644,1.02829,1.04882,1.07924,1.03555,1.00024,1.18891,1.07586,1.29935,1.32621,1.35693,1.12395,1.25304,1.26222,1.00172,1.11751,1.28602,1.10085,0.714379,1.10926,1.15489,0.838924,0.421185,0.921908,1.42658,1.25608,1.13476,0.494282,0.976657,1.15755,1.01656,1.04021,1.0673,1.08971,1.3774,0.873434,1.03621,-0.257141,0.621561,1.03777,1.37359,1.37232,1.36014,1.1229,1.06468,0.827448,0.751166,0.916653,0.931129,0.912372,0.736258,0.756607,0.772639,0.776876,0.83055,0.774194,1.31808,1.10216,1.05,1.07671,1.11112,1.33452,1.20995,1.09387,1.05657,0.759986,1.43632,1.30623,1.41525,1.25597,1.23556,1.22134,1.46166,
2.365,0.763543,0.645077,0.95921,1.02138,0.830711,0.668463,1.31824,1.04288,1.05348,1.08427,1.03272,0.997268,1.20008,1.09995,1.29144,1.31792,1.34449,1.13022,1.25127,1.25429,1.0098,1.12458,1.28873,1.10379,0.727242,1.10761,1.15339,0.848483,0.412705,0.931994,1.43407,1.2603,1.12494,0.514073,0.985272,1.15509,0.995657,1.01858,1.04847,1.08569,1.37327,0.871731,1.0342,-0.260002,0.618285,1.01564,1.35444,1.37562,1.36354,1.11824,1.0587,0.790508,0.708902,0.916823,0.93058,0.910003,0.742534,0.759142,0.771902,0.782219,0.835428,0.777208,1.30436,1.10226,1.04662,1.07245,1.11044,1.35427,1.20467,1.05721,1.04384,0.751236,1.44299,1.31094,1.41272,1.27828,1.25754,1.24396,1.4543,
2.37,0.759643,0.64529,0.949867,1.00835,0.820887,0.663346,1.31834,1.05537,1.05792,1.08875,1.02986,0.994318,1.2101,1.1214,1.28383,1.30928,1.33202,1.13613,1.24891,1.24546,1.01762,1.1313,1.29066,1.10586,0.740482,1.10604,1.15191,0.858292,0.406905,0.941597,1.43923,1.26296,1.1158,0.534022,0.992868,1.15279,0.976299,0.998324,1.02997,1.08045,1.36776,0.870309,1.03284,-0.263052,0.614235,0.99393,1.33156,1.37773,1.36563,1.11408,1.0535,0.754341,0.666636,0.918069,0.931281,0.908876,0.749417,0.762511,0.771691,0.787556,0.840693,0.780852,1.28879,1.10138,1.04382,1.06868,1.10911,1.37372,1.19874,1.01764,1.02696,0.741023,1.44902,1.31406,1.41089,1.30104,1.27996,1.26715,1.44577,
2.375,0.758034,0.646018,0.940193,0.997438,0.81109,0.65838,1.3168,1.06595,1.06202,1.09259,1.02701,0.991511,1.21921,1.14057,1.26159,1.30028,1.31421,1.14152,1.24596,1.23601,1.02502,1.13746,1.2918,1.10708,0.753887,1.10463,1.15053,0.868197,0.403754,0.950694,1.4423,1.26409,1.10754,0.55411,0.999334,1.15073,0.956992,0.977985,1.01215,1.07421,1.36089,0.869252,1.0322,-0.266187,0.609559,0.973722,1.30425,1.37866,1.36646,1.11046,1.0491,0.719043,0.624416,0.920443,0.933329,0.908968,0.756767,0.766642,0.772022,0.792821,0.846115,0.78506,1.27166,1.09948,1.0416,1.06541,1.10711,1.3929,1.19166,0.976638,1.01206,0.729002,1.45429,1.31565,1.4098,1.32411,1.30256,1.29084,1.43616,
2.38,0.756584,0.647193,0.930395,0.981172,0.801401,0.653496,1.31366,1.07482,1.06567,1.09568,1.02425,0.988961,1.22759,1.15789,1.2689,1.29108,1.30973,1.1463,1.2424,1.22641,1.03181,1.14286,1.29214,1.10749,0.767171,1.10342,1.14931,0.878054,0.402359,0.95922,1.4434,1.26373,1.1003,0.574115,1.00462,1.14898,0.938647,0.95842,0.995177,1.06707,1.35263,0.868646,1.03237,-0.269296,0.604829,0.956983,1.2652,1.37847,1.36607,1.10737,1.0455,0.684772,0.582391,0.923973,0.936808,0.91045,0.764751,0.771444,0.772917,0.797913,0.851555,0.789739,1.24934,1.09663,1.03999,1.06266,1.10447,1.41097,1.18376,0.935443,0.997259,0.72374,1.45869,1.31577,1.40943,1.34713,1.32493,1.31474,1.42561,
2.385,0.75551,0.648749,0.920606,0.974146,0.791889,0.649366,1.30891,1.08212,1.06869,1.09789,1.02164,0.986766,1.23543,1.17381,1.25928,1.28182,1.29963,1.15023,1.23833,1.21638,1.03791,1.14745,1.29172,1.1071,0.780439,1.10247,1.14832,0.887759,0.403599,0.967131,1.44252,1.26192,1.09418,0.593725,1.0087,1.14761,0.921527,0.940069,0.979469,1.05881,1.34293,0.868561,1.03341,-0.272267,0.598532,0.94057,1.25534,1.3772,1.36453,1.10482,1.04273,0.651766,0.540814,0.928683,0.941789,0.913483,0.773357,0.776829,0.774404,0.802705,0.856913,0.794789,1.2359,1.09269,1.039,1.06045,1.10125,1.42723,1.17497,0.895048,0.981702,0.719798,1.46214,1.31446,1.4098,1.36932,1.34622,1.33773,1.41432,
2.39,0.754738,0.650628,0.910914,0.963368,0.782605,0.645639,1.30246,1.08797,1.07097,1.0991,1.01923,0.985008,1.24288,1.18885,1.25212,1.27255,1.28908,1.15304,1.23382,1.20725,1.04322,1.15122,1.29057,1.10595,0.793389,1.10181,1.1476,0.897231,0.405347,0.974502,1.43967,1.2587,1.08925,0.612903,1.01161,1.14666,0.905494,0.922334,0.965074,1.05047,1.33189,0.869074,1.03542,-0.274989,0.595114,0.923269,1.23704,1.37489,1.36186,1.10281,1.0408,0.620346,0.500059,0.934597,0.948324,0.918223,0.782236,0.782701,0.776504,0.807177,0.862104,0.800117,1.21907,1.08758,1.03861,1.05876,1.09742,1.44073,1.16423,0.856296,0.965908,0.718516,1.46457,1.31174,1.41086,1.38993,1.36574,1.35918,1.40259,
2.395,0.754215,0.652775,0.901378,0.953648,0.773585,0.642239,1.2941,1.09251,1.07272,1.09942,1.01707,0.983726,1.25006,1.20348,1.24498,1.26343,1.27758,1.15474,1.22637,1.19473,1.04767,1.15407,1.28562,1.1041,0.805915,1.10145,1.14717,0.906422,0.410959,0.981309,1.43477,1.25407,1.08552,0.631975,1.01333,1.14611,0.884161,0.90281,0.942685,1.04023,1.3202,0.870252,1.03853,-0.277353,0.589293,0.905593,1.21268,1.37158,1.3581,1.10128,1.03967,0.590905,0.460605,0.941668,0.956507,0.92489,0.791206,0.789041,0.779287,0.811228,0.867049,0.805637,1.20234,1.08133,1.03875,1.05754,1.09286,1.4509,1.15572,0.819932,0.950169,0.719522,1.46588,1.30761,1.41251,1.40868,1.38304,1.37867,1.39089,
2.4,0.753909,0.655153,0.892035,0.944018,0.764854,0.63928,1.28368,1.09585,1.07364,1.09866,1.01519,0.982939,1.25704,1.2179,1.23763,1.25421,1.26599,1.15544,1.22105,1.18853,1.05128,1.15605,1.28272,1.10163,0.817978,1.10139,1.14703,0.91532,0.420441,0.987586,1.42761,1.24792,1.08296,0.651296,1.01382,1.14592,0.876693,0.891344,0.938937,1.03306,1.30814,0.872063,1.04293,-0.279255,0.578383,0.888366,1.18528,1.36733,1.35329,1.10019,1.03933,0.563874,0.42302,0.949828,0.966146,0.933627,0.800152,0.795985,0.782775,0.814808,0.871681,0.811272,1.18538,1.07385,1.03937,1.05677,1.08758,1.45868,1.1459,0.786699,0.934764,0.723122,1.46604,1.30206,1.41468,1.42533,1.39804,1.396,1.37949,
2.405,0.753813,0.657738,0.882906,0.933902,0.756431,0.63678,1.27115,1.09809,1.07361,1.09675,1.01362,0.98264,1.26387,1.23173,1.23017,1.24565,1.2537,1.15515,1.21436,1.17693,1.05421,1.15715,1.2784,1.0986,0.829568,1.10161,1.14716,0.92392,0.433275,0.993361,1.4178,1.24024,1.08162,0.671007,1.01305,1.14604,0.867028,0.880416,0.931065,1.0226,1.29515,0.874712,1.04873,-0.280626,0.579445,0.871913,1.1546,1.36216,1.34749,1.09951,1.03976,0.539696,0.387918,0.958981,0.976984,0.944369,0.80897,0.803544,0.786994,0.817873,0.875941,0.816952,1.16804,1.06374,1.04043,1.05641,1.08166,1.46434,1.13646,0.757367,0.920101,0.729479,1.46498,1.29501,1.41732,1.43971,1.41083,1.41119,1.36855,
2.41,0.753941,0.660522,0.874004,0.923389,0.748329,0.634624,1.25709,1.09934,1.07251,1.09363,1.01239,0.982799,1.27054,1.24597,1.22285,1.23571,1.24083,1.1539,1.20776,1.16938,1.05634,1.1574,1.27386,1.09504,0.840691,1.10209,1.14755,0.932252,0.448979,0.998671,1.40511,1.23148,1.08168,0.691073,1.01099,1.14642,0.85894,0.871438,0.923823,1.01251,1.2812,0.878319,1.056,-0.281419,0.574438,0.850652,1.12489,1.35615,1.34074,1.09922,1.04091,0.518753,0.355897,0.968976,0.988902,0.956866,0.81757,0.811526,0.79196,0.820393,0.879781,0.822619,1.1513,1.05384,1.04187,1.05644,1.07518,1.46814,1.12695,0.733362,0.906721,0.739166,1.46264,1.28644,1.42034,1.45198,1.42202,1.42438,1.35814,
2.415,0.754325,0.66352,0.865335,0.912686,0.74056,0.631645,1.24191,1.09967,1.07031,1.08931,1.01149,0.983371,1.27703,1.26088,1.21512,1.22869,1.22802,1.15173,1.20094,1.1602,1.05746,1.15687,1.26896,1.091,0.851389,1.10276,1.14813,0.940337,0.46715,1.00356,1.39008,1.22174,1.08326,0.711466,1.00759,1.14698,0.85241,0.864054,0.918122,1.00419,1.26688,0.882817,1.06465,-0.28178,0.569521,0.841068,1.09736,1.34933,1.33312,1.09932,1.04274,0.501362,0.327497,0.979688,1.00179,0.970859,0.825878,0.819822,0.797695,0.8224,0.883171,0.828217,1.13466,1.03807,1.04367,1.05685,1.06821,1.47024,1.11772,0.715551,0.88526,0.75329,1.45897,1.27645,1.42369,1.46272,1.43221,1.43625,1.34831,
2.42,0.755,0.66677,0.856895,0.901928,0.733112,0.631209,1.22554,1.09915,1.06697,1.08376,1.01093,0.9843,1.28327,1.2763,1.20718,1.21208,1.21537,1.1487,1.19396,1.15165,1.05771,1.15562,1.26372,1.08651,0.861693,1.10359,1.14886,0.948236,0.486841,1.00815,1.37357,1.21094,1.08638,0.732135,1.00284,1.14766,0.847276,0.858107,0.913862,0.988649,1.25236,0.88803,1.07451,-0.281534,0.564676,0.831657,1.07263,1.34179,1.32472,1.09981,1.04524,0.487711,0.303097,0.991004,1.01539,0.98616,0.833836,0.828369,0.804222,0.82397,0.886109,0.833708,1.11832,1.03385,1.04581,1.05763,1.06081,1.471,1.10774,0.703857,0.885234,0.771528,1.45386,1.26537,1.42729,1.4724,1.44146,1.44701,1.33908,
2.425,0.756015,0.670311,0.848686,0.891184,0.725949,0.630736,1.20811,1.09788,1.06241,1.07693,1.01068,0.985522,1.28922,1.29081,1.19918,1.21285,1.20286,1.14483,1.18684,1.1435,1.05713,1.15369,1.2582,1.08172,0.871674,1.10453,1.14968,0.955979,0.507079,1.01252,1.3558,1.1993,1.09103,0.752946,0.99677,1.14839,0.84339,0.853458,0.910855,0.987414,1.23773,0.894188,1.08568,-0.280847,0.559727,0.825263,1.05022,1.33361,1.31564,1.10073,1.04841,0.477807,0.282902,1.00279,1.02957,1.00258,0.841402,0.837116,0.811498,0.824965,0.888604,0.839064,1.10201,1.02538,1.04828,1.0588,1.05302,1.47064,1.09674,0.693846,0.879588,0.791486,1.44718,1.25352,1.43107,1.48125,1.44995,1.45685,1.33043,
2.43,0.757456,0.674201,0.840698,0.880484,0.719009,0.630686,1.18997,1.09596,1.05653,1.06876,1.01072,0.986965,1.29479,1.30434,1.1912,1.20416,1.19049,1.14016,1.17957,1.13574,1.0557,1.15113,1.25239,1.07682,0.881387,1.10551,1.15053,0.963625,0.527378,1.01669,1.33661,1.18717,1.09726,0.773717,0.989209,1.1491,0.840766,0.850111,0.909086,0.979754,1.22307,0.901602,1.09849,-0.27891,0.549607,0.82073,1.02927,1.32489,1.30598,1.10209,1.05226,0.471491,0.266897,1.01493,1.04419,1.01997,0.848552,0.846013,0.819488,0.825396,0.890658,0.844265,1.08701,1.01494,1.05107,1.06034,1.04488,1.4693,1.08474,0.681648,0.875145,0.813091,1.43877,1.24095,1.43496,1.48952,1.45798,1.46593,1.32235,
2.435,0.759437,0.678512,0.832923,0.869834,0.712286,0.63117,1.17147,1.0935,1.04912,1.05889,1.011,0.988549,1.29994,1.31678,1.18327,1.1941,1.17825,1.1347,1.17213,1.12825,1.05358,1.14796,1.24627,1.07196,0.890876,1.10651,1.15138,0.971212,0.547601,1.02059,1.3159,1.17476,1.10519,0.794287,0.9801,1.14975,0.839495,0.848117,0.908596,0.970755,1.20849,0.909888,1.11265,-0.275861,0.551481,0.818462,1.01168,1.31571,1.29585,1.10392,1.05677,0.468338,0.254866,1.02729,1.05911,1.03813,0.855277,0.855017,0.828076,0.825347,0.892274,0.849307,1.07272,1.00336,1.05414,1.06228,1.03641,1.46715,1.07261,0.678336,0.873319,0.836164,1.42851,1.22765,1.43889,1.49737,1.46571,1.47455,1.31482,
2.44,0.762063,0.683341,0.825359,0.859232,0.706022,0.632222,1.15276,1.09061,1.04012,1.04763,1.01149,0.99019,1.30462,1.32809,1.17538,1.18475,1.16611,1.12845,1.16449,1.12095,1.05081,1.14421,1.23979,1.06719,0.900204,1.10748,1.15218,0.978759,0.567775,1.02421,1.29437,1.16216,1.1147,0.814507,0.969607,1.15029,0.839612,0.847491,0.909473,0.961691,1.19413,0.918898,1.12775,-0.271911,0.548015,0.818638,0.995663,1.30618,1.28542,1.10622,1.06191,0.467028,0.246458,1.03977,1.07421,1.05689,0.861584,0.864087,0.837224,0.824879,0.893473,0.854197,1.05799,0.990501,1.05747,1.06462,1.02763,1.46425,1.06066,0.675411,0.873948,0.860359,1.4162,1.21381,1.44279,1.5049,1.47322,1.48269,1.30781,
2.445,0.765399,0.688832,0.818003,0.848681,0.700392,0.63386,1.1339,1.08741,1.03189,1.0371,1.01213,0.991804,1.30878,1.33822,1.16751,1.17722,1.15406,1.12139,1.15662,1.11374,1.04724,1.13986,1.2329,1.06261,0.909413,1.10838,1.15287,0.986248,0.588028,1.02764,1.27252,1.1495,1.12505,0.834247,0.958075,1.15068,0.841197,0.848311,0.911812,0.950094,1.18014,0.928536,1.14362,-0.267198,0.54525,0.82166,0.980658,1.29641,1.27488,1.10897,1.06759,0.468449,0.241195,1.05227,1.08936,1.07607,0.86749,0.873195,0.846882,0.824066,0.894312,0.858956,1.05195,0.977324,1.06099,1.06733,1.01848,1.46062,1.04899,0.675944,0.87734,0.885314,1.40208,1.19971,1.44659,1.51206,1.48047,1.49033,1.30131,
2.45,0.769457,0.695136,0.810852,0.838188,0.69533,0.636255,1.11493,1.08404,1.02529,1.02753,1.01286,0.993308,1.31236,1.34715,1.15967,1.16657,1.14208,1.11349,1.14849,1.10664,1.04298,1.13486,1.22558,1.05831,0.918527,1.10917,1.15341,0.993663,0.608347,1.03096,1.24967,1.13688,1.13508,0.853389,0.946097,1.15092,0.844379,0.85072,0.91567,0.94539,1.16665,0.938694,1.16013,-0.261825,0.542876,0.828342,0.971295,1.2865,1.26438,1.11213,1.07368,0.469959,0.238435,1.06467,1.10438,1.09545,0.873022,0.882315,0.856933,0.823036,0.894863,0.863618,1.04486,0.964077,1.06463,1.07037,1.00891,1.45623,1.03772,0.679499,0.883757,0.910599,1.38674,1.18564,1.45022,1.51885,1.48734,1.49741,1.29528,
2.455,0.774156,0.702377,0.803895,0.827767,0.690745,0.639289,1.09583,1.08063,1.01968,1.0188,1.01364,0.994634,1.31528,1.35485,1.15183,1.16027,1.13015,1.10459,1.14008,1.09962,1.03813,1.12914,1.21779,1.05437,0.927568,1.10981,1.15377,1.00101,0.628708,1.03421,1.22595,1.12441,1.14415,0.87184,0.934425,1.15096,0.849325,0.854933,0.921068,0.938151,1.15371,0.949259,1.17711,-0.255891,0.540921,0.841199,0.964205,1.27661,1.25404,1.11566,1.08002,0.474638,0.237116,1.07688,1.11913,1.11486,0.878215,0.891427,0.867325,0.821884,0.89521,0.868227,1.04016,0.950695,1.06833,1.0737,0.999041,1.45097,1.02691,0.68673,0.893515,0.935903,1.37045,1.1718,1.45366,1.5251,1.49362,1.50375,1.28976,
2.46,0.7799,0.710614,0.797128,0.817328,0.686469,0.64276,1.07665,1.0773,1.01426,1.0109,1.01441,0.99572,1.3175,1.36133,1.14398,1.14582,1.11827,1.09456,1.13131,1.09266,1.03269,1.12276,1.20943,1.05088,0.93656,1.11026,1.1539,1.00831,0.649203,1.03743,1.20202,1.11221,1.15208,0.889527,0.923667,1.1508,0.856265,0.861289,0.927949,0.931414,1.14139,0.96011,1.19443,-0.249491,0.539379,0.864602,0.959476,1.26686,1.2439,1.11953,1.08646,0.482053,0.238201,1.08887,1.13367,1.13416,0.883109,0.900517,0.878078,0.820678,0.895438,0.87284,1.03687,0.936994,1.07203,1.07728,0.98901,1.44466,1.01662,0.69945,0.90546,0.960854,1.3531,1.15833,1.45687,1.53072,1.49918,1.50924,1.28476,
2.465,0.786869,0.71988,0.790532,0.807062,0.682617,0.647194,1.05753,1.07417,1.00908,1.0044,1.01512,0.996517,1.31898,1.36658,1.13612,1.14359,1.10642,1.084,1.12213,1.08569,1.02651,1.1158,1.2005,1.04792,0.945533,1.11048,1.15377,1.01558,0.670056,1.04065,1.17839,1.10039,1.15877,0.906388,0.914189,1.15041,0.865322,0.87034,0.935939,0.925648,1.12972,0.97109,1.21191,-0.242722,0.538183,0.887964,0.956087,1.25737,1.23404,1.12364,1.09288,0.491328,0.239222,1.10051,1.14776,1.15309,0.887743,0.909573,0.889036,0.819491,0.895635,0.87752,1.03527,0.922926,1.07569,1.08104,0.978892,1.43704,1.00679,0.718704,0.918018,0.98486,1.33455,1.14532,1.45985,1.53546,1.5038,1.51376,1.28026,
2.47,0.794824,0.730172,0.784054,0.796986,0.679734,0.652501,1.03873,1.07133,1.00458,1.00005,1.01574,0.996981,1.31966,1.37061,1.12823,1.13601,1.0946,1.07182,1.11252,1.07869,1.01977,1.1083,1.19098,1.04559,0.954516,1.11045,1.15334,1.02284,0.691459,1.04389,1.15532,1.08904,1.16423,0.922373,0.906235,1.14978,0.875788,0.882164,0.94431,0.920351,1.1187,0.982181,1.22939,-0.235677,0.537314,0.912453,0.953981,1.24823,1.22454,1.12796,1.09919,0.50169,0.242765,1.11185,1.16145,1.17164,0.892159,0.918587,0.900165,0.818394,0.895884,0.882334,1.03533,0.908589,1.07927,1.08493,0.968725,1.42778,0.997043,0.739647,0.930968,1.00784,1.31475,1.13286,1.46257,1.53916,1.50738,1.51722,1.27628,
2.475,0.803723,0.741461,0.777745,0.787119,0.677376,0.658322,1.02043,1.06887,1.00055,0.997516,1.01621,0.997075,1.31952,1.37342,1.12026,1.12757,1.08281,1.06196,1.10243,1.07164,1.01276,1.10026,1.18091,1.04396,0.963529,1.11014,1.1526,1.0301,0.713504,1.04718,1.13286,1.0782,1.16844,0.937461,0.900015,1.14888,0.886034,0.894701,0.952726,0.915525,1.10835,0.993196,1.24668,-0.22845,0.536745,0.938007,0.95302,1.23952,1.2155,1.13245,1.10537,0.512604,0.248901,1.12288,1.17482,1.18973,0.896396,0.927556,0.911729,0.817458,0.896262,0.887358,1.03716,0.894146,1.08276,1.08894,0.958594,1.41661,0.987575,0.762235,0.944297,1.02965,1.29448,1.12104,1.46506,1.54173,1.5099,1.51958,1.27291,
2.48,0.813512,0.753712,0.772008,0.777488,0.675731,0.664891,1.00271,1.06685,0.996784,0.997208,1.01652,0.996763,1.31849,1.37495,1.11215,1.11882,1.07107,1.04853,1.09184,1.06443,1.00442,1.09163,1.17032,1.04308,0.972584,1.10953,1.15153,1.03736,0.736184,1.0505,1.11102,1.06791,1.17142,0.951652,0.895651,1.14769,0.895529,0.905736,0.961011,0.911129,1.09862,1.00404,1.26359,-0.221126,0.536392,0.963958,0.952982,1.23129,1.207,1.13703,1.11131,0.523702,0.2572,1.13357,1.18769,1.20719,0.900483,0.936469,0.923449,0.816742,0.896831,0.892658,1.04084,0.879726,1.08613,1.09297,0.948497,1.40358,0.978802,0.786712,0.957841,1.0491,1.27402,1.1099,1.4673,1.54313,1.51134,1.52084,1.27022,
2.485,0.824191,0.766846,0.766803,0.768128,0.672868,0.672673,0.985596,1.06534,0.996389,0.999628,1.01661,0.996011,1.31654,1.37514,1.10393,1.10998,1.05939,1.02619,1.08096,1.05718,0.998755,1.08238,1.15941,1.04293,0.981686,1.1086,1.15009,1.04465,0.759313,1.05388,1.08988,1.05823,1.1731,0.964941,0.893136,1.14619,0.904748,0.916454,0.968595,0.907166,1.0895,1.01464,1.27998,-0.213809,0.536233,0.990446,0.953648,1.2236,1.19914,1.14168,1.11706,0.534792,0.267324,1.14406,1.2002,1.22391,0.904449,0.945321,0.935264,0.816264,0.897644,0.898304,1.04647,0.865431,1.08938,1.09705,0.938575,1.38918,0.969739,0.813293,0.971593,1.06685,1.2527,1.0995,1.46932,1.54336,1.5117,1.52099,1.26826,
2.49,0.835616,0.780797,0.761915,0.758892,0.67376,0.681115,0.969286,1.06437,0.999169,1.00501,1.01647,0.994788,1.31359,1.37392,1.09569,1.10139,1.04778,1.02564,1.06991,1.04995,0.991998,1.07287,1.14826,1.04351,0.990157,1.10734,1.14829,1.05194,0.782358,1.05729,1.06957,1.04917,1.1734,0.977342,0.892908,1.14439,0.912909,0.926294,0.975174,0.903637,1.08096,1.02496,1.29574,-0.206577,0.536231,1.01737,0.954808,1.21652,1.19199,1.1464,1.12266,0.545785,0.279097,1.15396,1.21183,1.23968,0.908315,0.954102,0.946829,0.816023,0.898738,0.904354,1.05409,0.851345,1.09255,1.10119,0.928779,1.37369,0.960978,0.841782,0.985365,1.083,1.23063,1.08987,1.47114,1.5424,1.51098,1.52006,1.26713,
2.495,0.847806,0.795465,0.757284,0.749934,0.674428,0.690133,0.953812,1.064,1.00582,1.01389,1.01606,0.993057,1.30957,1.3712,1.08744,1.09216,1.03626,1.01701,1.05848,1.0425,0.98543,1.06291,1.13662,1.04483,0.997244,1.10572,1.14612,1.05919,0.804447,1.06073,1.05023,1.0408,1.17227,0.98886,0.89562,1.14225,0.919792,0.934637,0.980891,0.900452,1.07296,1.0349,1.31076,-0.199505,0.536284,1.044,0.956413,1.21007,1.18558,1.15111,1.12802,0.556641,0.292465,1.16353,1.22304,1.2546,0.912093,0.962799,0.958305,0.816016,0.900129,0.910843,1.06334,0.837503,1.0956,1.10534,0.9192,1.35695,0.953651,0.871813,0.999298,1.09678,1.20838,1.08105,1.47275,1.54029,1.50922,1.51805,1.26688,
2.5,0.860616,0.810766,0.75289,0.74127,0.67553,0.699656,0.939194,1.06424,1.01595,1.02578,1.01533,0.990772,1.30438,1.36682,1.07862,1.08245,1.02487,1.00519,1.04679,1.03492,0.978837,1.05323,1.1246,1.04687,1.00451,1.10374,1.14355,1.06636,0.824999,1.0642,1.03191,1.03312,1.16966,0.999508,0.902288,1.13977,0.925907,0.942062,0.985895,0.897549,1.06545,1.04437,1.32497,-0.192659,0.536367,1.0702,0.958426,1.20429,1.17994,1.15572,1.13311,0.567431,0.307467,1.17264,1.23355,1.2684,0.915789,0.971395,0.969492,0.816238,0.901821,0.91778,1.07362,0.823906,1.0985,1.10943,0.909815,1.33875,0.948758,0.903192,1.01338,1.10863,1.18634,1.07304,1.47416,1.53706,1.50642,1.515,1.26747,
2.505,0.873922,0.826667,0.748794,0.732918,0.677172,0.709601,0.92545,1.0651,1.02855,1.03981,1.01427,0.987884,1.29782,1.36062,1.06939,1.07272,1.01363,0.992424,1.03486,1.02736,0.972003,1.04079,1.11243,1.04961,1.01153,1.10137,1.1406,1.07343,0.843853,1.06765,1.0146,1.02615,1.1654,1.00929,0.915486,1.13692,0.93069,0.948337,0.989463,0.894868,1.0584,1.05344,1.33837,-0.186092,0.536453,1.09619,0.960983,1.1992,1.17508,1.16019,1.13792,0.578304,0.3242,1.18126,1.24333,1.28118,0.919409,0.979873,0.980185,0.816673,0.903811,0.925149,1.08453,0.81053,1.10126,1.11345,0.900697,1.31905,0.944969,0.935795,1.02756,1.119,1.1647,1.06587,1.47538,1.53282,1.50264,1.51098,1.26895,
2.51,0.887772,0.843138,0.745062,0.724891,0.679443,0.719963,0.912572,1.06657,1.04321,1.0557,1.01281,0.984342,1.28959,1.3523,1.05995,1.06275,1.00258,0.97955,1.0225,1.01988,0.96502,1.03475,1.10029,1.053,1.0185,1.09861,1.13725,1.08033,0.860874,1.07109,0.99823,1.01984,1.15914,1.01806,0.938831,1.13369,0.933967,0.9529,0.991687,0.892265,1.05174,1.06205,1.35096,-0.179842,0.536494,1.12217,0.964273,1.19481,1.171,1.16449,1.14246,0.5895,0.342796,1.18939,1.25253,1.29304,0.922949,0.988216,0.990577,0.817298,0.906085,0.932913,1.09594,0.797248,1.10386,1.11739,0.891806,1.29891,0.942097,0.969511,1.042,1.12803,1.14342,1.05954,1.47642,1.52781,1.49803,1.50615,1.27096,
2.515,0.901858,0.860157,0.741602,0.717192,0.682001,0.730546,0.900541,1.06862,1.0597,1.0734,1.01092,0.980083,1.27926,1.34147,1.05038,1.05203,0.991752,0.96598,1.00983,1.01249,0.957186,1.02638,1.08825,1.05698,1.02519,1.09544,1.1335,1.08704,0.875802,1.07448,0.982776,1.01412,1.15028,1.02587,0.963936,1.13006,0.935578,0.95571,0.992354,0.889695,1.04544,1.0702,1.36276,-0.17393,0.536464,1.14826,0.96866,1.19114,1.16771,1.16858,1.14672,0.601267,0.363387,1.19718,1.26124,1.30404,0.926402,0.996413,1.00056,0.818083,0.908625,0.94102,1.10791,0.784137,1.10629,1.1212,0.883177,1.27847,0.940088,1.00427,1.05686,1.13575,1.12222,1.05405,1.4773,1.52224,1.49273,1.50068,1.27302,
2.52,0.916298,0.87763,0.737207,0.709805,0.684999,0.741369,0.889338,1.07119,1.07807,1.0928,1.00855,0.97504,1.26621,1.32765,1.0407,1.04107,0.981102,0.951799,0.997393,1.00517,0.948934,1.01775,1.07642,1.0616,1.03154,1.09186,1.12936,1.09352,0.888258,1.0778,0.968472,1.00899,1.13771,1.03279,0.991305,1.12599,0.935335,0.956613,0.991304,0.886987,1.03944,1.07793,1.37381,-0.168356,0.53631,1.17449,0.974182,1.18819,1.16518,1.17237,1.15065,0.613785,0.386082,1.20462,1.26941,1.31426,0.929758,1.00445,1.01003,0.818992,0.911395,0.949406,1.11983,0.771935,1.10851,1.12484,0.874749,1.25692,0.938947,1.04018,1.07235,1.1421,1.10058,1.04935,1.47803,1.51628,1.4869,1.49472,1.27309,
2.525,0.930969,0.895418,0.73479,0.702688,0.688637,0.752363,0.878942,1.07422,1.09809,1.11345,1.00565,0.969119,1.25007,1.3105,1.03095,1.03002,0.970792,0.937308,0.984062,0.997872,0.940654,1.00927,1.06479,1.06695,1.03795,1.08787,1.12484,1.09975,0.898055,1.08104,0.955341,1.0045,1.11919,1.03887,1.02046,1.12145,0.933821,0.95623,0.988558,0.884213,1.0337,1.08525,1.38417,-0.163102,0.536066,1.201,0.981193,1.18595,1.1634,1.17582,1.15422,0.627256,0.410941,1.21178,1.27721,1.32376,0.932997,1.0123,1.01915,0.819989,0.914349,0.958001,1.13211,0.760488,1.11048,1.12825,0.866531,1.23469,0.938653,1.07623,1.0886,1.14726,1.07799,1.04543,1.4786,1.51009,1.48071,1.4884,1.27137,
2.53,0.945707,0.913394,0.73265,0.695724,0.692744,0.763489,0.869331,1.07764,1.1192,1.13451,1.00217,0.9622,1.23152,1.29064,1.02117,1.01893,0.960829,0.922694,0.974285,0.99063,0.932453,1.00031,1.0532,1.07294,1.04459,1.08346,1.11993,1.1058,0.905222,1.08415,0.943312,1.00069,1.09413,1.04418,1.05038,1.11634,0.931511,0.951034,0.987087,0.881441,1.02819,1.09222,1.3939,-0.158131,0.535755,1.22792,0.990116,1.1844,1.1623,1.17891,1.15744,0.641874,0.437975,1.21877,1.28472,1.33274,0.936096,1.01995,1.02804,0.821034,0.917432,0.966735,1.14496,0.749485,1.1122,1.13138,0.858443,1.21239,0.939112,1.11291,1.10561,1.15139,1.05618,1.04225,1.47904,1.50374,1.4743,1.48182,1.26883,
2.535,0.960457,0.931453,0.730882,0.688392,0.697138,0.774593,0.860476,1.08137,1.14023,1.15539,0.998052,0.954142,1.21067,1.26908,1.01138,1.00783,0.951245,0.908056,0.963346,0.983894,0.924384,0.991589,1.04148,1.07944,1.05137,1.0786,1.11464,1.11173,0.909947,1.08713,0.932305,0.997495,1.06972,1.04876,1.08031,1.1106,0.924683,0.94426,0.98187,0.8787,1.02289,1.09889,1.4031,-0.15339,0.535404,1.25511,1.00172,1.1835,1.16184,1.18163,1.16029,0.657782,0.467189,1.22561,1.29191,1.34127,0.939033,1.0274,1.03658,0.82209,0.920587,0.975543,1.15832,0.738832,1.11368,1.13421,0.850491,1.19025,0.940242,1.15061,1.1233,1.15462,1.03512,1.03979,1.47938,1.49727,1.46776,1.47508,1.26609,
2.54,0.975206,0.949513,0.729466,0.676496,0.701744,0.785818,0.852341,1.08534,1.16122,1.17666,0.993227,0.944763,1.18801,1.24561,1.00163,0.996752,0.942072,0.893465,0.954715,0.977386,0.916494,0.983157,1.02948,1.08634,1.05816,1.07326,1.10898,1.11757,0.912584,1.08996,0.922243,0.994867,1.04049,1.05267,1.10996,1.10414,0.917683,0.936947,0.975305,0.876,1.01779,1.10533,1.41185,-0.148817,0.535033,1.28215,1.01608,1.18318,1.16188,1.18396,1.16275,0.675039,0.498198,1.23239,1.299,1.34951,0.941782,1.03464,1.04503,0.823114,0.923757,0.984357,1.17218,0.72848,1.1149,1.13669,0.842485,1.16816,0.941817,1.18956,1.14166,1.15693,1.01529,1.03801,1.4796,1.49066,1.46111,1.4682,1.26367,
