time,hip_flexion_r,hip_flexion_r_id,hip_adduction_r,hip_adduction_r_id,hip_rotation_r,hip_rotation_r_id,ankle_angle_r,ankle_angle_r_id,hip_flexion_l,hip_flexion_l_id,hip_adduction_l,hip_adduction_l_id,hip_rotation_l,hip_rotation_l_id,knee_angle_l,knee_angle_l_id,ankle_angle_l,ankle_angle_l_id,
3.6,-141.271,-79.947,-255.613,22.8045,261.188,-2.17987,-11.4713,-44.4936,-132.159,-108.104,-182.798,26.3283,62.2695,-6.8529,-38.4167,37.0742,-38.4492,-58.5903,
3.605,-47.6723,-79.5069,-134.547,20.5954,127.638,-1.94268,-12.4091,-45.2653,-205.608,-107.183,-248.772,27.8882,93.7227,-6.61959,-43.7256,37.3803,-40.7316,-58.8762,
3.61,-77.2474,-78.6888,-176.124,14.3721,251.982,-0.765161,-11.9844,-41.067,-96.5914,-103.736,-154.677,31.8247,67.5174,-7.03236,-45.2167,36.641,-41.9152,-58.3158,
3.615,-65.6429,-77.9323,-137.949,14.1296,152.099,-1.02739,-11.7985,-40.8618,-241.542,-101.992,-238.791,30.6842,99.8048,-7.02919,-44.6759,34.7843,-43.0106,-57.3032,
3.62,-73.1156,-76.0879,-163.334,12.6043,249.325,-1.57916,-11.692,-39.7512,-90.5924,-102.029,-139.012,34.9891,70.0208,-7.50036,-45.6721,34.6489,-43.9805,-56.2876,
3.625,-35.8937,-74.8989,-100.316,11.7249,183.294,-1.39972,-11.6103,-37.2978,-233.73,-100.738,-230.959,34.4087,102.474,-7.19286,-45.5686,32.7802,-44.7664,-54.9772,
3.63,-83.051,-75.8397,-173.768,12.0323,240.129,-1.01889,-11.5345,-36.4439,-81.9327,-101.879,-132.757,32.91,72.3822,-7.09956,-44.8079,31.3338,-45.5155,-53.6635,
3.635,-25.8466,-76.2309,-87.9157,12.976,208.561,-0.815714,-11.4578,-35.491,-224.535,-103.009,-226.205,31.6627,104.736,-7.04247,-43.6728,29.6555,-46.1737,-52.1747,
3.64,-62.1148,-73.1545,-146.596,11.6537,239.791,-1.39237,-11.3792,-32.0128,-77.0037,-104.129,-128.498,30.662,75.1714,-6.28897,-42.3296,28.5422,-46.7442,-51.2351,
3.645,-26.0037,-72.4966,-90.2022,13.2001,222.17,-1.96753,-11.2997,-31.8795,-220.478,-106.494,-222.66,33.5624,107.702,-6.90182,-40.8756,29.0382,-47.2337,-51.0117,
3.65,-41.3758,-72.2397,-113.97,12.2835,238.241,-1.68875,-11.2198,-29.2714,-76.8832,-107.571,-124.941,29.2446,78.7161,-6.08987,-39.3737,26.6041,-47.6112,-49.0171,
3.655,-39.3385,-72.7186,-100.467,12.0077,240.905,-1.92385,-11.1421,-28.7255,-220.204,-110.268,-219.739,30.5407,111.359,-5.96584,-37.8646,27.1232,-47.9039,-49.0757,
3.66,-35.9737,-74.7905,-99.7045,11.7216,244.187,-1.13311,-11.0675,-27.5208,-79.7802,-111.41,-121.932,28.3671,82.8778,-5.8582,-36.3777,25.5976,-48.1076,-47.6624,
3.665,-34.7097,-76.7563,-95.9813,12.0115,247.825,-1.21888,-10.9979,-26.3392,-221.612,-113.541,-217.093,23.6384,115.416,-4.31282,-34.9291,23.973,-48.2302,-46.3227,
3.67,-34.1943,-78.5263,-92.1935,8.97001,251.655,-0.158942,-10.9343,-22.6697,-83.8379,-113.566,-119.109,20.2238,87.3414,-4.52718,-33.5263,21.9616,-48.2815,-45.2142,
3.675,-34.4989,-84.0811,-88.8078,12.2721,255.551,-0.0385052,-10.879,-22.9771,-223.323,-114.735,-214.467,18.5993,119.603,-4.5806,-32.1721,20.4417,-48.2726,-43.4684,
3.68,-35.4011,-86.1899,-85.8448,11.0005,259.396,-0.062403,-10.8322,-22.4054,-88.0354,-120.049,-116.295,22.2915,91.8934,-4.59709,-30.8666,22.2662,-48.2161,-43.8822,
3.685,-32.4421,-89.8928,-100.901,11.1098,261.765,0.254762,-10.7915,-21.2532,-224.529,-122.792,-211.675,22.941,123.747,-4.50573,-29.6078,21.6792,-48.1172,-42.2266,
3.69,-63.766,-93.4995,-1.57434,10.1255,269.095,1.29093,-10.7649,-21.1389,-91.6362,-129.01,-113.247,25.6311,96.3618,-4.35389,-28.3995,22.5669,-47.968,-41.6547,
3.695,-42.6353,-93.2464,-72.3855,7.52222,270.012,0.778983,-10.749,-19.871,-224.8,-132.12,-208.573,24.5637,127.735,-4.23789,-27.2454,23.2188,-47.7704,-42.0442,
3.7,-42.8165,-95.8823,-75.6303,6.6013,273.068,2.04951,-10.7522,-18.7372,-94.4561,-133.298,-109.965,27.2746,100.688,-4.47629,-26.1461,21.4912,-47.5466,-39.4913,
3.705,-44.7383,-99.0202,-73.6312,6.58605,275.685,3.23641,-10.7446,-18.958,-223.938,-137.217,-205.077,29.7572,131.487,-4.44134,-25.1002,21.9416,-47.3155,-39.5735,
3.71,-46.9453,-94.6801,-71.843,7.52471,278.219,1.08041,-10.7593,-17.2459,-96.1238,-139.642,-106.21,30.0719,104.724,-4.29985,-24.106,20.5175,-47.0892,-38.1561,
3.715,-49.211,-94.1732,-69.8466,8.00056,280.43,1.42562,-10.7859,-17.2625,-221.907,-140.361,-201.121,28.8069,134.928,-4.10142,-23.1631,18.9971,-46.8769,-37.2986,
3.72,-51.4805,-92.9372,-67.858,7.79459,282.364,1.38796,-10.8262,-16.7066,-96.4995,-145.349,-101.829,31.0074,108.413,-3.67063,-22.2648,18.8923,-46.6843,-36.7151,
3.725,-53.7257,-93.6146,-65.9141,10.8552,284.032,0.998379,-10.8813,-15.7769,-218.847,-147.72,-196.75,30.5915,138.134,-3.20257,-21.4099,17.5376,-46.5158,-35.5879,
3.73,-55.9275,-94.5388,-64.0027,13.4215,285.441,1.00056,-10.9496,-14.5987,-95.8054,-148.878,-96.9491,28.7682,111.877,-2.73958,-20.6293,15.7845,-46.3733,-35.0179,
3.735,-58.0673,-97.1744,-62.1343,16.8711,286.609,0.662696,-11.028,-15.7846,-214.909,-151.478,-192.008,29.3803,141.162,-2.14262,-19.9208,14.0937,-46.2588,-33.9814,
3.74,-60.1464,-99.0188,-60.3047,18.1129,287.557,0.243374,-11.1122,-15.2404,-94.2266,-153.967,-91.6738,27.2835,115.145,-1.22431,-19.299,12.1842,-46.1715,-32.8793,
3.745,-62.1562,-101.828,-58.5159,19.3463,288.297,0.220193,-11.2009,-14.4786,-210.13,-155.687,-186.853,31.0088,144.027,-2.18467,-18.7563,10.6141,-46.1116,-32.2039,
3.75,-64.1128,-105.354,-56.8098,22.736,288.867,-0.837449,-11.2916,-14.4746,-99.9115,-160.102,-92.8148,36.5212,120.152,-2.88016,-18.2867,11.0567,-46.0782,-32.5536,
3.755,-66.0188,-109.881,-55.2024,22.6002,289.29,1.10041,-11.3855,-16.0879,-200.339,-161.323,-177.49,34.0956,145.739,-1.77991,-17.8826,7.57134,-46.0694,-32.0765,
3.76,-67.8884,-110.409,-53.7051,23.9648,289.607,0.113493,-11.4811,-14.1733,-99.567,-162.257,-89.136,33.8364,123.784,-1.61161,-17.5368,3.68018,-46.0834,-30.3825,
3.765,-69.705,-114.524,-52.2977,24.5124,289.83,0.38189,-11.5784,-14.3058,-193.992,-167.039,-170.959,36.607,148.275,-1.59173,-17.2425,2.79246,-46.118,-31.0225,
3.77,-71.4694,-115.909,-50.9815,22.4914,289.964,0.779426,-11.6777,-14.8786,-96.7862,-170.543,-83.511,36.6978,126.88,-2.0329,-16.9898,0.844717,-46.1712,-30.4125,
3.775,-73.1867,-118.523,-49.7555,22.2623,290.031,1.37997,-11.7796,-13.7812,-187.873,-174.6,-164.684,38.6332,150.908,-1.03801,-16.7763,-1.55521,-46.2436,-30.0064,
3.78,-74.8655,-120.782,-48.6167,21.3989,290.066,1.76453,-11.8845,-12.3,-93.8748,-176.991,-77.9509,39.1317,129.998,-1.43747,-1.42572,-4.48749,-46.324,-29.3389,
3.785,-76.5096,-124.488,-47.5521,22.0356,290.099,2.34117,-11.9931,-12.819,-182.316,-183.82,-158.836,45.4071,153.697,-2.31411,-316.71,-4.38682,-46.4189,-30.2713,
3.79,-78.1481,-125.762,-46.6057,21.5995,290.167,2.27562,-11.6804,-11.6808,-94.0918,-185.21,-50.4941,38.9894,131.622,-0.559453,-133.993,-9.04558,-46.0991,-27.9732,
3.795,-79.7467,-126.919,-45.6493,24.6303,290.242,1.20216,-12.0966,-11.6669,-219.33,-191.514,-29.3161,39.029,158.731,0.816854,-277.806,-9.27188,-46.1723,-28.5389,
3.8,-81.3345,-129.218,-44.7147,25.3121,290.353,2.00395,-12.3457,-10.3977,-117.587,-193.955,3.39966,39.8071,136.5,0.759392,-220.337,-9.00492,-46.3052,-29.8204,
3.805,-82.9215,-130.28,-43.798,30.5529,290.518,0.046819,-12.4448,-11.1531,-218.346,-196.046,-5.21995,36.0808,160.63,1.72878,-609.999,-13.0778,-46.3268,-27.2235,
3.81,-84.4923,-130.446,-42.8152,33.9271,290.73,-0.921068,-12.6358,-10.7074,-113.084,-200.811,14.4407,37.4221,139.997,2.13865,-238.325,-13.2582,-46.6953,-27.5001,
3.815,-86.9617,-132.434,-43.2236,34.1311,291.298,-0.278743,-12.9099,-10.4633,-200.039,-201.129,-58.3023,36.0062,163.349,2.51438,-119.112,-15.8335,-46.9579,-26.638,
3.82,-90.3651,-133.049,-45.1037,32.8399,292.263,-0.510361,-12.9032,-9.97589,-114.839,-200.456,32.9991,31.8827,140.915,4.2679,-75.3731,-19.6522,-46.9223,-25.5087,
3.825,-94.3007,-134.858,-47.7831,36.3052,293.493,-1.12715,-13.2195,-9.93085,-256.04,-199.923,107.091,36.6199,169.366,2.67213,-31.5234,-21.0746,-46.9269,-26.5298,
3.83,-98.5472,-137.347,-50.8942,37.9607,294.923,-1.19017,-13.4359,-9.59005,-136.365,-200.823,107.721,35.7983,144.055,3.53751,-17.5339,-23.4064,-47.1441,-26.1416,
3.835,-102.947,-139.118,-54.1728,40.4988,296.507,-2.14053,-13.6687,-9.07819,-251.977,-200.253,84.6017,37.5116,171.372,2.78139,-10.8507,-26.042,-47.3394,-25.3443,
3.84,-107.379,-141.538,-57.4152,39.501,298.194,-1.54475,-13.9181,-7.39103,-144.182,-197.185,111.662,36.7241,150.04,2.51892,-9.8334,-29.9134,-47.7574,-22.2831,
3.845,-111.795,-145.429,-60.5604,41.2545,299.978,-1.4861,-14.1827,-7.71086,-231.628,-203.361,59.9818,42.499,172.008,2.36241,-8.16661,-27.8733,-47.9643,-23.9553,
3.85,-116.131,-147.177,-63.5035,41.3659,301.809,-1.44319,-14.4527,-7.52413,-150.994,-206.63,108.139,45.9781,154.165,1.84048,-8.42573,-27.7252,-48.3414,-24.5292,
3.855,-120.37,-151.392,-66.2484,39.5074,303.686,-0.505975,-14.7598,-7.50064,-212.012,-209.796,42.6211,47.5312,172.019,1.91338,-8.03395,-28.6771,-48.657,-24.6039,
3.86,-124.491,-153.557,-68.7735,40.6439,305.574,-0.24856,-15.0252,-6.56232,-171.08,-207.824,81.5595,43.57,162.028,2.6162,-7.9191,-32.7488,-48.9315,-22.2501,
3.865,-128.481,-155.361,-71.084,39.463,307.464,0.723919,-15.2885,-5.94101,-188.474,-209.133,67.963,43.0531,167.137,2.88611,-7.65339,-34.7582,-49.1629,-20.8029,
3.87,-132.316,-155.54,-73.1603,38.0249,309.321,1.2076,-15.5601,-5.45183,-189.144,-215.776,63.8151,47.062,168.257,3.18183,-7.58457,-33.0707,-49.4015,-21.4861,
3.875,-135.981,-157.095,-74.9928,40.6871,311.117,1.10653,-15.8061,-4.44108,-170.266,-215.268,6.94018,45.4235,169.004,3.32274,-9.24733,-34.2521,-49.7595,-19.981,
3.88,-139.472,-155.321,-76.6117,40.7366,312.845,0.230983,-16.1096,-5.23217,-180.86,-222.445,22.7811,46.7902,170.391,3.40666,-8.63639,-30.9385,-49.9535,-20.1656,
3.885,-142.772,-157.252,-77.992,42.4389,314.473,0.577808,-16.3015,-4.48561,-151.744,-223.959,-57.1924,46.6236,170.705,3.23453,-11.2952,-30.7442,-50.2915,-18.5011,
3.89,-145.88,-157.573,-79.1662,42.0844,315.987,0.889756,-16.652,-3.91727,-151.953,-228.354,-65.6674,47.8212,171.933,3.46848,-11.5312,-29.1191,-50.5234,-19.2558,
3.895,-148.792,-158.445,-80.1501,43.0769,317.382,0.507658,-16.8872,-4.05574,-159.594,-230.062,-55.4263,45.2027,173.084,4.73207,-11.127,-30.7788,-50.6417,-17.3032,
3.9,-151.505,-159.222,-80.9503,44.191,318.642,0.816228,-17.1517,-3.3145,-164.238,-234.027,-52.8274,45.0629,174.229,5.74931,-10.9894,-30.7874,-50.7266,-17.4541,
3.905,-154.012,-159.577,-81.5738,46.8976,319.751,-0.0701912,-17.4231,-2.09085,-167.401,-232.337,-53.1655,43.1034,175.205,4.92964,-11.0574,-32.9994,-50.7976,-15.2751,
3.91,-156.309,-162.431,-82.0242,47.4283,320.701,0.446532,-17.7125,-2.28402,-170.465,-233.152,-53.3242,40.6796,176.088,5.83071,-11.1671,-32.6156,-50.858,-15.1888,
3.915,-158.401,-162.895,-82.3304,45.0903,321.49,1.36988,-18.0212,-2.09062,-173.491,-235.659,-53.1914,41.1029,176.875,5.93198,-11.3198,-32.1516,-50.9101,-14.2383,
3.92,-160.3,-166.421,-82.5085,46.237,322.123,1.68852,-18.3489,-2.74352,-176.257,-238.653,-53.261,40.4491,177.557,7.11901,-11.536,-30.303,-50.9589,-15.21,
3.925,-161.998,-167.662,-82.5603,45.5242,322.598,2.51954,-18.6952,-2.57935,-178.901,-235.548,-53.1967,38.8646,178.128,5.75789,-11.8049,-31.8358,-51.0054,-13.0955,
3.93,-163.509,-166.975,-82.5043,46.0473,322.928,1.45757,-19.0607,-2.44815,-181.487,-243.201,-52.8657,42.7005,178.598,6.88845,-12.1204,-29.3562,-51.0504,-14.9427,
3.935,-167.133,-169.208,-77.0212,44.0419,323.168,3.03459,-19.443,-1.9892,-183.793,-247.278,-52.7433,42.5163,178.964,7.73097,-12.5022,-29.0399,-51.0965,-15.2023,
3.94,-166.41,-169.195,-81.2505,43.4285,323.21,3.00029,-19.8419,-2.05466,-186.087,-244.849,-52.2459,41.4453,179.232,7.55207,-12.9271,-30.8168,-51.1427,-14.5934,
3.945,-167.15,-169.026,-81.6564,42.8305,323.176,2.96177,-20.2559,-1.83251,-188.128,-243.594,-51.9299,40.7834,179.408,7.35581,-13.415,-32.1666,-51.1902,-13.8877,
3.95,-168,-167.743,-81.478,41.4851,323.063,2.88415,-20.6848,-3.79944,-189.965,-248.972,-51.6874,40.3828,179.497,9.57362,-13.9614,-31.5231,-51.2394,-14.6893,
3.955,-168.813,-169.333,-81.1378,41.8849,322.894,3.55944,-21.1275,-3.08478,-191.831,-242.559,-51.0548,39.1577,179.513,8.37578,-14.5464,-34.2782,-51.2894,-13.3835,
3.96,-169.559,-166.567,-80.7561,39.7574,322.693,3.26803,-21.5827,-3.03717,-193.468,-244.038,-50.6095,41.7268,179.463,7.83407,-15.1899,-33.9055,-51.3401,-14.0982,
3.965,-170.259,-166.555,-80.3493,39.8816,322.489,3.97755,-22.0502,-3.34457,-194.965,-246.323,-50.1983,47.0127,179.357,5.2361,-15.8832,-33.6089,-51.3922,-15.4442,
3.97,-170.935,-165.982,-79.9356,41.1053,322.315,2.4135,-22.5287,-4.47654,-196.447,-246.755,-49.594,42.3309,179.211,8.47807,-16.6152,-35.1001,-51.4442,-15.5333,
3.975,-171.612,-166.144,-79.521,40.2874,322.191,3.09757,-23.0161,-4.469,-197.926,-245.716,-48.815,42.617,179.036,8.4535,-17.3831,-38.1429,-51.4961,-15.1198,
3.98,-172.304,-166.305,-79.1054,41.9731,322.138,2.23288,-23.5121,-5.91275,-199.099,-244.907,-48.5586,41.1177,178.842,8.20811,-18.21,-39.6639,-51.5478,-15.9361,
3.985,-173.038,-166.09,-78.6962,42.2114,322.174,1.88446,-24.0152,-7.91965,-200.404,-247.073,-47.9252,40.7418,178.64,9.03436,-19.0593,-40.1689,-51.5987,-18.2355,
3.99,-173.833,-166.643,-78.2907,44.5298,322.329,0.961113,-24.5249,-8.51098,-201.721,-246.737,-47.2211,40.3179,178.447,9.44099,-19.9371,-42.004,-51.6514,-18.233,
3.995,-174.697,-164.223,-77.8867,45.1255,322.611,-0.477215,-25.0399,-11.8865,-202.869,-251.136,-46.8429,42.9054,178.255,11.0403,-20.8453,-43.3603,-51.7063,-19.8595,
4,-175.634,-168.133,-77.4682,44.2647,323.022,1.26607,-25.5595,-11.3276,-204.044,-249.554,-46.4184,39.5407,178.08,9.91337,-21.7481,-44.6551,-51.7657,-19.8896,
4.005,-176.653,-169.148,-77.0423,45.0436,323.575,0.895178,-26.0842,-12.2355,-205.321,-250.042,-45.8209,38.4899,177.93,10.0217,-22.643,-44.7627,-51.8292,-21.4034,
4.01,-177.753,-169.734,-76.5933,46.5345,324.266,-0.256135,-26.6116,-14.2967,-206.616,-253.91,-45.2196,39.2003,177.797,10.7512,-23.5302,-45.435,-51.8981,-22.6114,
4.015,-178.925,-170.644,-76.1123,45.1735,325.081,0.28178,-27.1415,-14.945,-207.804,-255.401,-44.8866,37.4838,177.682,11.4002,-24.4182,-47.2324,-51.9722,-23.3054,
4.02,-180.164,-171.597,-75.5894,44.6927,326.017,0.155616,-27.6734,-15.152,-208.995,-252.51,-44.6164,34.5971,177.59,11.8697,-25.2944,-51.7847,-52.0519,-21.5523,
4.025,-181.458,-174.499,-75.0141,44.6862,327.054,0.741726,-28.2074,-17.3899,-210.308,-258.408,-44.1368,38.2323,177.514,11.4932,-26.1424,-50.19,-52.1373,-24.5922,
4.03,-182.801,-175.516,-74.3856,42.6709,328.186,1.87908,-28.744,-19.5505,-211.535,-258.341,-43.8835,36.7549,177.454,12.4057,-26.9761,-49.4454,-52.229,-26.9927,
4.035,-184.174,-177.588,-73.6833,38.776,329.384,4.57255,-29.2821,-17.9609,-212.889,-254.939,-43.4346,34.4002,177.414,11.7088,-27.7799,-50.3618,-52.3271,-27.5036,
4.04,-185.577,-176.628,-72.9155,39.5364,330.644,2.74821,-29.8215,-21.51,-214.142,-257.871,-43.2174,36.1403,177.379,12.2365,-28.5745,-49.353,-52.4317,-29.5702,
4.045,-186.984,-175.072,-72.0577,36.7647,331.936,3.33657,-30.3631,-22.1595,-215.505,-257.227,-42.8055,35.9048,177.359,11.4671,-29.3278,-49.6159,-52.543,-30.8915,
4.05,-188.388,-175.463,-71.1067,36.4738,333.243,3.17901,-30.9079,-23.8371,-216.9,-257.805,-42.3638,36.891,177.351,11.0655,-30.0469,-50.9513,-52.6614,-31.2344,
4.055,-189.792,-174.135,-70.0778,33.8948,334.559,3.74823,-31.455,-25.3102,-218.289,-257.454,-41.9331,35.3934,177.347,11.3874,-30.7356,-50.405,-52.7875,-33.8168,
4.06,-191.178,-175.332,-68.9587,36.0136,335.858,2.75634,-32.006,-27.0691,-219.803,-257.491,-41.2488,34.424,177.354,12.0352,-31.3816,-52.2498,-52.9205,-34.3788,
4.065,-195.256,-174.892,-62.2728,34.0369,337.163,3.68919,-32.5615,-26.3487,-221.332,-255.938,-40.5341,32.354,177.371,12.7342,-31.9919,-54.1956,-53.0613,-35.3938,
4.07,-194.306,-173.554,-65.54,33.5367,338.364,2.81936,-33.1207,-28.6003,-222.857,-256.93,-39.8175,35.1126,177.395,9.763,-32.5691,-54.2399,-53.2101,-37.0294,
4.075,-195.244,-172.613,-64.8277,34.571,339.524,1.65712,-33.6855,-31.1353,-224.375,-254.434,-39.1039,28.6692,177.433,12.4389,-33.1113,-56.3875,-53.3662,-36.5305,
4.08,-196.411,-171.767,-63.4884,32.6268,340.623,2.52375,-34.2548,-32.0845,-225.885,-260.069,-38.3925,28.8078,177.482,14.317,-33.6179,-57.3194,-53.5301,-36.9383,
4.085,-197.599,-169.193,-61.9176,29.8895,341.657,3.13438,-34.8299,-32.0004,-227.383,-258.858,-37.6764,28.2752,177.544,12.9167,-34.0872,-57.2957,-53.7012,-37.3719,
4.09,-198.746,-168.396,-60.2495,31.8729,342.615,1.54366,-35.4101,-34.8719,-228.874,-260.336,-36.9585,26.1443,177.623,14.2483,-34.519,-56.6978,-53.8797,-38.2508,
4.095,-191.385,-167.873,-72.5613,32.0416,341.587,0.896195,-35.995,-36.0498,-230.349,-260.552,-36.2328,25.8774,177.715,13.4063,-34.9118,-59.4124,-54.064,-36.9345,
4.1,-225.826,-165.532,-9.09162,31.3664,345.156,-0.133306,-36.5849,-36.6378,-231.81,-264.862,-35.5025,28.5117,177.833,12.1833,-35.2649,-58.3364,-54.2545,-38.7338,
4.105,-205.051,-166.552,-48.612,32.3652,345.118,-0.140919,-37.181,-37.3491,-233.253,-266.109,-34.765,25.8451,177.974,13.899,-35.5781,-60.2399,-54.4562,-37.6579,
4.11,-203.432,-168.849,-51.6545,31.9057,345.618,0.425995,-37.7825,-39.4751,-234.676,-265.169,-34.0221,26.4087,178.142,12.999,-35.8552,-59.8592,-54.6626,-38.3901,
4.115,-203.854,-171.553,-50.2975,31.9416,346.053,0.917999,-28.7577,-40.2019,-232.06,-267.024,-25.5903,25.9467,170.657,13.2835,-36.1093,-61.9027,-49.8306,-37.8216,
4.12,-204.798,-172.359,-48.6256,28.7209,346.769,2.6413,-24.7603,-39.3842,-219.35,-267.452,-24.2525,26.9,158.595,12.8478,-37.8562,-61.5167,-45.7995,-37.944,
4.125,-206.96,-169.23,-49.1315,28.6242,349.351,-0.397475,-101.879,-40.7552,-453.499,-268.313,410.058,30.2786,195.246,9.45551,-15.5674,-62.2058,-62.4425,-38.0892,
4.13,-206.731,-172.666,-45.0817,28.2325,348.169,0.461229,-36.2767,-40.9366,-225.183,-265.517,-2.32169,24.6869,151.727,12.6766,-36.5674,-64.049,-51.9529,-36.6751,
4.135,-208.367,-173.861,-44.5932,27.4817,349.944,0.319402,-26.4832,-42.0762,-392.46,-268.65,237.5,26.7938,203.011,11.9998,-22.966,-63.4097,-45.7394,-37.5357,
4.14,-208.375,-177.448,-41.056,25.6778,349.152,1.93527,-49.589,-40.3868,-237.218,-267.761,16.5164,25.7745,152.349,11.3179,-35.5444,-64.5278,-51.3334,-36.1308,
4.145,-210.092,-179.038,-40.7198,25.8031,351.093,1.98567,-29.6231,-41.2426,-334.625,-270.73,88.2418,26.2239,201.231,11.5234,-35.5624,-62.1875,-51.6733,-37.7873,
4.15,-210.07,-177.906,-37.1516,24.5814,350.277,0.869154,-55.4814,-41.4747,-243.999,-273.143,28.9742,25.4101,152.287,11.894,-34.9222,-63.329,-54.7092,-36.012,
4.155,-211.759,-179.49,-36.716,25.4778,352.219,0.546159,-30.3056,-41.4382,-329.882,-271.332,63.1946,22.0645,201.334,12.8626,-37.47,-65.1609,-50.482,-33.9065,
4.16,-211.859,-182.702,-33.3434,24.803,351.624,0.982458,-57.0078,-42.5448,-250.61,-273.56,41.9,22.6789,152.259,13.032,-34.5497,-66.2807,-54.0084,-34.6159,
4.165,-213.675,-182.241,-33.0441,24.8464,353.789,-0.0927619,-32.0458,-40.6741,-327.119,-278.8,44.6494,22.7239,201.6,12.3638,-38.125,-66.4477,-51.6892,-35.028,
4.17,-214.657,-182.683,-31.167,22.5251,354.593,1.27886,-112.718,-40.3525,-395.028,-279.191,358.449,19.25,162.495,14.6912,-16.9226,-66.4994,-71.0982,-36.8114,
4.175,-216.093,-183.951,-29.9856,22.4963,356.064,0.976739,-34.3622,-39.5598,-364.729,-285.794,119.635,16.6914,192.396,17.7218,-36.7798,-70.7752,-53.8239,-34.2701,
4.18,-216.22,-183.908,-26.3751,22.8094,355.311,-0.107159,-62.3614,-39.3235,-256.948,-284.94,55.3132,17.1258,150.384,16.5582,-34.7913,-70.9304,-55.6938,-35.5589,
4.185,-218.894,-186.817,-27.2047,22.5353,358.715,0.371286,-34.6545,-38.5327,-329.113,-281.149,29.0276,13.4308,204.055,18.1961,-37.721,-75.2723,-48.221,-33.4215,
4.19,-218.762,-187.447,-23.0521,22.0701,357.51,-0.410857,-58.5812,-38.2749,-264.586,-284.06,65.9602,14.7255,151.613,17.29,-34.4479,-73.6432,-54.6091,-35.4743,
4.195,-219.76,-189.266,-20.812,22.2497,358.09,-0.96337,-38.5158,-39.6872,-266.49,-282.415,0.590668,14.4389,177.091,17.4718,-36.9228,-72.2547,-53.0843,-36.8539,
4.2,-221.894,-190.344,-20.3961,20.4175,360.43,1.00716,-34.5066,-39.2256,-232.795,-282.911,5.66768,13.0174,141.741,18.2194,-39.22,-72.7463,-54.7887,-37.0892,
4.205,-223.409,-188.195,-18.6318,19.4752,361.51,0.0293882,-124.46,-39.8321,-473.696,-282.536,375.578,15.5782,205.388,15.8866,-16.1842,-70.9846,-70.879,-38.0347,
4.21,-224.237,-187.743,-15.6687,19.0265,361.408,0.0785751,-40.5778,-39.6722,-246.295,-280.388,15.7706,13.7676,146.35,16.7981,-37.0286,-71.5038,-53.5742,-37.9136,
4.215,-226.928,-182.012,-15.7909,17.271,364.319,-2.30867,-38.1634,-39.4254,-424.674,-280.438,247.823,12.6253,210.706,17.8189,-20.2229,-71.881,-50.037,-37.361,
4.22,-227.3,-189.336,-12.0432,19.7269,363.365,-0.268799,-44.9243,-43.8441,-262.109,-279.758,35.8194,14.0304,150.253,17.2189,-35.1791,-69.3436,-55.3425,-39.7479,
4.225,-228.56,-185.238,-9.79464,17.4676,363.836,-0.768543,-41.2481,-42.0367,-276.753,-277.073,7.54776,12.368,177.94,17.3768,-35.9824,-70.7434,-52.6014,-38.7924,
4.23,-229.771,-185.281,-7.50682,14.3676,364.193,1.47972,-41.3377,-43.7038,-273.026,-280.748,6.829,13.556,174.237,17.7908,-35.9505,-68.0276,-50.5543,-40.3745,
4.235,-232.051,-184.014,-6.99976,15.9567,366.305,-1.14308,-38.168,-43.0628,-249.465,-278.612,9.12014,11.4961,147.107,18.1968,-37.807,-70.8183,-53.6711,-38.6899,
4.24,-232.514,-185.022,-3.66383,15.4887,365.387,-0.493042,-65.4051,-44.6874,-311.343,-283.298,67.3947,13.404,181.865,17.2127,-32.323,-69.4764,-54.7733,-40.9496,
4.245,-233.552,-183.491,-1.36639,14.1716,365.429,-0.705303,-43.2917,-44.2651,-280.068,-283.927,11.0701,12.7868,175.237,17.2522,-34.9451,-71.3901,-50.183,-40.02,
4.25,-234.564,-185.21,0.829262,13.694,365.441,-0.476113,-41.1701,-45.7269,-273.979,-283.948,29.0511,10.3792,155.951,19.3541,-35.3467,-72.0653,-49.2229,-40.0262,
4.255,-235.415,-184.688,3.11947,13.1612,365.212,-1.47511,-55.8453,-46.7984,-294.038,-286.459,30.4293,9.8215,177.845,19.2632,-33.3215,-70.3765,-52.485,-40.8642,
4.26,-236.155,-184.363,5.41004,12.8701,364.835,-1.26353,-44.2517,-45.7843,-283.154,-284.009,14.0778,6.95795,174.268,20.1707,-34.3204,-72.7664,-47.7443,-38.3273,
4.265,-236.803,-184.776,7.66095,11.8583,364.345,-1.38583,-43.8376,-44.2056,-281.593,-287.249,11.7246,6.12912,173.004,20.1169,-34.2914,-70.5498,-46.1656,-39.1721,
4.27,-237.329,-183.695,9.90239,12.4044,363.709,-2.72871,-43.9276,-45.8696,-282.139,-285.239,11.9407,4.62551,172.496,20.3316,-34.0873,-72.1715,-44.7832,-38.3924,
4.275,-237.729,-185.098,12.1385,11.0226,362.925,-1.96769,-44.2326,-47.2267,-282.851,-285.37,12.59,4.11177,171.978,20.5553,-33.8668,-71.8027,-43.2789,-38.0448,
4.28,-238.104,-184.839,14.2131,9.30765,362.172,-0.546731,-43.2342,-47.6566,-267.644,-286.795,10.9898,3.50832,153.523,20.8101,-34.8369,-71.8608,-42.3953,-38.5069,
4.285,-238.42,-183.921,16.1835,10.2295,361.395,-3.50615,-69.0689,-48.2275,-316.883,-290.477,67.6612,3.43659,177.283,21.855,-30.5287,-72.0501,-46.2699,-38.5295,
4.29,-238.406,-184.87,18.461,8.9801,360.127,-2.55139,-48.1679,-47.9787,-288.016,-289.859,18.0756,2.10142,170.936,22.0882,-32.8554,-73.4084,-43.1414,-37.8628,
4.295,-238.276,-185.275,20.744,9.71959,358.737,-4.30335,-47.7337,-47.6006,-285.36,-290.944,16.3083,-0.17539,168.815,22.6117,-32.9757,-74.0246,-41.4312,-37.7723,
4.3,-238.136,-189.764,22.8839,10.3491,357.398,-3.1556,-47.6713,-48.8813,-285.36,-291.316,16.9268,-0.873751,167.65,22.1947,-32.8159,-75.1001,-40.1883,-37.9832,
4.305,-237.955,-187.995,24.9477,10.8489,356.057,-5.70736,-47.9154,-47.7481,-285.533,-292.424,17.7354,-1.16261,166.51,22.4068,-32.626,-76.7094,-38.9536,-38.244,
4.31,-237.747,-188.992,26.9423,9.65285,354.721,-5.51647,-48.3512,-50.4327,-285.655,-287.523,18.5525,-2.92703,165.317,22.0042,-32.431,-78.6899,-37.5873,-37.7292,
4.315,-237.515,-186.872,28.8787,7.31376,353.392,-5.31278,-48.8853,-48.3163,-285.709,-296.049,19.3459,-0.661964,164.081,22.3587,-32.2352,-76.6663,-36.0694,-40.1875,
4.32,-237.271,-189.182,30.7672,6.96142,352.083,-4.5431,-49.4717,-48.4595,-285.704,-299.265,20.1149,-1.40018,162.812,24.4053,-32.0362,-77.6591,-34.4051,-39.8519,
4.325,-237.053,-189.976,32.5652,6.34613,350.845,-4.74026,-49.9539,-49.372,-282.454,-297.035,24.8383,-1.37597,155.132,21.2716,-31.8332,-76.0632,-33.9661,-41.147,
4.33,-236.805,-189.332,34.3829,5.41663,349.577,-5.63731,-88.2292,-48.9653,-297.64,-296.413,6.67446,-2.9564,184.403,21.7267,-31.6236,-76.1224,-48.8615,-41.251,
4.335,-236.612,-189.544,36.123,5.09084,348.406,-5.25321,-51.2674,-48.4044,-283.263,-296.769,24.9089,-3.08749,154.573,21.0977,-31.406,-75.4526,-35.5987,-41.5421,
4.34,-238.261,-187.453,40.4216,3.09951,347.322,-5.65292,-89.8352,-48.9808,-296.979,-304.643,8.78799,-0.415706,181.065,21.5828,-31.1791,-74.9298,-50.4215,-44.0145,
4.345,-238.91,-187.951,43.1496,2.22858,346.312,-5.3195,-52.6394,-48.5157,-284.532,-299.213,24.2499,-4.18178,155.162,21.7059,-30.9403,-78.8959,-38.672,-40.3388,
4.35,-236.695,-191.053,41.6385,2.5136,345.346,-5.30111,-90.8303,-49.1884,-293.189,-301.298,14.3859,-4.03836,171.632,20.3627,-30.6891,-76.8751,-53.0127,-43.6819,
4.355,-236.409,-191.826,42.7855,2.02976,344.48,-6.24341,-54.0221,-49.0177,-288.768,-299.005,20.0293,-6.62231,161.884,21.3132,-30.4241,-79.7159,-41.7018,-42.0664,
4.36,-236.458,-190.438,44.2709,-0.311043,343.712,-5.23771,-92.2094,-49.7105,-289.134,-299.349,19.9888,-7.54823,161.775,21.3938,-30.1438,-81.013,-55.9138,-42.2123,
4.365,-236.628,-190.065,45.8125,-1.02883,343.031,-5.20467,-55.4283,-49.8747,-289.18,-305.336,20.3059,-6.70139,161.036,21.6053,-29.8485,-79.9739,-44.7289,-44.8005,
4.37,-236.871,-190.792,47.3428,-1.28938,342.425,-5.7681,-93.5392,-50.7886,-289.224,-300.688,20.6167,-9.53866,160.303,21.1338,-29.537,-82.0596,-58.8205,-42.8632,
4.375,-237.18,-189.231,48.8519,-2.08214,341.889,-6.3215,-56.8461,-50.5879,-289.309,-299.336,20.8733,-11.5162,159.657,21.2113,-29.2089,-83.0279,-47.7005,-41.8954,
4.38,-237.544,-190.144,50.3592,-1.62446,341.408,-6.02823,-94.8661,-51.2598,-289.416,-296.924,21.1374,-11.4764,159.001,19.8009,-28.8656,-84.6531,-61.6398,-41.7773,
4.385,-237.956,-191.217,51.8547,-2.67921,340.974,-6.32662,-58.2679,-51.948,-289.596,-299.392,21.3618,-10.8009,158.417,18.9876,-28.507,-83.6303,-50.521,-42.4868,
4.39,-238.399,-189.796,53.3368,-2.92372,340.557,-7.21734,-96.0555,-51.7744,-289.783,-295.364,21.5804,-14.6635,157.843,20.1549,-28.1324,-86.1692,-64.2547,-40.0321,
4.395,-238.863,-188.71,54.8003,-3.4913,340.148,-8.09686,-59.689,-51.956,-292.681,-299.103,25.9996,-12.8423,157.377,18.8175,-27.4915,-85.8166,-53.2442,-41.5189,
4.4,-239.329,-188.72,56.2562,-5.03535,339.719,-7.36106,-97.5161,-52.3278,-290.62,-299.845,22.6053,-13.2843,156.818,18.3811,-27.2977,-86.6685,-66.8171,-42.4686,
4.405,-239.785,-187.737,57.7022,-6.71612,339.252,-7.83185,-61.1075,-52.4269,-290.531,-299.088,22.2208,-14.5899,156.353,19.1704,-26.9142,-88.1981,-55.7638,-42.7615,
4.41,-240.216,-190.009,59.1374,-7.51426,338.73,-6.90609,-98.9393,-52.6715,-290.687,-298.888,22.2939,-15.5336,155.832,17.9098,-26.4845,-88.0211,-69.1635,-43.7831,
4.415,-240.619,-187.402,60.5525,-8.6578,338.149,-8.21093,-62.5236,-53.6662,-290.923,-295.828,22.43,-16.15,155.364,17.596,-26.029,-90.1763,-58.1075,-42.7564,
4.42,-240.979,-187.365,61.96,-9.69392,337.49,-8.9593,-100.324,-55.1258,-291.133,-300.254,22.6003,-16.8931,154.833,17.7801,-25.5545,-88.8736,-71.3282,-44.3794,
4.425,-241.294,-187.014,63.3512,-10.2186,336.748,-9.81413,-63.8122,-54.7851,-281.602,-301.978,13.3976,-18.1407,148.574,17.7781,-25.9889,-89.4849,-59.2323,-44.5428,
4.43,-241.558,-186.962,64.7307,-12.0897,335.92,-8.05397,-109.849,-53.6468,-314.201,-298.608,61.2739,-19.341,153.115,17.1025,-21.8782,-89.9048,-74.4935,-44.1595,
4.435,-241.771,-186.915,66.1035,-13.1305,335.007,-7.93804,-65.3389,-56.3075,-295.757,-294.893,27.5971,-20.9598,154.682,15.6708,-23.6794,-89.9449,-63.3252,-44.505,
4.44,-241.939,-186.941,67.4535,-13.9872,334.018,-7.44609,-104.805,-54.6245,-293.079,-300.168,23.8469,-21.0334,153.614,16.4697,-23.4339,-89.5153,-76.1576,-45.4619,
4.445,-242.06,-187.273,68.7963,-15.5554,332.958,-6.36463,-66.7485,-54.7938,-292.798,-301.948,23.6051,-21.8127,152.685,16.4224,-22.9072,-90.3527,-64.883,-45.5252,
4.45,-242.14,-187.767,70.1169,-15.616,331.832,-7.49356,-105.045,-54.706,-292.799,-302.717,23.916,-23.6608,151.722,17.0938,-22.3292,-89.4483,-77.5643,-46.7582,
4.455,-242.186,-180.422,71.4335,-17.5001,330.661,-11.8595,-72.5129,-53.9925,-285.972,-302.701,30.7091,-23.8713,136.781,16.8318,-21.7294,-89.4389,-66.719,-48.131,
4.46,-242.209,-188.482,72.7293,-17.3968,329.462,-8.68735,-69.9281,-55.7784,-287.108,-302.974,29.6562,-24.5691,138.142,16.5971,-21.1118,-90.0969,-64.7367,-49.6534,
4.465,-242.223,-189.435,74.0058,-17.907,328.246,-8.77982,-69.4883,-56.9846,-281.849,-302.151,34.7102,-25.7081,126.434,16.8911,-20.4824,-91.9685,-64.387,-49.3752,
4.47,-242.273,-186.505,75.258,-19.318,327.038,-9.70209,-87.514,-58.3968,-299.262,-299.712,19.0215,-26.3585,161.061,15.5543,-19.8223,-92.2668,-72.7286,-50.5,
4.475,-244.759,-186.876,79.602,-18.735,325.872,-10.3043,-70.7995,-58.8699,-282.938,-298.831,33.9486,-28.22,126.754,16.4331,-19.1438,-92.4719,-64.5849,-50.5899,
4.48,-242.745,-184.25,78.2039,-19.5415,324.675,-11.1762,-88.8114,-60.2722,-298.86,-299.513,19.9655,-28.6116,158.4,15.2262,-18.4448,-92.8058,-72.5463,-50.7114,
4.485,-242.506,-182.253,79.0519,-19.7782,323.53,-12.1189,-72.0682,-60.5937,-272.034,-297.962,35.4054,-29.942,108.889,15.0807,-18.2794,-93.4808,-66.0224,-50.7892,
4.49,-242.539,-179.17,80.2048,-21.1455,322.43,-12.2992,-123.249,-60.2978,-431.085,-299.684,197.341,-29.9933,188.333,13.3425,-1.58204,-92.7777,-81.3926,-52.5427,
4.495,-242.656,-178.869,81.4167,-21.8553,321.386,-12.0317,-73.315,-60.701,-304.402,-298.55,80.69,-30.9118,106.809,13.4667,-15.8702,-95.4438,-69.458,-51.2176,
4.5,-242.821,-178.153,82.6175,-21.9688,320.413,-13.526,-126.596,-63.4542,-416.748,-302.385,174.235,-32.5463,191.071,13.9954,0.442638,-93.607,-84.803,-52.7656,
4.505,-237.778,-179.157,77.1973,-22.9881,318.266,-11.4846,-74.5468,-61.2231,-319.091,-307.824,99.5289,-34.0042,104.39,13.7122,-13.7551,-92.3614,-72.5465,-54.2494,
4.51,-263.352,-177.227,109.614,-23.0207,319.152,-14.5899,-128.335,-64.453,-414.123,-304.701,169.212,-35.7047,190.387,13.216,1.5072,-94.9815,-87.5358,-51.7386,
4.515,-246.259,-176.521,89.4954,-25.1535,317.969,-14.3946,-75.7609,-64.2277,-318.89,-305.204,99.8002,-36.498,101.264,12.2036,-12.6402,-94.5648,-75.3128,-52.3657,
4.52,-244.416,-177.85,87.8567,-25.7086,317.225,-14.2929,-129.84,-64.6233,-414.475,-302.338,167.01,-39.1369,189.654,12.6645,2.44886,-96.9227,-90.0235,-51.5051,
4.525,-244.644,-176.158,88.7472,-26.391,316.659,-15.8571,-76.9518,-64.8278,-319.173,-302.293,100.486,-38.5681,98.2625,10.5302,-11.4717,-96.5512,-77.8394,-51.9911,
4.53,-245.185,-174.957,89.8893,-27.5054,316.201,-15.7825,-130.072,-64.8686,-415.887,-300.474,164.082,-40.5742,190.775,11.11,3.42948,-97.7952,-92.4386,-51.6933,
4.535,-245.82,-175.454,91.042,-28.1332,315.849,-15.709,-78.108,-64.5418,-319.397,-299.615,100.962,-41.1309,95.0049,9.47856,-10.1878,-97.9711,-80.2805,-52.1958,
4.54,-246.528,-175.052,92.1291,-28.7035,315.603,-16.5968,-120.341,-65.1014,-327.106,-296.213,37.7206,-43.3531,173.674,10.9226,-8.76061,-100.623,-91.9212,-50.4387,
4.545,-247.307,-173.497,93.2644,-29.1502,315.46,-17.7721,-79.2159,-63.7134,-312.985,-299.506,87.3339,-43.1996,101.18,9.06301,-7.09292,-99.1285,-81.254,-52.9148,
4.55,-248.169,-173.14,94.3757,-29.9413,315.43,-19.2809,-105.398,-64.2026,-310.988,-299.357,39.4959,-44.4892,151.161,8.91418,-9.25402,-99.9401,-88.0592,-52.6375,
4.555,-249.098,-173.929,95.4801,-30.2807,315.498,-19.7663,-81.178,-63.4992,-284.409,-294.476,56.2709,-46.1004,93.3469,8.02327,-9.03016,-101.033,-79.2923,-51.5907,
4.56,-250.094,-174.432,96.5721,-32.0088,315.668,-19.8189,-98.6866,-63.1659,-303.714,-297.323,41.0885,-47.4606,134.285,9.40765,-8.75558,-101.054,-86.1927,-52.3605,
4.565,-251.197,-174.962,97.6743,-32.8832,315.917,-20.8572,-81.2449,-64.7753,-293.104,-298.901,71.5045,-48.5762,88.5521,7.30664,-7.60753,-100.48,-80.7654,-53.1033,
4.57,-252.358,-176.955,98.7737,-34.3251,316.25,-19.8817,-119.794,-62.6421,-338.452,-298.664,65.2952,-50.0384,156.652,7.58303,-5.97017,-101.536,-92.7778,-53.1302,
4.575,-253.569,-179.017,99.8618,-35.1842,316.651,-20.3184,-82.1711,-63.0043,-306.1,-298.638,82.1432,-50.9609,99.1234,6.51621,-5.91217,-100.7,-82.8889,-54.1139,
4.58,-254.82,-178.508,100.955,-36.4724,317.111,-19.9209,-95.3244,-62.6786,-299.026,-302.212,50.4114,-51.8609,116.106,6.14126,-7.70274,-100.814,-84.3998,-54.3993,
4.585,-256.109,-177.585,102.039,-38.0919,317.618,-19.9106,-84.5974,-62.6258,-295.796,-300.108,49.0028,-53.1804,112.115,4.32401,-7.77273,-100.757,-81.6449,-54.792,
4.59,-257.419,-178.9,103.129,-37.962,318.149,-21.9009,-83.4711,-63.1285,-277.437,-303.397,45.2543,-55.1701,87.8633,4.99808,-8.62527,-101.385,-82.3792,-54.8916,
4.595,-258.747,-181.324,104.224,-40.179,318.689,-21.3479,-124.78,-63.6134,-381.668,-300.725,89.5095,-57.0873,192.773,6.08371,-1.80938,-101.621,-95.5421,-54.006,
4.6,-260.084,-181.803,105.334,-40.228,319.225,-22.391,-86.3713,-63.3141,-290.916,-305.174,61.6717,-58.1205,88.5535,5.28426,-6.8877,-99.7312,-82.0195,-56.5104,
4.605,-261.425,-184.165,106.441,-41.664,319.743,-21.2659,-101.164,-61.8061,-322.843,-308.28,34.3776,-59.543,160.348,5.79909,-7.35448,-101.323,-88.5307,-55.8935,
4.61,-262.76,-184.017,107.564,-43.5915,320.231,-21.922,-85.4634,-64.8964,-298.519,-310.129,68.2669,-61.473,88.1037,4.64706,-6.61552,-98.7381,-82.5201,-58.5136,
4.615,-264.072,-184.647,108.678,-43.5579,320.665,-21.6259,-120.961,-64.1412,-366.337,-308.806,68.6825,-63.6089,187.064,7.33153,-3.84433,-99.1291,-94.312,-58.5604,
4.62,-265.373,-182.426,109.814,-43.5913,321.054,-25.4107,-86.5324,-68.3443,-315.39,-314.281,89.8605,-64.5149,88.4157,4.80637,-4.49785,-97.7293,-84.3742,-60.2123,
4.625,-266.647,-182.233,110.948,-45.0884,321.384,-21.9819,-120.408,-63.6169,-340.707,-313.708,31.5629,-64.8421,185.207,3.01616,-6.9672,-95.8715,-94.9285,-62.02,
4.63,-267.88,-183.603,112.071,-44.4811,321.643,-24.6168,-87.3784,-66.624,-292.248,-313.037,55.3958,-67.1433,88.0201,4.48606,-7.24778,-97.1205,-85.33,-62.0438,
4.635,-269.065,-184.013,113.191,-45.4598,321.817,-24.6443,-120.945,-67.2163,-339.067,-313.979,28.9047,-67.8229,183.738,3.39809,-7.37072,-96.7596,-95.5971,-63.4565,
4.64,-270.191,-183.152,114.282,-46.7287,321.9,-25.0086,-88.1828,-68.6127,-293.128,-313.345,54.0831,-68.8976,87.9438,1.37015,-7.41639,-95.9298,-86.1137,-64.6179,
4.645,-271.245,-182.398,115.365,-46.3165,321.875,-26.7128,-121.833,-69.135,-340.666,-317.339,29.5299,-70.1122,183.609,3.1172,-7.49006,-96.0864,-96.2736,-65.4309,
4.65,-272.215,-182.652,116.398,-46.2119,321.735,-27.8507,-88.9862,-69.7068,-294.749,-316.833,53.8804,-71.2757,87.876,2.71649,-7.63312,-96.3358,-86.8919,-65.592,
4.655,-273.09,-182.962,117.396,-45.0627,321.469,-31.9712,-122.279,-70.8411,-342.058,-318.031,30.4468,-72.6337,182.936,2.5664,-7.79352,-95.7298,-96.8504,-66.8794,
4.66,-273.858,-185.423,118.338,-47.0896,321.069,-28.884,-89.8006,-70.3142,-296.257,-320.018,53.7039,-75.7179,87.7328,2.71279,-7.97176,-94.3347,-87.5932,-67.8185,
4.665,-274.503,-184.342,119.223,-47.4347,320.519,-30.6811,-111.659,-71.6987,-333.717,-320.357,35.9292,-76.1627,162.576,2.4538,-8.16924,-96.2895,-92.9925,-66.6279,
4.67,-275.016,-184.426,120.039,-47.9198,319.814,-31.8129,-90.809,-72.1751,-297.592,-322.739,53.4919,-77.5412,87.4543,2.52089,-8.38689,-94.0182,-85.3559,-68.4106,
4.675,-285.009,-185.395,131.201,-48.6488,318.938,-32.0057,-106.343,-73.1805,-332.026,-323.822,37.7828,-79.1401,156.056,2.76928,-8.6252,-92.9009,-91.0903,-69.0359,
4.68,-277.129,-184.804,123.056,-49.1402,317.881,-32.8009,-91.857,-73.4272,-298.712,-323.17,53.1958,-80.5188,87.006,2.60675,-8.88511,-92.4135,-84.5519,-68.8699,
4.685,-276.238,-183.376,122.628,-49.609,316.692,-34.9006,-113.433,-75.3634,-348.994,-325.014,30.2505,-81.829,189.068,1.13531,-9.4621,-92.735,-94.2539,-69.3233,
4.69,-284.82,-186.078,132.449,-50.2593,315.078,-33.3272,-106.387,-74.3083,-384.081,-320.346,169.625,-83.6517,87.8552,3.65235,3.73203,-93.1155,-88.9194,-67.8987,
4.695,-301.874,-185.144,150.604,-51.4112,314.223,-33.0461,-115.422,-73.7514,-362.097,-320.287,42.2719,-84.6678,193.806,0.0792551,-9.2739,-89.9686,-98.6559,-70.3094,
4.7,-297.813,-184.531,147.206,-52.2478,312.283,-34.7244,-104.395,-74.3392,-330.741,-325.538,92.9006,-86.1357,85.9639,-0.650499,-6.13618,-90.0861,-89.5752,-70.5416,
4.705,-298.484,-186.108,148.174,-53.0652,309.739,-34.5105,-116.851,-74.4916,-374.499,-322.623,57.7258,-88.0815,192.236,-0.903049,-7.9204,-90.5378,-100.111,-69.5531,
4.71,-334.553,-185.259,185.996,-54.1839,308.81,-35.188,-105.448,-74.5105,-322.751,-324.114,81.1168,-89.5952,84.5384,-0.958133,-8.19375,-90.1468,-91.0347,-70.7389,
4.715,-326.308,-184.087,177.939,-54.7681,306.23,-37.3462,-118.313,-75.342,-375.299,-325.283,58.518,-90.9106,191.111,-1.45769,-8.78776,-90.8219,-101.41,-71.1556,
4.72,-326.495,-186.765,178.943,-54.8063,304.012,-35.3513,-106.426,-75.8508,-321.538,-326.185,78.1591,-92.4298,83.1778,-2.56216,-9.2894,-91.4284,-92.3313,-71.6298,
4.725,-325.938,-184.764,179.229,-56.4049,301.689,-33.8692,-119.652,-77.0455,-374.948,-327.637,57.3261,-92.9461,189.911,-5.96786,-9.76757,-89.3823,-102.606,-73.7219,
4.73,-325.08,-184.159,179.228,-56.0428,299.317,-38.3274,-107.382,-78.0646,-321.129,-327.45,76.4832,-94.0803,81.7631,-4.33341,-10.2464,-89.5687,-93.579,-74.9537,
4.735,-274.387,-185.603,129.361,-56.2192,296.189,-38.5807,-120.873,-78.3702,-374.741,-324.459,56.4154,-94.8407,188.678,-4.79645,-10.7367,-90.5082,-103.754,-75.6307,
4.74,-270.39,-183.32,126.581,-56.5363,294.166,-42.007,-107.328,-79.9224,-303.327,-325.108,52.391,-96.0072,80.0473,-5.25534,-13.2817,-90.1015,-94.6237,-77.6604,
4.745,-267.938,-180.597,124.93,-56.8155,292.017,-44.1438,-121.786,-80.363,-366.361,-326.114,46.4541,-97.5178,185.131,-5.35572,-12.8524,-91.0799,-104.635,-78.0615,
4.75,-266.448,-182.801,124.341,-57.3996,289.84,-44.248,-101.973,-81.2471,-302.636,-326.961,50.6181,-99.2013,78.7167,-6.27676,-14.3505,-90.4431,-93.3285,-79.6155,
4.755,-265.543,-182.923,124.227,-57.8807,287.938,-45.0769,-115.017,-81.5764,-334.886,-327.983,37.552,-101.21,144.716,-6.12215,-15.0356,-91.3061,-98.8033,-79.998,
4.76,-264.785,-181.564,124.165,-58.2139,286.231,-46.6167,-99.1606,-82.9547,-300.888,-329.38,47.2984,-101.975,77.663,-7.5031,-15.6641,-91.3635,-92.4094,-81.9962,
4.765,-264.744,-181.215,125.369,-58.2347,283.957,-47.8953,-119.545,-83.0528,-357.633,-331.542,44.2211,-103.96,170.644,-8.20031,-15.3338,-92.5138,-101.076,-82.574,
4.77,-347.661,-181.207,205.371,-58.4144,285.068,-49.2276,-109.254,-84.5893,-321.753,-330.952,73.2226,-105.249,77.2925,-6.95549,-14.1008,-94.279,-95.6113,-82.0347,
4.775,-271.089,-178.421,131.019,-58.8414,281.529,-50.7191,-121.897,-84.9524,-373.109,-331.208,54.8791,-106.105,181.688,-8.16085,-14.9003,-92.7729,-105.143,-84.5056,
4.78,-290.652,-181.199,152,-58.9687,282.574,-53.2794,-109.959,-88.901,-303.337,-334.23,48.5168,-107.814,76.6666,-9.31788,-17.4737,-92.2115,-96.7199,-86.4489,
4.785,-280.818,-178.052,141.756,-58.7481,281.411,-53.551,-121.843,-87.2959,-350.349,-333.144,31.4941,-108.047,173.273,-10.0141,-18.2226,-92.32,-105.865,-87.2647,
4.79,-282.996,-182.068,144.108,-60.4447,281.544,-52.1926,-114.792,-89.2039,-298.132,-334.87,41.7091,-109.235,76.2317,-11.3269,-19.5277,-92.5486,-98.026,-88.4104,
4.795,-282.743,-179.788,143.562,-61.1081,281.623,-55.1553,-124.541,-89.4047,-399.02,-336.15,79.78,-110.734,191.447,-10.9877,-13.6665,-91.6619,-108.052,-90.0374,
4.8,-283.331,-180.54,143.733,-62.1476,282.028,-55.157,-104.925,-89.7468,-306.823,-335.68,50.0768,-111.647,77.6662,-11.5326,-19.2647,-92.0714,-96.5259,-90.1337,
4.805,-284.341,-177.864,144.19,-62.8206,282.713,-58.2234,-116.782,-90.968,-336.832,-336.772,36.6917,-112.334,143.179,-12.6479,-20.1913,-91.923,-101.688,-90.9423,
4.81,-285.64,-180.793,144.79,-64.5533,283.666,-57.5143,-101.014,-91.532,-304.604,-340.736,45.2899,-113.495,78.8696,-13.2085,-20.7131,-92.8144,-96.5465,-91.5528,
4.815,-287.17,-182.958,145.489,-65.7171,284.861,-58.3836,-131.257,-92.4805,-353.719,-338.891,32.1347,-115.362,176.481,-14.1797,-21.1449,-91.0857,-106.322,-92.301,
4.82,-288.471,-187.015,145.552,-68.0189,285.576,-57.4211,-101.454,-93.6764,-306.284,-339.8,45.5468,-117.153,80.5463,-14.0571,-21.5496,-91.9541,-98.295,-92.0382,
4.825,-303.253,-185.529,159.084,-68.8829,288.141,-59.3339,-133.189,-93.6563,-355.585,-346.216,32.9305,-119.024,178.43,-14.8788,-21.9298,-91.8345,-107.14,-93.7214,
4.83,-279.26,-188.573,134.667,-70.0285,289.353,-60.7351,-101.525,-96.417,-308.181,-346.439,45.9431,-120.022,82.5429,-14.6592,-22.2833,-92.131,-98.9679,-93.4226,
4.835,-278.447,-188.761,132.71,-70.9863,291.239,-61.7873,-133.534,-95.4934,-357.557,-346.903,33.7972,-121.744,180.531,-14.906,-22.6082,-91.6875,-107.557,-94.8163,
4.84,-279.917,-190.011,132.861,-72.382,293.225,-62.007,-101.466,-97.2186,-310.19,-349.841,46.3675,-122.913,84.7559,-12.1591,-22.9033,-92.3704,-99.2446,-94.6878,
4.845,-291.765,-190.999,143.233,-73.7365,295.314,-62.7991,-133.717,-98.262,-359.733,-352.989,34.6178,-124.866,183.046,-15.444,-23.1664,-91.8131,-107.691,-96.4489,
4.85,-305.055,-193.291,154.282,-74.8814,297.869,-61.7428,-101.288,-99.157,-312.22,-356.509,46.7411,-127.011,87.0706,-14.5337,-23.3962,-91.0132,-99.2816,-98.0197,
4.855,-306.356,-193.636,154.23,-76.288,300.035,-66.2405,-133.702,-102.59,-361.982,-358.392,35.3283,-127.989,185.787,-14.1868,-23.5913,-91.2749,-107.64,-98.508,
4.86,-291.809,-196.151,138.778,-77.8339,301.961,-63.7137,-100.996,-101.313,-314.203,-363.793,47.0185,-129.572,89.3962,-15.5509,-23.7498,-90.3203,-99.149,-101.03,
4.865,-292.625,-197.644,138.109,-79.1838,304.205,-65.4882,-113.221,-103.966,-330.475,-366.279,43.6144,-130.059,121.171,-15.9908,-23.8714,-91.4301,-98.7595,-101.797,
4.87,-291.824,-199.783,136.3,-80.322,305.45,-63.7721,-101.237,-105.285,-320.73,-369.555,46.308,-130.954,101.102,-14.3268,-23.9671,-90.2691,-95.6012,-103.815,
4.875,-337.044,-201.699,176.4,-81.289,309.588,-65.9876,-99.7403,-105.368,-316.979,-374.633,47.22,-131.823,92.7838,-16.3282,-23.9974,-89.3905,-93.9856,-106.76,
4.88,-303.224,-203.318,143.681,-82.5098,310.798,-64.4641,-113.759,-106.411,-349.378,-378.672,40.3943,-132.136,156.934,-17.7197,-23.9996,-89.7229,-98.7394,-108.505,
4.885,-302.5,-205.044,141.584,-83.8314,312.928,-67.8798,-99.2799,-108.95,-318.669,-380.062,47.21,-131.629,94.9369,-17.3679,-23.9611,-90.2787,-91.8848,-109.743,
4.89,-304.516,-207.109,141.374,-84.9429,314.736,-68.699,-113.061,-110.241,-351.523,-382.912,40.4826,-131.176,160.118,-16.8166,-23.8816,-89.5766,-96.4719,-111.966,
4.895,-307.052,-209.288,141.602,-86.4305,316.53,-69.13,-98.5501,-111.018,-317.431,-386.338,45.739,-131.419,96.434,-17.757,-24.1464,-88.1813,-89.6839,-114.152,
4.9,-309.599,-212.274,141.834,-87.6441,318.358,-69.994,-141.37,-112.119,-458.568,-389.13,128.344,-131.163,227.783,-19.1703,-10.7837,-86.637,-123.607,-116.104,
4.905,-312.136,-217.544,141.947,-89.2954,320.203,-70.4834,-98.3108,-114.651,-340.494,-392.774,69.3891,-132.363,98.762,-18.08,-23.1201,-87.5719,-88.6351,-115.636,
4.91,-314.661,-215.557,142.114,-90.8464,322.081,-71.0321,-143.787,-115.016,-454.021,-395.884,116.104,-132.316,239.238,-17.8731,-9.92004,-87.4798,-128.455,-115.934,
4.915,-327.036,-218.915,151.509,-92.4113,323.924,-71.1483,-97.6119,-115.521,-347.218,-401.137,76.8406,-133.519,100.736,-18.8281,-22.0797,-85.2396,-88.2003,-118.308,
4.92,-342.019,-221.031,162.685,-93.9765,326.308,-71.8358,-143.753,-116.878,-454.161,-404.06,109.128,-133.947,246.564,-16.9584,-9.40092,-86.0161,-127.874,-117.224,
4.925,-343.051,-222.703,161.538,-95.1653,328.247,-72.7048,-96.7416,-117.6,-359.06,-406.258,95.3002,-133.92,102.795,-16.9538,-21.0321,-85.3758,-88.0496,-117.593,
4.93,-345.904,-226.725,161.86,-96.9323,330.32,-72.775,-142.884,-118.748,-451.719,-408.149,98.673,-134.185,252.433,-16.8763,-8.76196,-85.0625,-128.01,-117.829,
4.935,-348.459,-226.851,161.945,-97.7012,332.422,-73.2898,-95.7517,-118.963,-363.407,-412.591,99.5659,-134.191,104.299,-16.1082,-19.2113,-83.9721,-87.9898,-118.593,
4.94,-350.959,-229.532,161.98,-99.5499,334.621,-73.4797,-142.056,-120.542,-453.529,-414.612,97.9076,-134.682,257.805,-16.6913,-8.8873,-82.6362,-128.295,-118.921,
4.945,-334.635,-231.823,145.096,-100.221,336.53,-72.2826,-94.6619,-120.653,-371.021,-416.609,105.51,-134.331,105.607,-15.9071,-13.845,-82.5386,-87.9004,-118.353,
4.95,-335.346,-232.52,143.67,-100.957,338.866,-72.8015,-129.803,-120.932,-398.787,-419.213,41.3508,-134.601,244.377,-14.1314,-18.6653,-80.2709,-120.052,-119.343,
4.955,-337.194,-233.748,143.24,-101.761,341.221,-72.656,-93.1833,-121.364,-354.893,-421.305,81.0873,-134.128,106.944,-14.8795,-15.7843,-80.6143,-87.6354,-119.553,
4.96,-339.537,-234.246,143.33,-102.097,343.646,-73.4128,-115.081,-121.543,-383.481,-422.984,46.4645,-134.185,206.949,-13.5007,-17.9195,-83.5918,-101.433,-116.302,
4.965,-341.882,-236.512,143.444,-103.128,346.119,-73.0062,-92.4056,-122.525,-332.562,-425.652,52.1491,-132.806,107.976,-13.54,-17.5878,-78.8247,-87.7582,-119.701,
4.97,-344.177,-236.589,143.54,-103.589,348.634,-72.8585,-107.077,-122.505,-369.059,-427.223,45.8943,-131.926,182.363,-14.0283,-16.9028,-78.199,-92.7266,-119.848,
4.975,-344.472,-236.979,141.966,-103.989,350.326,-73.2799,-89.9505,-123.877,-342.58,-429.877,63.2005,-130.444,109.567,-14.101,-15.2182,-76.0623,-85.7796,-121.765,
4.98,-423.992,-239.145,206.943,-103.773,354.804,-72.8866,-123.106,-123.591,-403.454,-430.059,63.673,-128.871,218.819,-13.8755,-13.2165,-76.0072,-113.607,-122.34,
4.985,-370.923,-242.592,160.646,-104.319,355.27,-72.6323,-88.8721,-126.682,-350.743,-432.959,72.3737,-126.697,111.239,-12.9532,-12.4303,-74.8977,-84.3592,-123.587,
4.99,-412.713,-242.853,194.467,-103.826,359.521,-68.1203,-99.6006,-123.509,-360.245,-432.726,51.6396,-124.182,159.122,-13.9012,-13.2846,-73.4769,-93.223,-124.91,
4.995,-390.193,-241.379,174.956,-103.632,361.149,-71.8285,-88.1243,-126.198,-343.826,-433.216,52.7134,-122.576,127.835,-12.9785,-12.5635,-73.2432,-83.5861,-124.487,
5,-409.987,-241.623,187.784,-103.333,363.854,-72.0993,-85.6972,-127.185,-330.647,-436.365,48.3147,-120.765,112.668,-13.3498,-12.4698,-71.6114,-81.3875,-126.081,
5.005,-394.382,-244.072,176.126,-102.791,366.02,-70.5675,-126.245,-126.828,-413.091,-433.554,93.9927,-119.104,195.154,-11.7392,-5.52742,-70.8959,-113.275,-125.365,
5.01,-412.684,-241.375,187.474,-101.966,368.536,-71.1351,-86.2125,-127.722,-346.707,-434.974,57.1341,-117.114,127.096,-10.757,-9.16699,-70.3976,-84.6286,-125.033,
5.015,-397.23,-244.428,176.168,-101.527,370.66,-69.345,-99.7591,-127.136,-363.799,-432.992,50.171,-115.22,168.663,-11.2232,-8.55913,-67.1102,-85.3007,-126.661,
5.02,-415.228,-245.416,187.465,-101.017,373.107,-69.2859,-82.8956,-127.626,-348.149,-434.92,63.4008,-113.941,119.71,-9.24584,-6.82069,-67.8711,-77.1076,-125.253,
5.025,-399.74,-246.236,176.368,-100.783,375.1,-68.3617,-117.485,-128.677,-402.713,-435.621,75.8402,-112.732,203.427,-8.33284,-3.3229,-66.6043,-106.64,-124.628,
5.03,-387.491,-247.047,163.637,-100.779,377.025,-67.4322,-81.5232,-128.577,-360.319,-434.92,78.0574,-111.263,121.014,-6.61481,-2.786,-67.9946,-75.1212,-121.517,
5.035,-386.778,-245.875,163.752,-99.2421,379.54,-67.6479,-114.86,-127.838,-380.346,-435.294,49.69,-109.721,201.506,-6.35101,-3.93017,-63.6388,-104.826,-123.543,
5.04,-370.143,-243.783,148.786,-97.9954,381.411,-66.508,-79.9108,-127.768,-343.214,-434.995,53.7413,-107.401,126.446,-6.1398,-3.06321,-63.8065,-73.3843,-121.493,
5.045,-368.599,-244.417,146.855,-97.5945,383.449,-66.4998,-113.088,-127.344,-377.032,-434.01,46.7807,-104.957,200.449,-9.24748,-2.04399,-62.2086,-101.585,-120.447,
5.05,-368.848,-244.358,146.556,-96.0019,385.482,-65.3061,-78.2222,-127.096,-343.563,-430.911,52.4758,-103.5,129.546,-5.04853,-0.945732,-62.2176,-71.8136,-117.549,
5.055,-377.545,-241.966,153.772,-95.001,387.501,-63.6693,-111.383,-125.116,-376.295,-430.312,46.3431,-101.789,200.838,-3.86444,0.15349,-60.7923,-100.265,-115.963,
5.06,-384.12,-242.869,158.956,-93.7394,389.699,-63.521,-76.4936,-125.756,-344.445,-430.855,51.9811,-99.8111,132.731,-4.06365,1.23967,-60.0468,-70.3612,-113.93,
5.065,-384.288,-242.898,158.792,-92.8242,391.688,-62.2113,-109.15,-124.367,-375.26,-430.219,46.5736,-99.1689,200.736,-0.587999,2.31552,-60.4078,-98.3172,-110.424,
5.07,-372.159,-241.43,147.934,-90.8997,393.523,-61.1479,-74.7334,-122.884,-345.418,-427.882,52.0105,-96.9511,136.384,-1.84855,3.37876,-58.8366,-68.9872,-108.585,
5.075,-371.066,-240.147,146.778,-89.5368,395.535,-60.4857,-95.4723,-121.874,-367.515,-426.383,47.3558,-96.6531,186.106,-0.90226,4.42573,-58.0174,-82.7983,-106.19,
5.08,-367.329,-240.098,142.539,-88.2028,396.21,-59.4051,-73.2178,-121.269,-350.387,-427.821,50.4736,-95.8735,149.27,0.987625,5.45335,-57.1885,-68.4134,-104.001,
5.085,-405.024,-237.535,173.793,-86.1845,399.385,-58.2096,-87.2728,-121.683,-362.82,-426.171,47.5377,-94.8311,178.156,2.22587,6.45849,-58.685,-73.6187,-101.95,
5.09,-374.689,-237.465,146.447,-84.3072,400.249,-56.1716,-71.4012,-120.934,-356.25,-428.77,48.5341,-93.3687,164.673,3.16254,7.43776,-55.9573,-66.0714,-104.461,
5.095,-372.244,-240.931,143.237,-82.5356,401.754,-52.7508,-93.0972,-119.674,-360.777,-425.462,48.159,-92.743,176.288,5.26948,8.18196,-55.2919,-75.5056,-104.296,
5.1,-379.883,-236.258,148.936,-81.0438,403.043,-53.485,-83.9743,-119.908,-449.023,-423.725,160.649,-90.5551,185.097,5.07368,22.1732,-56.2576,-93.1448,-102.425,
5.105,-393.046,-238.963,159.218,-79.3601,404.911,-51.151,-92.0438,-118.469,-370.159,-422.83,54.8793,-89.425,184.238,7.38016,10.6415,-55.4666,-73.5253,-102.401,
5.11,-390.675,-236.983,156.106,-78.8236,406.141,-49.5825,-79.16,-119.071,-394.378,-422.381,84.3424,-87.8604,188.678,5.98284,15.0445,-52.9217,-86.6661,-105.12,
5.115,-388.631,-238.636,153.243,-77.7841,407.408,-48.6361,-90.2634,-119.332,-381.057,-423.31,64.2041,-86.3772,189.875,6.22403,14.2445,-54.8443,-72.4062,-103.929,
5.12,-387.755,-239.093,151.442,-76.3258,408.586,-45.5853,-77.4507,-118.458,-383.971,-418.664,68.9104,-85.6831,191.245,11.0709,15.0886,-52.6369,-85.3817,-105.422,
5.125,-387.079,-237.958,149.841,-75.4148,409.658,-43.0448,-88.4686,-117.434,-382.447,-416.805,66.4149,-85.678,192.043,14.4802,15.5328,-56.5194,-71.4296,-101.892,
5.13,-386.427,-240.524,148.298,-73.9089,410.602,-39.6218,-75.7116,-117.207,-381.738,-420.186,65.272,-84.155,192.707,15.4607,16.0602,-53.6919,-84.4973,-104.322,
5.135,-385.677,-236.687,146.715,-72.472,411.397,-38.7809,-86.5505,-116.109,-381.136,-418.117,64.4247,-83.4991,193.147,17.7842,16.594,-54.1938,-70.5229,-103.437,
5.14,-384.796,-237.918,145.147,-71.3794,412.022,-35.207,-73.9329,-114.802,-380.54,-415.255,63.6497,-83.0165,193.475,17.5047,17.1069,-53.8551,-83.6623,-103.277,
5.145,-369.398,-236.986,130.277,-70.1254,412.306,-33.1889,-84.5464,-114.203,-379.892,-413.512,62.8683,-82.4343,193.667,19.5723,17.5913,-54.1384,-69.6103,-102.403,
5.15,-366.743,-235.449,127.055,-69.023,412.591,-30.4848,-71.1446,-112.931,-363.159,-413.2,41.9693,-82.5621,193.201,21.6067,16.0577,-52.9194,-80.7696,-102.352,
5.155,-364.943,-233.424,124.655,-67.5327,412.67,-29.1781,-82.2381,-110.856,-370.848,-409.765,51.252,-81.5326,193.13,23.4823,17.3859,-53.5625,-68.6311,-101.048,
5.16,-363.412,-234.497,122.571,-66.5653,412.592,-26.1877,-62.751,-110.117,-358.974,-402.853,40.7799,-81.0936,187.2,23.2606,16.7623,-54.3141,-66.6284,-98.2079,
5.165,-361.785,-235.232,120.462,-65.4739,412.358,-23.5206,-72.7527,-107.829,-357.316,-407.933,37.6005,-79.4158,188.483,24.4905,16.8659,-51.9082,-65.1056,-100.109,
5.17,-360.039,-233.367,118.314,-64.7613,411.975,-22.2796,-57.1273,-107.692,-355.066,-406.219,35.5608,-78.9544,186.923,26.2921,16.8448,-53.3065,-57.5073,-97.5914,
5.175,-359.256,-234.099,117.708,-64.1972,410.746,-18.6083,-76.5612,-103.018,-359.439,-403.797,47.0062,-79.6014,177.409,26.7812,17.3022,-52.3556,-65.5016,-96.6455,
5.18,-432.813,-233.498,185.592,-63.3517,411.781,-17.4566,-65.9966,-102.025,-376.842,-405.042,60.7346,-79.5316,192.421,28.3866,18.7656,-51.2612,-76.9996,-96.6772,
5.185,-361.902,-234.167,119.094,-62.2252,409.187,-14.6227,-76.8597,-100.781,-373.54,-402.746,55.4944,-79.4437,192.209,29.4136,18.0876,-51.1195,-64.528,-95.7282,
5.19,-376.692,-234.232,133.511,-61.0591,409.769,-13.1415,-63.4243,-98.9399,-356.099,-399.633,33.0429,-80.7049,191.982,31.7921,15.7356,-51.6119,-75.6961,-93.6601,
5.195,-366.134,-230.912,123.39,-60.3842,408.365,-13.3141,-73.9189,-100.034,-353.695,-403.145,29.4834,-80.4287,192.226,34.6487,15.2131,-51.9132,-62.6185,-93.0547,
5.2,-364.735,-233.686,121.523,-60.4802,407.677,-8.17694,-65.2708,-97.2467,-347.139,-397.876,21.6622,-81.3158,189.959,33.7855,14.1151,-52.5318,-81.9609,-91.1766,
5.205,-362.016,-233.145,118.904,-59.4991,406.751,-7.54897,-73.3114,-95.2534,-406.058,-401.363,102.413,-82.4874,193.548,35.9135,20.6129,-50.563,-61.6795,-91.7758,
5.21,-359.824,-233.108,116.773,-58.5321,405.909,-6.37919,-53.3225,-95.3633,-354.518,-396.629,33.1581,-82.9708,189.067,36.3008,14.286,-51.4888,-59.8323,-89.8948,
5.215,-357.839,-230.45,114.826,-57.5,405.156,-5.44799,-63.27,-93.6824,-350.003,-398.328,25.2834,-83.3663,191.173,36.9843,13.1235,-51.1549,-58.7833,-89.3133,
5.22,-355.991,-232.345,112.958,-55.968,404.536,-3.46064,-47.119,-90.6548,-345.86,-394.681,24.8881,-85.7424,184.362,39.5996,12.3908,-51.3176,-50.7125,-87.6913,
5.225,-354.217,-232.022,111.152,-55.6413,403.99,-2.06804,-77.8014,-92.5925,-348.925,-393.615,21.5773,-86.7924,194.1,41.5344,11.8722,-50.4792,-76.9741,-87.562,
5.23,-353.207,-229.681,110.092,-54.9197,403.549,-1.63759,-45.9142,-92.5091,-348.38,-397.663,20.5626,-86.5083,194.986,41.7078,11.344,-50.6535,-49.3978,-86.8128,
5.235,-352.551,-230.804,109.376,-54.73,403.209,1.67652,-77.4091,-91.3132,-347.781,-392.943,19.6298,-87.4507,195.75,43.2133,10.8651,-51.0186,-77.3889,-85.7804,
5.24,-335.663,-230.753,91.5449,-54.1109,402.827,3.16646,-44.1625,-90.6843,-347.22,-393.867,18.7459,-87.2424,196.655,43.4708,10.4355,-50.4474,-48.0163,-85.6948,
5.245,-332.598,-230.238,87.9818,-53.6016,402.746,4.76521,-75.6524,-89.9673,-346.696,-390.686,17.8907,-88.269,197.711,45.2367,10.0553,-51.023,-75.7911,-84.0755,
5.25,-330.67,-229.941,85.4882,-52.5127,402.704,6.18293,-42.4432,-89.1915,-346.202,-380.627,17.0651,-89.9682,198.898,46.4059,9.72515,-53.304,-46.7973,-81.0983,
5.255,-337.946,-227.721,92.8759,-53.1238,402.656,7.25937,-73.8625,-87.515,-345.74,-384.812,16.2502,-89.307,200.218,47.4823,9.44434,-51.3622,-74.2863,-82.3773,
5.26,-347.377,-230.274,102.588,-53.1091,403.064,11.0421,-40.737,-86.4033,-345.298,-382.002,15.463,-89.6791,201.645,47.425,9.21365,-51.8829,-45.6792,-81.199,
5.265,-344.856,-229.832,99.1824,-53.2019,403.202,12.543,-72.0847,-86.0146,-344.918,-383.4,14.6766,-88.6834,203.178,47.6049,9.02964,-51.5878,-72.8995,-80.7799,
5.27,-328.015,-230.358,79.8923,-52.2242,403.289,14.433,-39.0441,-84.392,-344.569,-379.537,13.887,-91.1621,204.787,50.1448,8.87539,-51.9613,-44.6535,-79.308,
5.275,-324.99,-231.106,76.2215,-53.3952,403.054,16.7654,-46.6486,-83.673,-339.708,-381.025,17.1177,-91.3856,192.133,50.628,8.74557,-50.6046,-53.1513,-79.0067,
5.28,-320.798,-230.247,71.0578,-54.0089,402.066,19.3546,-38.6653,-81.4585,-341.196,-382.703,14.7562,-91.3756,199.575,51.8742,8.63994,-49.7452,-46.4509,-78.6666,
5.285,-367.044,-233.29,122.221,-52.0786,404.135,19.2555,-36.1395,-82.2474,-337.976,-381.525,16.7419,-91.526,191.983,52.0698,8.55817,-48.7778,-44.5129,-78.1237,
5.29,-325.277,-233.127,73.542,-53.3139,403.663,22.0517,-50.6886,-82.1782,-344.838,-380.423,8.93165,-92.3856,217.023,53.5878,8.49983,-48.0706,-49.0553,-77.4323,
5.295,-321.144,-233.585,67.6663,-53.5295,403.858,24.1636,-35.5767,-80.8421,-338.984,-379.937,13.5479,-93.174,200.87,55.4482,8.46264,-49.4824,-42.712,-74.5114,
5.3,-319.6,-233.563,64.7117,-54.1081,403.9,26.0397,-48.2891,-80.0782,-342.36,-382.206,8.77882,-93.4311,214.873,55.1479,8.44666,-46.2022,-46.9497,-75.86,
5.305,-318.756,-233.759,62.216,-54.5559,404.204,28.0525,-32.3315,-79.2287,-336.767,-384.542,8.15442,-93.4231,204.734,56.0683,7.87693,-45.4478,-38.1958,-75.259,
5.31,-317.965,-233.446,59.6427,-55.5194,404.543,30.5938,-71.2937,-78.0671,-505.214,-378.873,262.101,-96.417,223.473,59.3045,24.4169,-45.1843,-75.4899,-73.9255,
5.315,-316.987,-234.927,57.2769,-54.6953,404.532,31.7509,-30.5433,-78.4728,-359.242,-381.544,22.7181,-98.098,219.564,62.0912,8.45691,-44.3079,-35.6308,-73.1964,
5.32,-315.878,-234.351,54.7749,-55.2883,404.309,32.9755,-73.2937,-76.8345,-493.002,-377.805,263.164,-97.0439,225.016,61.0456,25.4635,-43.7854,-78.2459,-72.1746,
5.325,-314.613,-234.42,52.3046,-55.8207,403.828,35.1887,-28.6656,-75.7685,-378.581,-374.762,49.3138,-96.9142,222.83,60.7159,9.08001,-42.8983,-34.2345,-71.331,
5.33,-313.229,-234.079,49.8347,-56.2943,403.139,37.803,-72.4431,-74.3663,-489.175,-374.703,261.092,-97.6984,227.902,61.8941,25.5171,-43.4253,-75.7849,-70.0948,
5.335,-311.706,-236.025,47.3825,-55.8116,402.208,38.2723,-27.1237,-73.6422,-380.688,-376.856,52.3019,-98.2922,225.302,63.7477,9.30037,-41.8919,-34.0595,-69.242,
5.34,-310.066,-237.589,44.9422,-56.1768,401.07,40.6999,-71.3016,-72.2272,-492.229,-376.662,269.077,-98.8657,230.337,64.6705,25.7829,-40.9043,-75.2252,-68.8802,
5.345,-308.296,-237.72,42.5213,-53.9823,399.7,39.941,-25.7718,-71.065,-382.225,-374.173,54.2881,-99.2197,227.496,65.2863,9.54246,-41.1996,-34.4254,-67.3886,
5.35,-306.418,-237.942,40.1104,-57.1025,398.134,43.9643,-70.1652,-70.5932,-493.918,-375.773,274.534,-98.8387,232.502,66.0079,25.9906,-39.7808,-74.9836,-67.6005,
5.355,-304.448,-235.347,37.7784,-56.058,396.309,43.1578,-24.5675,-70.1974,-383.44,-371.426,55.9187,-99.6393,229.52,66.6825,9.68609,-41.2488,-35.0131,-65.3125,
5.36,-301.986,-236.161,35.8752,-55.497,393.651,44.5188,-60.0804,-69.1672,-364.213,-372.812,50.1055,-98.3999,230.467,65.9309,11.6337,-39.3289,-65.4423,-66.4966,
5.365,-299.72,-236.983,33.6995,-55.2976,391.322,46.5177,-24.7684,-67.7292,-371.96,-371.89,9.61253,-99.1619,230.859,67.1039,12.0239,-40.1005,-38.5775,-65.2198,
5.37,-297.163,-236.955,31.777,-54.7902,388.502,47.2914,-44.7101,-65.7985,-361.687,-373.755,-40.3224,-98.5618,251.259,67.1933,9.65797,-38.3406,-52.1969,-66.1376,
5.375,-294.634,-235.986,29.7663,-54.4235,385.73,47.5784,-25.6714,-65.9541,-354.344,-372.422,-38.4733,-99.0763,246.984,67.8581,9.32992,-39.4096,-42.7805,-65.6334,
5.38,-292.107,-234.811,27.7113,-55.05,382.968,48.5493,-38.6121,-65.5105,-348.932,-373.032,-27.0766,-99.3961,238.433,68.4257,9.26282,-38.5387,-48.4182,-65.0556,
5.385,-288.633,-236.379,24.3211,-53.6725,379.321,49.3016,-23.0658,-64.0257,-357.271,-368.803,-15.2178,-97.9908,237.662,67.9334,9.9894,-40.1212,-41.4266,-64.0139,
5.39,-398.734,-235.705,174.552,-54.2952,378.725,50.7886,-55.9955,-61.4735,-375.553,-366.954,18.8298,-99.1412,239.725,68.5932,11.7918,-40.8785,-62.4964,-63.3372,
5.395,-299.479,-231.09,41.9193,-53.5174,372.93,48.3418,-22.0403,-59.2345,-369.109,-366.476,6.59766,-99.3205,239.87,69.366,11.3866,-40.0792,-40.0411,-64.3133,
5.4,-378.487,-233.179,157.506,-54.0217,373.051,51.4499,-31.2946,-57.06,-346.677,-365.952,-17.0424,-96.7388,230.767,67.9027,9.49632,-41.001,-47.63,-64.4623,
5.405,-308.614,-233.108,55.8818,-52.1701,364.377,51.0722,-23.3026,-56.3397,-345.387,-360.662,-23.4308,-100.477,236.299,69.6109,9.2084,-42.3928,-43.8053,-63.0834,
5.41,-368.04,-230.997,153.139,-52.6517,366.307,51.3811,-19.3195,-55.3608,-331.613,-361.64,-25.3558,-99.7846,216.385,70.0666,7.73236,-42.3982,-37.4121,-63.0352,
5.415,-308.072,-232.209,49.5685,-54.1397,364.132,54.6259,-62.5211,-52.5616,-425.669,-359.398,90.572,-98.5013,256.653,69.2701,15.3969,-41.949,-63.4701,-63.5404,
5.42,-363.792,-231.784,153.848,-51.7258,360.218,52.6643,-21.4602,-53.7833,-347.376,-356.009,-15.8162,-100.884,233.742,70.6231,9.49263,-43.8142,-44.4097,-62.678,
5.425,-302.648,-229.771,50.1901,-50.5746,355.453,51.549,-34.2316,-53.2043,-344.57,-356.1,-31.8874,-99.9604,245.642,70.1879,8.76391,-44.1418,-46.9697,-62.9243,
5.43,-359.023,-228.512,154.378,-50.1357,354.172,51.6628,-18.8564,-52.6647,-348.976,-356.665,-22.113,-99.5146,240.868,70.5747,9.00289,-44.656,-38.8101,-62.1626,
5.435,-301.304,-229.113,47.8477,-49.4883,351.427,52.5922,-52.5038,-52.9485,-386.159,-356.622,39.1147,-98.7545,246.903,70.0188,12.4993,-44.0829,-57.5898,-62.7915,
5.44,-273.327,-226.633,30.8826,-48.6752,345.748,51.8211,-17.7298,-52.4866,-368.48,-353.741,3.84789,-100.302,246.898,71.1436,10.7785,-45.8715,-37.9588,-61.5023,
5.445,-291.802,-226.871,27.3595,-46.4279,358.917,51.4535,-69.5225,-53.3435,-368.661,-355.157,14.5754,-98.7404,242.521,70.3016,10.387,-45.5236,-47.3387,-61.3016,
5.45,-259.173,-225.124,10.2577,-48.1451,340.254,52.7383,-15.3759,-54.2057,-467.177,-355.888,176.67,-97.5763,247.224,70.1955,20.0661,-45.8504,-35.8849,-61.7901,
5.455,-267.52,-227.307,-12.5837,-45.3799,359.007,52.9016,-72.331,-55.1638,-422.17,-355.553,100.41,-97.4124,246.8,69.8384,14.9864,-45.7789,-47.6075,-62.2985,
5.46,-251.249,-224.592,2.47456,-44.898,335.396,51.5426,-14.2178,-55.5289,-428.008,-354.248,111.67,-96.6145,246.869,69.8193,15.8616,-46.0785,-35.3401,-62.742,
5.465,-269.564,-223.662,-4.35522,-46.2248,353.333,52.2182,-72.9279,-54.4031,-431.264,-354.951,120.241,-96.1862,247.044,69.7102,16.0635,-46.229,-47.9946,-62.8616,
5.47,-264.214,-224.18,26.7797,-43.4245,331.224,52.1456,-13.3013,-54.8638,-433.205,-352.155,126.379,-98.7083,247.19,71.5332,16.1181,-47.3186,-35.8175,-62.8007,
5.475,-266.229,-220.293,15.6262,-43.2219,337.751,50.2986,-53.5515,-55.673,-344.245,-357.509,-18.6645,-95.9744,242.213,70.2655,7.82125,-45.3157,-51.1313,-64.6173,
5.48,-244.633,-219.75,-0.844826,-42.0039,327.02,50.2443,-14.7916,-53.8751,-337.568,-354.892,-39.8137,-96.2787,249.078,70.5489,6.63738,-47.2329,-41.9659,-64.4154,
5.485,-243.159,-220.415,-8.23035,-41.2953,328.528,50.4113,-35.6269,-54.5709,-333.334,-349.097,-43.981,-97.4544,247.285,68.5278,6.09813,-47.7182,-50.2314,-64.2439,
5.49,-231.769,-218.682,-17.8689,-40.9067,321.877,49.6357,-16.5652,-54.8438,-330.727,-360.096,-48.4867,-95.3171,247.697,72.2614,5.67204,-47.5517,-43.0999,-65.6665,
5.495,-287.315,-220.595,68.0954,-41.2253,324.987,51.769,-30.4438,-50.736,-329.104,-353.557,-50.3407,-95.6832,247.497,70.089,5.34237,-47.8129,-50.0686,-65.7822,
5.5,-239.094,-220.295,-3.76338,-39.7927,319.732,51.2239,-15.8968,-51.0881,-327.62,-354.451,-51.8739,-94.2063,247.38,69.6854,5.03176,-48.4865,-42.8531,-66.1679,
5.505,-235.435,-219.068,-16.1441,-38.0003,321.456,49.8207,-37.7024,-50.5804,-324.482,-353.011,-53.1537,-94.384,243.852,69.5886,4.23902,-48.8289,-55.0906,-66.5441,
5.51,-236.47,-219.334,-5.22273,-34.6512,315.811,47.9944,-29.3004,-50.2304,-521.289,-348.96,306.618,-94.353,251.084,69.2083,21.1434,-50.4342,-41.0715,-66.5699,
5.515,-259.354,-218.051,32.399,-35.7151,315.89,49.1237,-36.7493,-49.8527,-336.925,-349.133,-34.5098,-93.7593,246.661,69.2547,4.73045,-51.0403,-53.3944,-67.1257,
5.52,-248.862,-220.057,15.9584,-29.8789,313.76,46.8953,-24.497,-52.434,-369.468,-346.678,23.3475,-95.4567,249.363,71.0033,8.44467,-52.3273,-41.8306,-67.0848,
5.525,-228.868,-216.96,-18.203,-31.8626,312.061,47.3477,-35.8554,-49.9135,-341.203,-351.524,-27.5935,-89.2632,247.443,66.72,6.16893,-50.706,-53.6304,-69.2338,
5.53,-225.43,-215.63,-23.7936,-30.0793,310.522,46.2801,-24.0704,-50.7487,-353.051,-352.013,1.45499,-89.0976,248.63,67.5473,6.16583,-51.7851,-42.0699,-69.2304,
5.535,-223.108,-216.163,-27.5282,-29.6067,308.895,46.3497,-35.3287,-51.6456,-343.875,-354.692,-18.3869,-86.5333,248.058,65.5074,5.67443,-49.03,-53.9063,-72.2935,
5.54,-221.526,-217.835,-29.9936,-26.1041,307.294,46.5211,-23.4445,-52.8346,-342.841,-350.41,-16.5033,-88.5902,248.099,66.7813,5.34206,-53.6487,-42.1039,-68.7141,
5.545,-220.032,-214.672,-32.3601,-26.5971,305.705,45.0932,-34.738,-52.793,-340.604,-356.482,-18.8964,-85.3445,248.09,66.1875,5.08256,-51.3519,-54.0739,-71.7161,
5.55,-218.543,-215.409,-34.7409,-25.07,304.114,45.2826,-22.7595,-53.7546,-338.539,-352.323,-20.8646,-85.0832,248.113,63.7019,4.86486,-53.7173,-42.0964,-71.0125,
5.555,-217.056,-217.773,-37.1605,-20.7489,302.522,44.9417,-34.1203,-57.4835,-336.53,-353.947,-22.693,-84.7873,248.165,65.8073,4.67721,-54.4659,-54.2195,-71.2498,
5.56,-215.546,-212.624,-39.5833,-22.3355,300.894,43.0845,-36.139,-58.1153,-329.323,-355.549,-27.6837,-83.3304,243.862,64.1499,3.81052,-50.6158,-39.0318,-76.435,
5.565,-214.365,-211.897,-42.5775,-22.3025,299.75,43.0177,-33.2503,-57.5799,-369.346,-356.448,46.3739,-83.7488,247.281,65.0838,7.95201,-52.9319,-54.3927,-75.359,
5.57,-212.725,-214.217,-44.8594,-19.3763,297.932,42.4976,-13.9061,-59.6994,-311.684,-356.046,-58.6646,-84.4451,246.679,65.6437,2.54095,-52.4271,-42.3621,-76.6508,
5.575,-211.103,-212.618,-47.2039,-16.6116,296.143,41.5039,-24.792,-61.3132,-303.832,-354.212,-73.3986,-84.0364,247.867,65.0896,1.82091,-52.8047,-50.8496,-77.5126,
5.58,-209.478,-212.917,-49.5592,-18.429,294.356,42.3298,-10.3062,-62.4472,-299.147,-354.184,-80.5163,-83.4642,247.75,65.1891,1.6254,-52.5204,-42.4552,-78.7012,
5.585,-206.846,-212.266,-53.4111,-17.1384,291.699,41.6164,-31.0588,-63.3241,-314.012,-357.665,-48.7199,-80.7204,246.054,64.3619,2.19674,-49.8527,-54.8235,-82.3264,
5.59,-336.362,-211.752,190.894,-16.5107,293.498,41.2528,-18.5811,-64.0179,-328.785,-348.386,-16.2655,-84.7766,249.498,64.4884,4.80469,-54.7557,-41.0667,-78.7628,
5.595,-213.007,-213.28,-40.9638,-13.3779,287.958,41.0039,-31.5564,-65.7191,-318.2,-348.933,-45.3842,-83.7385,248.775,64.8318,3.95845,-52.8633,-53.7992,-81.2804,
5.6,-236.768,-211.19,4.63076,-12.8775,289.542,39.5208,-17.8872,-67.0829,-295.81,-354.204,-79.3851,-76.8853,248.807,61.9405,1.91297,-50.0384,-41.1654,-84.508,
5.605,-217.949,-211.423,-32.202,-11.6034,286.029,39.4614,-29.5104,-67.6952,-291.108,-354.464,-86.7069,-73.8317,249.076,60.678,1.66386,-47.9413,-53.2712,-87.2637,
5.61,-223.135,-210.433,-20.6798,-11.8763,285.854,38.8067,-22.0262,-69.7811,-277.033,-348.75,-106.04,-74.6379,248.05,60.2579,0.18051,-49.6048,-40.3228,-86.4356,
5.615,-219.077,-210.741,-28.558,-10.8121,284.177,38.6857,-29.9721,-70.4747,-392.429,-349.614,116.763,-71.7487,249.953,59.2272,8.81971,-48.1943,-53.7695,-88.0828,
5.62,-217.396,-209.242,-31.7164,-9.24075,282.817,37.2189,-10.8869,-71.6381,-289.285,-348.619,-85.0312,-71.3162,248.924,59.3166,2.51623,-47.2745,-41.3691,-89.0219,
5.625,-216.052,-208.69,-34.4903,-7.54025,281.652,36.353,-21.5125,-72.7723,-283.514,-355.731,-97.696,-64.5769,249.773,57.4986,1.9918,-42.081,-50.0536,-93.4935,
5.63,-215.009,-209.498,-37.0623,-5.69502,280.719,35.8102,-5.92957,-73.8979,-280.808,-351.806,-100.75,-67.1956,249.35,57.9903,2.08077,-42.7681,-41.2775,-91.8667,
5.635,-214.161,-209.668,-39.5576,-5.97411,279.974,35.3984,-30.8901,-74.6508,-279.576,-349.429,-104.277,-65.8132,250.583,57.1929,2.30656,-41.0994,-52.8014,-92.6328,
5.64,-197.644,-210.034,-74.4751,-5.60787,279.072,35.6886,-6.16361,-76.7892,-269.591,-350.029,-107.385,-63.387,251.092,56.275,-2.57325,-38.545,-39.9849,-93.6593,
5.645,-203.454,-209.305,-63.5531,-3.51756,278.473,34.1373,-28.8148,-79.2836,-374.516,-347.082,-96.7114,-62.4168,251.716,55.4277,75.2223,-36.4251,-52.6331,-94.1633,
5.65,-196.77,-209.88,-79.3745,-3.42828,278.342,34.1748,-5.61666,-79.6808,-293.574,-348.022,-110.697,-61.0073,251.383,55.087,16.7154,-33.7498,-39.6803,-94.4759,
5.655,-194.618,-208.192,-85.9073,-4.41412,278.235,34.119,-29.2091,-79.4053,-356.454,-345.381,-89.6357,-57.9971,253.505,53.1899,67.1684,-31.6192,-52.7475,-94.3041,
5.66,-193.407,-210.702,-90.6872,-3.08,278.213,34.506,-5.04618,-81.0818,-344.491,-343.066,-35.6195,-57.5289,253.318,52.736,36.9051,-29.2328,-39.0887,-94.592,
5.665,-199.223,-210.389,-80.5422,-1.24649,278.081,33.3045,-29.5877,-82.5039,-384.55,-341.704,-50.4413,-56.3483,254.342,52.6192,72.9567,-26.5731,-52.7887,-94.7338,
5.67,-218.937,-206.191,-41.3516,-2.60796,279.541,32.4655,-4.49995,-81.9635,-366.037,-338.991,-21.6998,-52.7719,254.449,50.4901,53.221,-23.8739,-38.6359,-95.1329,
5.675,-212.28,-206.36,-58.6325,-1.12907,279.307,31.8042,-28.8492,-82.156,-351.856,-334.823,-53.3866,-51.0627,254.097,48.6734,50.1042,-22.0093,-52.6083,-94.0279,
5.68,-195.878,-205.131,-96.9137,0.618929,279.536,30.5262,-4.25764,-82.6787,-340.366,-331.99,-70.2305,-49.321,254.135,47.3496,46.6441,-19.7217,-38.8432,-93.7728,
5.685,-194.168,-205.954,-104.093,1.91005,280.132,30.5486,-29.2223,-82.3896,-333.799,-328.275,-74.556,-49.2733,253.747,46.8183,42.6244,-17.7257,-52.9172,-93.3428,
5.69,-183.691,-205.215,-128.835,1.74643,278.897,30.0039,-3.82353,-83.8702,-334.385,-325.796,-59.1337,-46.3381,254.146,45.5669,39.4785,-16.4811,-38.7493,-93.0161,
5.695,-253.896,-204.425,18.8139,3.13065,283.476,29.1048,-28.7901,-84.0271,-330.176,-320.168,-60.9954,-45.9804,253.627,44.0757,36.3036,-17.1603,-52.8923,-89.9606,
5.7,-200.065,-202.203,-102.29,4.35791,282.264,27.9513,-3.32764,-83.9946,-337.647,-317.111,-28.402,-46.7218,253.916,43.7315,34.0305,-13.401,-38.4307,-91.3354,
5.705,-195.125,-202.165,-117.244,2.81319,282.621,28.4935,-28.5493,-83.5965,-330.085,-310.778,-35.6472,-45.5067,253.407,41.6835,30.6306,-12.8609,-52.8652,-89.8714,
5.71,-194.544,-201.786,-122.458,4.67365,283.175,27.8831,-2.90927,-83.1475,-324.394,-308.005,-37.5172,-45.3824,252.986,41.0324,27.4466,-10.9418,-38.3376,-89.0381,
5.715,-194.905,-200.592,-125.688,2.10017,283.678,27.7138,-28.2139,-84.7291,-319.096,-305.993,-40.3261,-42.232,252.524,39.2422,24.4653,-7.71677,-52.8565,-89.0123,
5.72,-194.982,-199.508,-129.455,-0.0849705,284.134,28.3796,-2.54965,-82.083,-315.199,-304.749,-41.7491,-39.0533,252.043,38.2563,22.0444,-4.6548,-38.2931,-88.5559,
5.725,-195.292,-198.579,-132.582,1.88061,284.425,26.4876,-27.1537,-83.0072,-295.415,-300.137,-80.6945,-37.8443,251.254,36.9165,19.4395,-2.77586,-52.7017,-87.7483,
5.73,-195.038,-197.312,-136.772,0.0752758,284.664,26.8152,-2.3963,-80.8376,-293.029,-297.893,-81.7314,-34.988,250.92,35.4564,18.5043,0.155692,-38.6178,-87.9952,
5.735,-203.513,-195.474,-120.731,-1.23213,284.193,27.0533,-27.5205,-79.7438,-292.224,-289.988,-81.9942,-37.1139,250.26,35.0469,18.0043,0.198252,-52.8874,-86.0204,
5.74,-217.307,-194.808,-83.4317,-1.60686,285.707,26.6183,-2.10559,-79.4961,-278.541,-285.485,-111.726,-33.8685,249.505,33.2087,16.3794,0.986076,-38.7128,-85.2641,
5.745,-258.344,-188.868,-87.6424,-6.03659,284.227,25.148,-26.3634,-76.5462,-275.011,-280.792,-119.276,-32.0845,249.115,32.249,16.2239,2.66026,-52.5768,-84.4347,
5.75,-239.882,-191.817,-73.5558,-2.12605,284.078,25.4183,-1.94128,-77.8491,-270.574,-274.466,-130.727,-33.2593,248.588,31.1933,16.2552,2.13346,-38.7178,-83.1021,
5.755,-252.786,-190.065,-91.6907,-3.27024,283.437,25.473,-26.1301,-76.1641,-268.196,-268.094,-139.027,-32.8481,247.965,29.7458,16.5524,3.61778,-52.4125,-83.186,
5.76,-249.165,-186.673,-106.121,-2.29301,282.541,23.7284,-1.73543,-74.8244,-265.883,-263.035,-147.383,-32.0484,247.617,28.833,17.2643,3.55265,-38.5924,-81.0709,
5.765,-258.35,-184.903,-106.437,-3.58366,280.992,23.7071,-26.0148,-73.6947,-267.545,-259.043,-147.935,-30.4934,247.112,27.714,18.2801,6.33911,-52.1679,-81.7535,
5.77,-269.418,-181.212,-98.8115,-4.13616,280.354,22.6737,-1.10806,-71.4988,-269.958,-249.184,-149.365,-31.685,246.544,26.1554,19.602,5.94274,-37.8288,-80.9155,
5.775,-278.951,-180.248,-91.8354,-1.62335,278.516,22.3733,-26.3831,-70.109,-297.029,-250.331,-82.2304,-25.1181,247.48,25.5276,23.5199,10.9414,-51.8751,-83.858,
5.78,-296.129,-178.027,-65.9591,-5.28619,277.5,22.4678,-1.08947,-71.0741,-283.568,-235.982,-126.126,-31.6439,246.579,24.0148,23.7649,6.90576,-37.5786,-79.6998,
5.785,-301.6,-172.486,-68.3706,-7.45585,275.606,21.8492,-27.0887,-68.2353,-290.403,-229.078,-107.648,-31.5885,246.452,23.1896,25.7585,7.48916,-51.67,-78.0283,
5.79,-307.981,-169.396,-67.8995,-4.6539,273.591,19.9272,-0.831339,-69.2287,-284.225,-222.65,-133.06,-27.6165,246.114,20.6756,26.3376,8.94579,-37.3548,-77.6642,
5.795,-313.914,-166.854,-67.8909,-5.79939,271.42,20.0067,-26.1147,-67.939,-287.493,-218.569,-130.125,-27.7435,246.105,20.5116,28.1522,10.1744,-51.1958,-76.7485,
5.8,-320.234,-162.166,-66.2418,-6.10564,269.122,18.8829,-0.38869,-67.2027,-288.221,-213.319,-138.462,-24.7256,245.273,18.9921,29.2165,12.0682,-36.6923,-76.9169,
5.805,-311.97,-159.082,-100.301,-8.24708,266.384,18.8226,-27.1103,-66.7269,-325.679,-207.946,-35.2509,-22.2689,246.644,17.7249,34.6949,12.3938,-51.0768,-75.4691,
5.81,-318.243,-156.3,-97.2868,-7.5484,264.004,17.9264,-0.170894,-65.2353,-312.465,-204.234,-87.4371,-17.4333,245.48,15.5097,34.693,14.2809,-36.1115,-75.1671,
5.815,-324.934,-152.726,-91.6058,-7.80372,261.141,17.1642,-27.2184,-64.7069,-316.802,-198.065,-79.1968,-17.3179,245.159,14.9529,36.3224,13.4501,-50.8106,-73.1156,
5.82,-319.368,-148.205,-116.985,-8.22697,258.21,15.7504,-0.00515628,-62.8256,-312.928,-194.415,-96.7674,-13.549,244.637,13.247,36.7693,15.3427,-36.0152,-72.9911,
5.825,-321.929,-147.157,-120.456,-5.8053,255.549,15.3127,-27.0032,-61.4443,-316.681,-188.719,-92.3046,-12.6,244.193,12.1454,38.1376,14.7586,-50.7828,-70.983,
5.83,-323.182,-144.808,-125.725,-8.27099,252.618,15.0683,0.0841222,-60.6618,-313.422,-183.077,-108.705,-13.998,243.412,12.1225,38.3466,15.296,-36.0018,-71.142,
5.835,-324.31,-140.399,-130.203,-9.6245,249.688,14.2795,-26.5345,-60.0297,-313.917,-178.869,-113.257,-11.0568,242.692,10.3365,39.0222,14.964,-50.8491,-69.2946,
5.84,-326.266,-139.542,-131.28,-10.6466,246.801,14.6509,0.221538,-58.6532,-314.93,-173.512,-116.919,-12.3989,241.704,10.2357,39.5111,14.7845,-35.9626,-68.1802,
5.845,-328.648,-133.142,-130.006,-10.8161,243.951,12.2892,-26.6004,-56.4473,-316.739,-170.086,-117.582,-11.1836,240.619,9.47641,39.9338,15.3483,-51.0496,-67.1149,
5.85,-333.855,-135.257,-118.932,-12.5114,240.527,14.6733,0.38863,-55.3714,-317.102,-165.242,-121.944,-12.3047,239.394,8.74678,39.9629,15.6034,-35.8826,-66.2912,
5.855,-356.608,-128.982,-61.0877,-12.7543,239.725,12.1451,-25.7899,-55.0833,-308.847,-159.745,-152.121,-11.8851,237.764,8.22952,38.587,14.9873,-51.1361,-63.8963,
5.86,-347.519,-128.515,-87.6203,-13.2574,235.568,12.5638,0.375256,-53.6819,-310.346,-156.809,-151.441,-14.402,236.322,8.06226,38.1193,15.7972,-36.1225,-62.9413,
5.865,-354.654,-124.281,-63.6121,-14.1093,233.201,11.5943,-26.4639,-52.3929,-314.529,-152.411,-141.154,-15.5796,234.643,7.98023,37.1857,15.7832,-51.532,-61.4475,
5.87,-346.841,-125.268,-88.5067,-11.8203,230.147,11.5424,0.578948,-53.667,-317.85,-148.657,-132.391,-13.6361,232.84,6.48298,36.5358,16.4618,-35.6502,-60.1315,
5.875,-350.293,-120.387,-77.0107,-14.9523,227.639,10.7342,-26.0136,-50.3825,-311.527,-146.312,-152.537,-13.3885,230.78,5.93946,35.1532,17.9043,-51.5556,-59.4859,
5.88,-349.359,-119.802,-76.6584,-15.0135,223.857,10.994,0.397634,-49.726,-305.794,-143.422,-169.618,-15.5144,228.664,5.96841,33.0299,18.8976,-36.1298,-58.7919,
5.885,-381.599,-114.236,19.3963,-16.2125,223.843,9.80324,-27.0614,-49.4221,-299.787,-138.855,-187.237,-14.9673,226.177,5.42977,30.8356,20.1394,-52.1958,-59.1178,
5.89,-369.933,-112.348,-10.0462,-12.7479,219.543,8.734,0.448376,-49.1463,-314.893,-135.362,-132.848,-14.3927,224.016,4.92313,30.1423,18.9975,-35.9538,-56.8794,
5.895,-373.059,-110.048,5.70815,-18.0324,217.127,10.0889,-27.1684,-47.1316,-302.436,-130.773,-170.652,-16.9922,221.522,4.53794,27.8027,18.8662,-52.2247,-56.4943,
5.9,-366.401,-107.358,-10.1918,-14.6672,214.495,8.68151,0.428482,-47.1233,-320.669,-125.346,-92.9167,-13.8896,218.972,3.16612,26.8235,18.8647,-35.3762,-55.435,
5.905,-368.819,-105.137,3.11803,-12.2127,212.075,7.75593,-27.3419,-46.9949,-307.608,-121.141,-130.476,-15.1255,216.949,3.26283,24.217,18.1836,-52.2334,-54.1684,
5.91,-361.908,-101.041,-13.6103,-13.9236,209.489,7.05007,0.308417,-46.2239,-306.587,-121.003,-124.85,-6.45537,213.987,1.63082,21.6261,21.1556,-35.2558,-54.8967,
5.915,-360.895,-100.298,-11.189,-11.4553,207.172,6.77258,-27.4839,-46.4474,-301.833,-120.148,-130.293,0.0705101,211.355,0.794106,18.962,23.6818,-52.4775,-56.5385,
5.92,-360.234,-100.212,-7.9437,-7.35347,204.781,6.12669,0.0882239,-47.6143,-298.328,-115.291,-131.674,-2.05277,208.597,0.327499,16.4293,21.2523,-35.3309,-53.9981,
5.925,-360.33,-98.3431,-2.48274,-6.36382,202.559,5.3579,-27.0168,-48.2888,-287.102,-115.363,-164.552,-0.842443,205.479,0.51471,12.7934,22.3808,-52.8262,-54.2166,
5.93,-358.819,-98.3048,-2.66727,-2.91371,200.44,5.38368,-0.315536,-48.4141,-284.288,-112.463,-164.993,0.26832,202.776,-0.524916,10.5224,21.5924,-36.0074,-53.2694,
5.935,-347.763,-95.679,-34.9166,-2.56079,198.063,4.27604,-28.0065,-48.4167,-282.385,-110.106,-163.251,1.90986,199.829,-1.5703,8.45322,21.6636,-53.5519,-53.3509,
5.94,-349.491,-96.5579,-24.638,-0.0280368,196.17,4.00897,-0.593696,-49.379,-272.614,-109.953,-195.488,3.2084,196.643,-1.9102,5.28701,22.8508,-36.5051,-53.6619,
5.945,-352.968,-96.5445,-9.02319,2.41915,194.478,3.52916,-27.5339,-49.7625,-270.095,-109.215,-198.833,-3.22133,193.963,-0.964552,3.36927,20.1736,-54.0178,-50.8587,
5.95,-357.152,-98.2332,8.73356,2.12925,192.662,3.81344,-0.977594,-49.4528,-265.907,-109.397,-210.256,-1.08471,191.146,-1.81801,1.44292,22.2763,-36.9504,-52.3759,
5.955,-348.711,-99.9954,-17.1372,-1.14339,190.863,4.90788,-27.6897,-49.8441,-264.269,-113.048,-215.617,0.90475,187.943,-1.91981,-0.41132,25.2238,-54.5386,-53.6234,
5.96,-342.764,-100.314,-34.3909,1.47743,189.194,3.70488,-1.24345,-49.4728,-261.304,-112.947,-224.799,0.303253,185.311,-2.00006,-1.86694,25.0348,-37.3076,-53.3253,
5.965,-340.443,-101.288,-39.3731,0.0929908,186.422,4.25738,-28.057,-49.706,-262.055,-112.139,-221.655,-1.97538,182.359,-2.47492,-3.03338,24.6712,-55.0013,-53.1829,
