<?xml version="1.0" encoding="utf-8"?>
<execution xmlns:xsi="http://www.w3.org/2001/XMLSchema-instance">
   <NMSmodel>
      <type>
         <hybrid>
            <alpha>1</alpha>
            <beta>50</beta>
            <gamma>1000</gamma>
            <dofSet>hip_flexion_r hip_adduction_r hip_rotation_r knee_angle_r ankle_angle_r hip_flexion_l hip_adduction_l hip_rotation_l knee_angle_l ankle_angle_l
            </dofSet>
            <synthMTUs>addbrev_r addlong_r addmagDist_r addmagIsch_r addmagMid_r addmagProx_r edl_r ehl_r fdl_r fhl_r grac_r iliacus_r perbrev_r perlong_r piri_r psoas_r sart_r semimem_r semiten_r tibant_r tibpost_r addbrev_l addlong_l addmagDist_l addmagIsch_l addmagMid_l addmagProx_l edl_l ehl_l fdl_l fhl_l grac_l iliacus_l perbrev_l perlong_l piri_l psoas_l sart_l semimem_l semiten_l tibant_l tibpost_l
            </synthMTUs>
            <adjustMTUs>bflh_r bfsh_r glmax1_r glmax2_r glmax3_r glmed1_r glmed2_r glmed3_r glmin1_r glmin2_r glmin3_r gaslat_r gasmed_r recfem_r soleus_r tfl_r vasint_r vaslat_r vasmed_r bflh_l bfsh_l glmax1_l glmax2_l glmax3_l glmed1_l glmed2_l glmed3_l glmin1_l glmin2_l glmin3_l gaslat_l gasmed_l recfem_l soleus_l tfl_l vasint_l vaslat_l vasmed_l
            </adjustMTUs>
            <algorithm>
               <simulatedAnnealing>
                  <noEpsilon>4</noEpsilon>
                  <rt>0.3</rt>
                  <T>20000</T>
                  <NS>15</NS>
                  <NT>5</NT>
                  <epsilon>0.001</epsilon>
                  <maxNoEval>200000</maxNoEval>
               </simulatedAnnealing>
            </algorithm>
         </hybrid>
      </type>
      <tendon>
         <equilibriumElastic>
            <tolerance>1e-09</tolerance>
         </equilibriumElastic>
      </tendon>
      <activation>
         <exponential/>
      </activation>
   </NMSmodel>
</execution>