time,synergy1,synergy2,synergy3,synergy4,
3.6,1.4013e-45,0,0.387003,0,
3.605,1.4013e-45,0,0.387003,0,
3.61,1.4013e-45,0,0.387003,0,
3.615,1.4013e-45,0,0.387003,0,
3.62,1.4013e-45,0,0.387003,0,
3.625,1.4013e-45,0,0.387003,0,
3.63,1.4013e-45,0,0.387003,0,
3.635,1.4013e-45,0,0.387003,0,
3.64,1.4013e-45,0,0.387003,0,
3.645,1.4013e-45,0,0.387003,0,
3.65,1.4013e-45,0,0.387003,0,
3.655,1.4013e-45,0,0.387003,0,
3.66,1.4013e-45,0,0.387003,0,
3.665,1.4013e-45,0,0.387003,0,
3.67,1.4013e-45,0,0.387003,0,
3.675,1.4013e-45,0,0.387003,0,
3.68,1.4013e-45,0,0.387003,0,
3.685,1.4013e-45,0,0.387003,0,
3.69,1.4013e-45,0,0.387003,0,
3.695,1.4013e-45,0,0.387003,0,
3.7,1.4013e-45,0,0.387003,0,
3.705,1.4013e-45,0,0.387003,0,
3.71,1.4013e-45,0,0.387003,0,
3.715,1.4013e-45,0,0.387003,0,
3.72,1.4013e-45,0,0.387003,0,
3.725,1.4013e-45,0,0.387003,0,
3.73,1.4013e-45,0,0.387003,0,
3.735,1.4013e-45,0,0.387003,0,
3.74,1.4013e-45,0,0.387003,0,
3.745,1.4013e-45,0,0.387003,0,
3.75,1.4013e-45,0,0.387003,0,
3.755,1.4013e-45,0,0.387003,0,
3.76,1.4013e-45,0,0.387003,0,
3.765,1.4013e-45,0,0.387003,0,
3.77,1.4013e-45,0,0.387003,0,
3.775,1.4013e-45,0,0.387003,0,
3.78,1.4013e-45,0,0.387003,0,
3.785,1.4013e-45,0,0.387003,0,
3.79,1.4013e-45,0,0.387003,0,
3.795,1.4013e-45,0,0.387003,0,
3.8,1.4013e-45,0,0.387003,0,
3.805,1.4013e-45,0,0.387003,0,
3.81,1.4013e-45,0,0.387003,0,
3.815,1.4013e-45,0,0.387003,0,
3.82,1.4013e-45,0,0.387003,0,
3.825,1.4013e-45,0,0.387003,0,
3.83,1.4013e-45,0,0.387003,0,
3.835,1.4013e-45,0,0.387003,0,
3.84,1.4013e-45,0,0.387003,0,
3.845,1.4013e-45,0,0.387003,0,
3.85,1.4013e-45,0,0.387003,0,
3.855,1.4013e-45,0,0.387003,0,
3.86,1.4013e-45,0,0.387003,0,
3.865,1.4013e-45,0,0.387003,0,
3.87,1.4013e-45,0,0.387003,0,
3.875,1.4013e-45,0,0.387003,0,
3.88,1.4013e-45,0,0.387003,0,
3.885,1.4013e-45,0,0.387003,0,
3.89,1.4013e-45,0,0.387003,0,
3.895,1.4013e-45,0,0.387003,0,
3.9,1.4013e-45,0,0.387003,0,
3.905,1.4013e-45,0,0.387003,0,
3.91,1.4013e-45,0,0.387003,0,
3.915,1.4013e-45,0,0.387003,0,
3.92,1.4013e-45,0,0.387003,0,
3.925,1.4013e-45,0,0.387003,0,
3.93,1.4013e-45,0,0.387003,0,
3.935,1.4013e-45,0,0.387003,0,
3.94,1.4013e-45,0,0.387003,0,
3.945,1.4013e-45,0,0.387003,0,
3.95,1.4013e-45,0,0.387003,0,
3.955,1.4013e-45,0,0.387003,0,
3.96,1.4013e-45,0,0.387003,0,
3.965,1.4013e-45,0,0.387003,0,
3.97,1.4013e-45,0,0.387003,0,
3.975,1.4013e-45,0,0.387003,0,
3.98,1.4013e-45,0,0.387003,0,
3.985,1.4013e-45,0,0.387003,0,
3.99,1.4013e-45,0,0.387003,0,
3.995,1.4013e-45,0,0.387003,0,
4,1.4013e-45,0,0.387003,0,
4.005,1.4013e-45,0,0.387003,0,
4.01,1.4013e-45,0,0.387003,0,
4.015,1.4013e-45,0,0.387003,0,
4.02,1.4013e-45,0,0.387003,0,
4.025,1.4013e-45,0,0.387003,0,
4.03,1.4013e-45,0,0.387003,0,
4.035,1.4013e-45,0,0.387003,0,
4.04,1.4013e-45,0,0.387003,0,
4.045,1.4013e-45,0,0.387003,0,
4.05,1.4013e-45,0,0.387003,0,
4.055,1.4013e-45,0,0.387003,0,
4.06,1.4013e-45,0,0.387003,0,
4.065,1.4013e-45,0,0.387003,0,
4.07,1.4013e-45,0,1,0,
4.075,1.4013e-45,0,1,0,
4.08,1.4013e-45,0,1,0,
4.085,1.4013e-45,0,1,0,
4.09,1.4013e-45,0,1,0,
4.095,1.4013e-45,0,1,0,
4.1,1.4013e-45,0,1,0,
4.105,1.4013e-45,0,1,0,
4.11,1.4013e-45,0,1,0,
4.115,1.4013e-45,0,1,0,
4.12,1.4013e-45,0,1,0,
4.125,1.4013e-45,0,1,0,
4.13,1.4013e-45,0,1,0,
4.135,1.2135e-14,1,3.9044e-25,1,
4.14,0.764359,0.000291928,0.0939953,0.00381673,
4.145,1,3.17348e-24,0.00150006,0.000694796,
4.15,0.692544,0.000498101,0.10613,0.00349006,
4.155,0.969724,5.46908e-07,0.00109155,0.000709668,
4.16,0.969724,5.46908e-07,0.00109155,0.000709668,
4.165,0.969724,5.46908e-07,0.00109155,0.000709668,
4.17,0.969724,5.46904e-07,0.00109155,0.000709668,
4.175,0.969724,5.46908e-07,0.00109155,0.000709668,
4.18,0.969724,5.46908e-07,0.00109155,0.000709668,
4.185,0.969724,5.46909e-07,0.00109155,0.000709668,
4.19,0.969724,5.46909e-07,0.00109155,0.000709668,
4.195,0.969724,5.46908e-07,0.00109155,0.000709668,
4.2,0.969724,5.46908e-07,0.00109155,0.000709668,
4.205,0.969724,5.46908e-07,0.00109155,0.000709668,
4.21,0.969724,5.46908e-07,0.00109155,0.000709668,
4.215,0.969724,5.46908e-07,0.00109155,0.000709668,
4.22,0.969724,5.46908e-07,0.00109155,0.000709668,
4.225,0.969724,5.46909e-07,0.00109155,0.000709668,
4.23,0.969724,5.46908e-07,0.00109155,0.000709668,
4.235,0.969724,5.46908e-07,0.00109155,0.000709668,
4.24,0.969724,5.46908e-07,0.00109155,0.000709668,
4.245,0.969724,5.46908e-07,0.00109155,0.000709668,
4.25,0.969724,5.46908e-07,0.00109155,0.000709668,
4.255,0.969724,5.46909e-07,0.00109155,0.000709668,
4.26,0.969724,5.46908e-07,0.00109155,0.000709668,
4.265,0.969724,5.46909e-07,0.00109155,0.000709668,
4.27,0.969724,5.46908e-07,0.00109155,0.000709668,
4.275,0.969724,5.46906e-07,0.00109155,0.000709668,
4.28,0.969724,5.46908e-07,0.00109155,0.000709668,
4.285,0.969724,5.46909e-07,0.00109155,0.000709668,
4.29,0.969724,5.46908e-07,0.00109155,0.000709668,
4.295,0.969724,5.46908e-07,0.00109155,0.000709668,
4.3,0.969724,5.46908e-07,0.00109155,0.000709668,
4.305,0.969724,5.46908e-07,0.00109155,0.000709668,
4.31,0.969724,5.46909e-07,0.00109155,0.000709668,
4.315,0.969724,5.46909e-07,0.00109155,0.000709668,
4.32,0.969724,5.46908e-07,0.00109155,0.000709668,
4.325,0.969724,5.46908e-07,0.00109155,0.000709668,
4.33,0.969724,5.46908e-07,0.00109155,0.000709668,
4.335,0.969724,5.46908e-07,0.00109155,0.000709668,
4.34,0.969724,5.46909e-07,0.00109155,0.000709668,
4.345,0.969724,5.46909e-07,0.00109155,0.000709668,
4.35,0.969724,5.46908e-07,0.00109155,0.000709668,
4.355,0.969724,5.46907e-07,0.00109155,0.000709668,
4.36,0.969724,5.46909e-07,0.00109155,0.000709668,
4.365,0.969724,5.46908e-07,0.00109155,0.000709668,
4.37,0.969724,5.46908e-07,0.00109155,0.000709668,
4.375,0.969724,5.46908e-07,0.00109155,0.000709668,
4.38,0.969724,5.46909e-07,0.00109155,0.000709668,
4.385,0.969724,5.46905e-07,0.00109155,0.000709668,
4.39,0.969724,5.46908e-07,0.00109155,0.000709668,
4.395,0.969724,5.46908e-07,0.00109155,0.000709668,
4.4,0.969724,5.46909e-07,0.00109155,0.000709668,
4.405,0.969724,5.46909e-07,0.00109155,0.000709668,
4.41,0.969724,5.46909e-07,0.00109155,0.000709668,
4.415,0.969724,5.46908e-07,0.00109155,0.000709668,
4.42,0.969724,5.46909e-07,0.00109155,0.000709668,
4.425,0.969724,5.46908e-07,0.00109155,0.000709668,
4.43,0.969724,5.46908e-07,0.00109155,0.000709668,
4.435,0.969724,5.46909e-07,0.00109155,0.000709668,
4.44,0.969724,5.46908e-07,0.00109155,0.000709668,
4.445,0.969724,5.46909e-07,0.00109155,0.000709668,
4.45,0.969724,5.46908e-07,0.00109155,0.000709668,
4.455,0.969724,5.46908e-07,0.00109155,0.000709668,
4.46,0.969724,5.46909e-07,0.00109155,0.000709668,
4.465,0.969724,5.46908e-07,0.00109155,0.000709668,
4.47,0.969724,5.46908e-07,0.00109155,0.000709668,
4.475,0.969724,5.46909e-07,0.00109155,0.000709668,
4.48,0.969724,5.46908e-07,0.00109155,0.000709668,
4.485,0.969724,5.46908e-07,0.00109155,0.000709668,
4.49,0.969724,5.46908e-07,0.00109155,0.000709668,
4.495,0.969724,5.46909e-07,0.00109155,0.000709668,
4.5,0.969724,5.46908e-07,0.00109155,0.000709668,
4.505,0.969724,5.46908e-07,0.00109155,0.000709668,
4.51,0.969724,5.46909e-07,0.00109155,0.000709668,
4.515,0.969724,5.46908e-07,0.00109155,0.000709668,
4.52,0.969724,5.46908e-07,0.00109155,0.000709668,
4.525,0.969724,5.46909e-07,0.00109155,0.000709668,
4.53,0.969724,5.46908e-07,0.00109155,0.000709668,
4.535,0.969724,5.46909e-07,0.00109155,0.000709668,
4.54,0.969724,5.46908e-07,0.00109155,0.000709668,
4.545,0.969724,5.46908e-07,0.00109155,0.000709668,
4.55,0.969724,5.46909e-07,0.00109155,0.000709668,
4.555,0.969724,5.46908e-07,0.00109155,0.000709668,
4.56,0.969724,5.46909e-07,0.00109155,0.000709668,
4.565,0.969724,5.46909e-07,0.00109155,0.000709668,
4.57,0.969724,5.46908e-07,0.00109155,0.000709668,
4.575,0.969724,5.46908e-07,0.00109155,0.000709668,
4.58,0.969724,5.46908e-07,0.00109155,0.000709668,
4.585,0.969724,5.46908e-07,0.00109155,0.000709668,
4.59,0.969724,5.46908e-07,0.00109155,0.000709668,
4.595,0.969724,5.46908e-07,0.00109155,0.000709668,
4.6,0.969724,5.46908e-07,0.00109155,0.000709668,
4.605,0.969724,5.46909e-07,0.00109155,0.000709668,
4.61,0.969724,5.46908e-07,0.00109155,0.000709668,
4.615,0.969724,5.46909e-07,0.00109155,0.000709668,
4.62,0.969724,5.46908e-07,0.00109155,0.000709668,
4.625,0.969724,5.46908e-07,0.00109155,0.000709668,
4.63,0.969724,5.46909e-07,0.00109155,0.000709668,
4.635,0.969724,5.46903e-07,0.00109155,0.000709668,
4.64,0.969724,5.46908e-07,0.00109155,0.000709668,
4.645,0.969724,5.46912e-07,0.00109155,0.000709668,
4.65,0.969724,5.46908e-07,0.00109155,0.000709668,
4.655,0.969724,5.46909e-07,0.00109155,0.000709668,
4.66,0.969724,5.46909e-07,0.00109155,0.000709668,
4.665,0.969724,5.46909e-07,0.00109155,0.000709668,
4.67,0.969724,5.46906e-07,0.00109155,0.000709668,
4.675,0.969724,5.46909e-07,0.00109155,0.000709668,
4.68,0.969724,5.46909e-07,0.00109155,0.000709668,
4.685,0.969724,5.46909e-07,0.00109155,0.000709668,
4.69,0.666928,0.000594576,0.116822,0.0036424,
4.695,0.684267,0.00055892,0.110093,0.00347802,
4.7,0.684267,0.00055892,0.110093,0.00347802,
4.705,0.786365,0.000348932,0.0704806,0.00251007,
4.71,0.786365,0.000348932,0.0704806,0.00251007,
4.715,0.786365,0.000348932,0.0704806,0.00251007,
4.72,0.786365,0.000348932,0.0704806,0.00251007,
4.725,0.786365,0.000348932,0.0704806,0.00251007,
4.73,0.786365,0.000348932,0.0704806,0.00251007,
4.735,0.786365,0.000348932,0.0704806,0.00251007,
4.74,0.786365,0.000348932,0.0704806,0.00251007,
4.745,0.786365,0.000348932,0.0704806,0.00251007,
4.75,0.786365,0.000348932,0.0704806,0.00251007,
4.755,0.786365,0.000348932,0.0704806,0.00251007,
4.76,0.786365,0.000348932,0.0704806,0.00251007,
4.765,0.786365,0.000348932,0.0704806,0.00251007,
4.77,0.786365,0.000348932,0.0704806,0.00251007,
4.775,0.786365,0.000348932,0.0704806,0.00251007,
4.78,0.786365,0.000348932,0.0704806,0.00251007,
4.785,0.786365,0.000348932,0.0704806,0.00251007,
4.79,0.786365,0.000348932,0.0704806,0.00251007,
4.795,0.786365,0.000348932,0.0704806,0.00251007,
4.8,0.786365,0.000348932,0.0704806,0.00251007,
4.805,0.786365,0.000348932,0.0704806,0.00251007,
4.81,0.786365,0.000348932,0.0704806,0.00251007,
4.815,0.786365,0.000348932,0.0704806,0.00251007,
4.82,0.786365,0.000348932,0.0704806,0.00251007,
4.825,0.786365,0.000348932,0.0704806,0.00251007,
4.83,0.786365,0.000348932,0.0704806,0.00251007,
4.835,0.786365,0.000348932,0.0704806,0.00251007,
4.84,0.786365,0.000348932,0.0704806,0.00251007,
4.845,0.786365,0.000348932,0.0704806,0.00251007,
4.85,0.786365,0.000348932,0.0704806,0.00251007,
4.855,0.786365,0.000348932,0.0704806,0.00251007,
4.86,0.786365,0.000348932,0.0704806,0.00251007,
4.865,0.786365,0.000348932,0.0704806,0.00251007,
4.87,0.786365,0.000348932,0.0704806,0.00251007,
4.875,0.786365,0.000348932,0.0704806,0.00251007,
4.88,0.786365,0.000348932,0.0704806,0.00251007,
4.885,0.786365,0.000348932,0.0704806,0.00251007,
4.89,0.786365,0.000348932,0.0704806,0.00251007,
4.895,0.786365,0.000348932,0.0704806,0.00251007,
4.9,0.786365,0.000348932,0.0704806,0.00251007,
4.905,0.786365,0.000348932,0.0704806,0.00251007,
4.91,0.786365,0.000348932,0.0704806,0.00251007,
4.915,0.786365,0.000348932,0.0704806,0.00251007,
4.92,0.786365,0.000348932,0.0704806,0.00251007,
4.925,0.786365,0.000348932,0.0704806,0.00251007,
4.93,0.786365,0.000348932,0.0704806,0.00251007,
4.935,0.786365,0.000348932,0.0704806,0.00251007,
4.94,0.786365,0.000348932,0.0704806,0.00251007,
4.945,0.786365,0.000348932,0.0704806,0.00251007,
4.95,0.786365,0.000348932,0.0704806,0.00251007,
4.955,0.786365,0.000348932,0.0704806,0.00251007,
4.96,0.786365,0.000348932,0.0704806,0.00251007,
4.965,0.786365,0.000348932,0.0704806,0.00251007,
4.97,0.69097,7.78614e-05,0.146648,0.00440364,
4.975,0.69097,7.78614e-05,0.146648,0.00440364,
4.98,0.69097,7.78614e-05,0.146648,0.00440364,
4.985,0.69097,7.78614e-05,0.146648,0.00440364,
4.99,0.69097,7.78614e-05,0.146648,0.00440364,
4.995,0.69097,7.78614e-05,0.146648,0.00440364,
5,0.69097,7.78614e-05,0.146648,0.00440364,
5.005,0.69097,7.78614e-05,0.146648,0.00440364,
5.01,0.69097,7.78614e-05,0.146648,0.00440364,
5.015,0.69097,7.78614e-05,0.146648,0.00440364,
5.02,0.69097,7.78614e-05,0.146648,0.00440364,
5.025,0.69097,7.78614e-05,0.146648,0.00440364,
5.03,0.69097,7.78614e-05,0.146648,0.00440364,
5.035,0.69097,7.78614e-05,0.146648,0.00440364,
5.04,0.69097,7.78614e-05,0.146648,0.00440364,
5.045,0.69097,7.78614e-05,0.146648,0.00440364,
5.05,0.69097,7.78614e-05,0.146648,0.00440364,
5.055,0.69097,7.78614e-05,0.146648,0.00440364,
5.06,0.69097,7.78614e-05,0.146648,0.00440364,
5.065,0.69097,7.78614e-05,0.146648,0.00440364,
5.07,0.69097,7.78614e-05,0.146648,0.00440364,
5.075,0.69097,7.78614e-05,0.146648,0.00440364,
5.08,0.69097,7.78614e-05,0.146648,0.00440364,
5.085,0.69097,7.78614e-05,0.146648,0.00440364,
5.09,0.69097,7.78614e-05,0.146648,0.00440364,
5.095,0.69097,7.78614e-05,0.146648,0.00440364,
5.1,0.69097,7.78614e-05,0.146648,0.00440364,
5.105,0.69097,7.78614e-05,0.146648,0.00440364,
5.11,0.69097,7.78614e-05,0.146648,0.00440364,
5.115,0.69097,7.78614e-05,0.146648,0.00440364,
5.12,0.69097,7.78614e-05,0.146648,0.00440364,
5.125,0.69097,7.78614e-05,0.146648,0.00440364,
5.13,0.69097,7.78614e-05,0.146648,0.00440364,
5.135,0.69097,7.78614e-05,0.146648,0.00440364,
5.14,0.69097,7.78614e-05,0.146648,0.00440364,
5.145,0.69097,7.78614e-05,0.146648,0.00440364,
5.15,0.69097,7.78614e-05,0.146648,0.00440364,
5.155,0.69097,7.78614e-05,0.146648,0.00440364,
5.16,0.69097,7.78614e-05,0.146648,0.00440364,
5.165,0.69097,7.78614e-05,0.146648,0.00440364,
5.17,0.69097,7.78614e-05,0.146648,0.00440364,
5.175,0.69097,7.78614e-05,0.146648,0.00440364,
5.18,0.69097,7.78614e-05,0.146648,0.00440364,
5.185,0.69097,7.78614e-05,0.146648,0.00440364,
5.19,0.69097,7.78614e-05,0.146648,0.00440364,
5.195,0.69097,7.78614e-05,0.146648,0.00440364,
5.2,0.69097,7.78614e-05,0.146648,0.00440364,
5.205,0.69097,7.78614e-05,0.146648,0.00440364,
5.21,0.69097,7.78614e-05,0.146648,0.00440364,
5.215,0.69097,7.78614e-05,0.146648,0.00440364,
5.22,0.69097,7.78614e-05,0.146648,0.00440364,
5.225,0.69097,7.78614e-05,0.146648,0.00440364,
5.23,0.69097,7.78614e-05,0.146648,0.00440364,
5.235,0.69097,7.78614e-05,0.146648,0.00440364,
5.24,0.69097,7.78614e-05,0.146648,0.00440364,
5.245,0.69097,7.78614e-05,0.146648,0.00440364,
5.25,0.69097,7.78614e-05,0.146648,0.00440364,
5.255,0.69097,7.78614e-05,0.146648,0.00440364,
5.26,0.69097,7.78614e-05,0.146648,0.00440364,
5.265,0.69097,7.78614e-05,0.146648,0.00440364,
5.27,0.69097,7.78614e-05,0.146648,0.00440364,
5.275,0.69097,7.78614e-05,0.146648,0.00440364,
5.28,0.69097,7.78614e-05,0.146648,0.00440364,
5.285,0.69097,7.78614e-05,0.146648,0.00440364,
5.29,0.69097,7.78614e-05,0.146648,0.00440364,
5.295,0.69097,7.78614e-05,0.146648,0.00440364,
5.3,0.69097,7.78614e-05,0.146648,0.00440364,
5.305,0.69097,7.78614e-05,0.146648,0.00440364,
5.31,0.69097,7.78614e-05,0.146648,0.00440364,
5.315,0.69097,7.78614e-05,0.146648,0.00440364,
5.32,0.69097,7.78614e-05,0.146648,0.00440364,
5.325,0.69097,7.78614e-05,0.146648,0.00440364,
5.33,0.69097,7.78614e-05,0.146648,0.00440364,
5.335,0.69097,7.78614e-05,0.146648,0.00440364,
5.34,0.69097,7.78614e-05,0.146648,0.00440364,
5.345,0.69097,7.78614e-05,0.146648,0.00440364,
5.35,0.69097,7.78614e-05,0.146648,0.00440364,
5.355,0.69097,7.78614e-05,0.146648,0.00440364,
5.36,0.69097,7.78614e-05,0.146648,0.00440364,
5.365,0.69097,7.78614e-05,0.146648,0.00440364,
5.37,0.69097,7.78614e-05,0.146648,0.00440364,
5.375,0.69097,7.78614e-05,0.146648,0.00440364,
5.38,0.69097,7.78614e-05,0.146648,0.00440364,
5.385,0.69097,7.78614e-05,0.146648,0.00440364,
5.39,0.69097,7.78614e-05,0.146648,0.00440364,
5.395,0.69097,7.78614e-05,0.146648,0.00440364,
5.4,0.69097,7.78614e-05,0.146648,0.00440364,
5.405,0.69097,7.78614e-05,0.146648,0.00440364,
5.41,0.69097,7.78614e-05,0.146648,0.00440364,
5.415,0.69097,7.78614e-05,0.146648,0.00440364,
5.42,0.69097,7.78614e-05,0.146648,0.00440364,
5.425,0.69097,7.78614e-05,0.146648,0.00440364,
5.43,0.69097,7.78614e-05,0.146648,0.00440364,
5.435,0.69097,7.78614e-05,0.146648,0.00440364,
5.44,0.69097,7.78614e-05,0.146648,0.00440364,
5.445,0.69097,7.78614e-05,0.146648,0.00440364,
5.45,0.69097,7.78614e-05,0.146648,0.00440364,
5.455,0.69097,7.78614e-05,0.146648,0.00440364,
5.46,0.69097,7.78614e-05,0.146648,0.00440364,
5.465,0.69097,7.78614e-05,0.146648,0.00440364,
5.47,0.69097,7.78614e-05,0.146648,0.00440364,
5.475,0.69097,7.78614e-05,0.146648,0.00440364,
5.48,0.69097,7.78614e-05,0.146648,0.00440364,
5.485,0.69097,7.78614e-05,0.146648,0.00440364,
5.49,0.69097,7.78614e-05,0.146648,0.00440364,
5.495,0.69097,7.78614e-05,0.146648,0.00440364,
5.5,0.69097,7.78614e-05,0.146648,0.00440364,
5.505,0.69097,7.78614e-05,0.146648,0.00440364,
5.51,0.69097,7.78614e-05,0.146648,0.00440364,
5.515,0.69097,7.78614e-05,0.146648,0.00440364,
5.52,0.69097,7.78614e-05,0.146648,0.00440364,
5.525,0.69097,7.78614e-05,0.146648,0.00440364,
5.53,0.69097,7.78614e-05,0.146648,0.00440364,
5.535,0.69097,7.78614e-05,0.146648,0.00440364,
5.54,0.69097,7.78614e-05,0.146648,0.00440364,
5.545,0.69097,7.78614e-05,0.146648,0.00440364,
5.55,0.69097,7.78614e-05,0.146648,0.00440364,
5.555,0.69097,7.78614e-05,0.146648,0.00440364,
5.56,0.69097,7.78614e-05,0.146648,0.00440364,
5.565,0.69097,7.78614e-05,0.146648,0.00440364,
5.57,0.69097,7.78614e-05,0.146648,0.00440364,
5.575,0.69097,7.78614e-05,0.146648,0.00440364,
5.58,0.69097,7.78614e-05,0.146648,0.00440364,
5.585,0.69097,7.78614e-05,0.146648,0.00440364,
5.59,0.69097,7.78614e-05,0.146648,0.00440364,
5.595,0.69097,7.78614e-05,0.146648,0.00440364,
5.6,0.69097,7.78614e-05,0.146648,0.00440364,
5.605,0.69097,7.78614e-05,0.146648,0.00440364,
5.61,0.69097,7.78614e-05,0.146648,0.00440364,
5.615,0.69097,7.78614e-05,0.146648,0.00440364,
5.62,0.69097,7.78614e-05,0.146648,0.00440364,
5.625,0.69097,7.78614e-05,0.146648,0.00440364,
5.63,0.69097,7.78614e-05,0.146648,0.00440364,
5.635,0.69097,7.78614e-05,0.146648,0.00440364,
5.64,0.69097,7.78614e-05,0.146648,0.00440364,
5.645,0.69097,7.78614e-05,0.146648,0.00440364,
5.65,0.69097,7.78614e-05,0.146648,0.00440364,
5.655,0.69097,7.78614e-05,0.146648,0.00440364,
5.66,0.69097,7.78614e-05,0.146648,0.00440364,
5.665,0.69097,7.78614e-05,0.146648,0.00440364,
5.67,0.69097,7.78614e-05,0.146648,0.00440364,
5.675,0.69097,7.78614e-05,0.146648,0.00440364,
5.68,0.69097,7.78614e-05,0.146648,0.00440364,
5.685,0.69097,7.78614e-05,0.146648,0.00440364,
5.69,0.69097,7.78614e-05,0.146648,0.00440364,
5.695,0.69097,7.78614e-05,0.146648,0.00440364,
5.7,0.69097,7.78614e-05,0.146648,0.00440364,
5.705,0.69097,7.78614e-05,0.146648,0.00440364,
5.71,0.69097,7.78614e-05,0.146648,0.00440364,
5.715,0.69097,7.78614e-05,0.146648,0.00440364,
5.72,0.69097,7.78614e-05,0.146648,0.00440364,
5.725,0.69097,7.78614e-05,0.146648,0.00440364,
5.73,0.69097,7.78614e-05,0.146648,0.00440364,
5.735,0.69097,7.78614e-05,0.146648,0.00440364,
5.74,0.69097,7.78614e-05,0.146648,0.00440364,
5.745,0.69097,7.78614e-05,0.146648,0.00440364,
5.75,0.69097,7.78614e-05,0.146648,0.00440364,
5.755,0.69097,7.78614e-05,0.146648,0.00440364,
5.76,0.69097,7.78614e-05,0.146648,0.00440364,
5.765,0.69097,7.78614e-05,0.146648,0.00440364,
5.77,0.69097,7.78614e-05,0.146648,0.00440364,
5.775,0.69097,7.78614e-05,0.146648,0.00440364,
5.78,0.69097,7.78614e-05,0.146648,0.00440364,
5.785,0.69097,7.78614e-05,0.146648,0.00440364,
5.79,0.69097,7.78614e-05,0.146648,0.00440364,
5.795,0.69097,7.78614e-05,0.146648,0.00440364,
5.8,0.69097,7.78614e-05,0.146648,0.00440364,
5.805,0.69097,7.78614e-05,0.146648,0.00440364,
5.81,0.69097,7.78614e-05,0.146648,0.00440364,
5.815,0.69097,7.78614e-05,0.146648,0.00440364,
5.82,0.69097,7.78614e-05,0.146648,0.00440364,
5.825,0.69097,7.78614e-05,0.146648,0.00440364,
5.83,0.69097,7.78614e-05,0.146648,0.00440364,
5.835,0.69097,7.78614e-05,0.146648,0.00440364,
5.84,0.69097,7.78614e-05,0.146648,0.00440364,
5.845,0.69097,7.78614e-05,0.146648,0.00440364,
5.85,0.69097,7.78614e-05,0.146648,0.00440364,
5.855,0.69097,7.78614e-05,0.146648,0.00440364,
5.86,0.69097,7.78614e-05,0.146648,0.00440364,
5.865,0.69097,7.78614e-05,0.146648,0.00440364,
5.87,0.69097,7.78614e-05,0.146648,0.00440364,
5.875,0.69097,7.78614e-05,0.146648,0.00440364,
5.88,0.69097,7.78614e-05,0.146648,0.00440364,
5.885,0.69097,7.78614e-05,0.146648,0.00440364,
5.89,0.69097,7.78614e-05,0.146648,0.00440364,
5.895,0.69097,7.78614e-05,0.146648,0.00440364,
5.9,0.69097,7.78614e-05,0.146648,0.00440364,
5.905,0.69097,7.78614e-05,0.146648,0.00440364,
5.91,0.69097,7.78614e-05,0.146648,0.00440364,
5.915,0.69097,7.78614e-05,0.146648,0.00440364,
5.92,0.69097,7.78614e-05,0.146648,0.00440364,
5.925,0.69097,7.78614e-05,0.146648,0.00440364,
5.93,0.69097,7.78614e-05,0.146648,0.00440364,
5.935,0.69097,7.78614e-05,0.146648,0.00440364,
5.94,0.69097,7.78614e-05,0.146648,0.00440364,
5.945,0.69097,7.78614e-05,0.146648,0.00440364,
5.95,0.69097,7.78614e-05,0.146648,0.00440364,
5.955,0.69097,7.78614e-05,0.146648,0.00440364,
5.96,0.69097,7.78614e-05,0.146648,0.00440364,
5.965,0.69097,7.78614e-05,0.146648,0.00440364,
