time,synergy1,synergy2,synergy3,synergy4,synergy5,synergy6,synergy7,synergy8,
-0,0.0796941,0.0748295,0.0863527,0.0387697,0.0497025,0.120524,0.0751181,0.154736,
0.005,0.0239967,0.0244352,0.0399541,0,0.0210228,0.0876893,0.0665015,0.119975,
0.01,0.0287001,0.0232234,0.0460693,0,0.0156546,0.0975082,0.0265557,0.109796,
0.015,0.0281445,0.0231902,0.0464825,0,0.0165968,0.0981595,0.0581172,0.112215,
0.02,0.0324224,0.0246329,0.0459719,0,0.0343926,0.10101,0.032896,0.115983,
0.025,0.0290244,0.0305804,0.0397873,0,0.0323918,0.097549,0.0517583,0.118969,
0.03,0.0359126,0.0387458,0.0429987,0,0.0125548,0.101759,0.0545369,0.124282,
0.035,0.0453499,0.0476392,0.0502426,0,0.0270792,0.107785,0.0203985,0.128925,
0.04,0.0463016,0.0466504,0.0471318,0,0.0301628,0.106401,0.0432571,0.122055,
0.045,0.0520422,0.0511499,0.0462325,0,0.00331654,0.110932,0.0526107,0.118442,
0.05,0.0359855,0.0470062,0.0383584,0,0.0280234,0.114638,0.0556835,0.114935,
0.055,0.0336126,0.0447422,0.033142,0,0.0432258,0.107056,0.0485695,0.109373,
0.06,0.0245862,0.039414,0.0355222,0,0.0408486,0.107447,0.0352389,0.104597,
0.065,0.0463733,0.0462566,0.0417551,0,0.000245314,0.111481,0.0398936,0.103142,
0.07,0.0542953,0.0447881,0.043175,0,0.00616797,0.113275,0.042065,0.0983131,
0.075,0.0486125,0.0385769,0.0421621,0,0.0343813,0.10896,0.0392197,0.0959036,
0.08,0.0616728,0.0311171,0.0435509,0,0.0326972,0.0986219,0.0474411,0.0953065,
0.085,0.0531273,0.0314873,0.0404295,0,0.0319251,0.100963,0.0480251,0.102432,
0.09,0.0546111,0.0307711,0.0430309,9.79429e-05,0.0231082,0.101424,0.0485199,0.115289,
0.095,0.0577171,0.0301544,0.0436694,0.000269746,0.0204174,0.102901,0.0515777,0.131524,
0.1,0.0622832,0.0266019,0.0457931,0.00985877,0.0296703,0.103415,0.00286177,0.150463,
0.105,0.00988622,0.0248902,0.0470507,0.0117482,0.0085925,0.108369,0.0576824,0.189206,
0.11,0.0229026,0.0137875,0.0235663,0.0100045,0.0275793,0.103954,0.082633,0.212778,
0.115,0.00165878,0.00849761,0.00452872,0,0.0178944,0.106831,0.0911149,0.248085,
0.12,0,0,0,0.0089704,0.0410488,0.0928446,0.0756719,0.263387,
0.125,0,0,0.000918225,0.000338267,0.0232814,0.0805987,0.0775319,0.272611,
0.13,0,0.00260344,0,0.00105173,0.0154736,0.0812489,0.075992,0.288577,
0.135,0,0.00636532,0,0,0.0103822,0.083643,0.0758121,0.295631,
0.14,0,0.0074127,0,0,0.00713305,0.0859006,0.0767735,0.297055,
0.145,0,0.0243393,0,0,0.0013436,0.0832307,0.0737798,0.278724,
0.15,0,0.0233317,0,0,0,0.0817672,0.0736083,0.262576,
0.155,0,0.0315273,0.00106662,0,0.00533335,0.0844718,0.0720331,0.244206,
0.16,0.00454698,0.0172976,0.0171394,0.0047309,0.0098603,0.0890535,0.0493717,0.215093,
0.165,0.0164427,0.023543,0.0180927,0.000365351,0.014471,0.0953888,0.0613061,0.200203,
0.17,0.0825599,0.0291946,0.0120993,0,0.0102634,0.0752094,0.0713607,0.163523,
0.175,0.0494338,0.0377487,0.0164198,0,0.0186561,0.0840623,0.0719981,0.15023,
0.18,0.0638242,0.0560344,0.0376599,0,0,0.0868055,0.0487104,0.126803,
0.185,0.0618785,0.0556031,0.0359717,0,0.00724889,0.0939027,0.0568834,0.110408,
0.19,0.0736564,0.0634468,0.0348032,0,0.00886497,0.0981155,0.0516622,0.0980421,
0.195,0.0764613,0.0768251,0.0353866,0,0.00203267,0.108552,0.0410362,0.0987926,
0.2,0.080076,0.0888213,0.0340538,0.00171436,0,0.119907,0.0402588,0.104017,
0.205,0.0686915,0.0941666,0.0231239,0,0.019767,0.125558,0.0521312,0.107842,
0.21,0.0536589,0.102203,0.0102117,0.0115117,0.00331156,0.136758,0.0675076,0.117227,
0.215,0.0404584,0.114384,0.00357812,0.0261947,0,0.149982,0.0577577,0.133916,
0.22,0.0358835,0.135423,0,0.0296593,0,0.164616,0.0547397,0.160518,
0.225,0.0248424,0.149936,0,0.0371783,0.0159573,0.162,0.0561982,0.166543,
0.23,0.00592875,0.170345,0.0128751,0.0366821,0.0200902,0.164502,0.0423434,0.18878,
0.235,0.0357564,0.180889,0.0112043,0.0329898,0.00996212,0.164682,0.0347063,0.193784,
0.24,0.0376974,0.199035,0.0105086,0.0353636,0.00464181,0.165295,0.0305037,0.203772,
0.245,0.0182036,0.218361,0.015049,0.0402799,0.009748,0.165464,0.0277769,0.212082,
0.25,0.014379,0.23517,0.0163631,0.0427529,0.0141124,0.162972,0.0329143,0.21626,
0.255,0.0166444,0.248367,0.0166046,0.0438655,0.0206219,0.158195,0.0325189,0.21586,
0.26,0.00607582,0.257517,0.0162467,0.0444052,0.0272543,0.150733,0.0365769,0.211935,
0.265,0.00599272,0.261341,0.0154681,0.0435798,0.0321696,0.140316,0.042926,0.20432,
0.27,0.0367702,0.256544,0.0171639,0.0384212,0.0357128,0.131596,0.0398804,0.192624,
0.275,0.0288794,0.24792,0.0158151,0.0340508,0.0399326,0.120473,0.0461662,0.180895,
0.28,0.0232422,0.245472,0,0.0419914,0.0285592,0.116303,0.0551465,0.186653,
0.285,0.0135457,0.232286,0.00515319,0.0341968,0.0565627,0.114119,0.05053,0.176069,
0.29,0.00500165,0.215741,0.00836667,0.0323085,0.0196473,0.110279,0.100341,0.167394,
0.295,0.000993797,0.197551,0.0107698,0.0291788,0.0274747,0.10237,0.0971153,0.161997,
0.3,0.00234593,0.182341,0.0167337,0.0262882,0.0121131,0.100527,0.103643,0.159732,
0.305,0.019941,0.161125,0.0155602,0.0207053,0.0234304,0.0995779,0.0909446,0.151231,
0.31,0.00538881,0.159454,0.020271,0.0258237,0.00296662,0.0977615,0.0932717,0.165884,
0.315,0,0.145363,0.0178626,0.0267114,0.0392063,0.0864278,0.0966459,0.16498,
0.32,0,0.156458,0.0224135,0.0353092,0.0227298,0.0858809,0.0761795,0.176873,
0.325,0,0.169419,0.0180803,0.0443017,0.0194177,0.0793961,0.0917101,0.183847,
0.33,0.0178764,0.175119,0.00717202,0.0421472,0.0516872,0.0730098,0.0518434,0.169476,
0.335,0,0.204196,0.0224452,0.0552439,0.0125507,0.0641366,0.050156,0.162912,
0.34,0.00927737,0.238558,0.00307685,0.0715736,0.0123984,0.0631451,0.0159924,0.168841,
0.345,0.0324294,0.265748,0,0.0779225,0.00430239,0.0590623,0.0376991,0.152654,
0.35,0,0.298108,0,0.086118,0,0.0582187,0.0402146,0.14338,
0.355,0.0208776,0.320094,0,0.091147,0,0.0585113,0.0385053,0.133623,
0.36,0.00407429,0.338956,0.00226427,0.0928103,0,0.0587159,0.0407766,0.129818,
0.365,0.00638196,0.349423,0.0028065,0.0907009,0,0.0604415,0.0426899,0.127261,
0.37,0.0153611,0.353126,0.00409378,0.0856592,0,0.0641967,0.026698,0.132662,
0.375,0.0264964,0.34723,0.0035447,0.0786399,0.00044325,0.0676997,0.0282094,0.143933,
0.38,0.0281061,0.328493,0.00110782,0.0649264,0,0.0723551,0.0711614,0.156836,
0.385,0.0345696,0.304714,0,0.0533469,0.00239352,0.0794698,0.0644351,0.181097,
0.39,0.0362375,0.270429,0.0263704,0.0422365,0,0.0925755,0.017574,0.20495,
0.395,0.0363085,0.235674,0.0311324,0.0263355,0,0.100037,0.0511668,0.233577,
0.4,0.0395872,0.208391,0.03312,0.0152333,0.0017385,0.112082,0.0140654,0.266937,
0.405,0.0381009,0.176256,0.0147446,0.0222071,0.00278587,0.115243,0.0348231,0.292791,
0.41,0.033715,0.142804,0.00850869,0.0244101,0.011409,0.121808,0.0450255,0.303996,
0.415,0.0365197,0.117276,0.000782848,0.0206794,0.0144322,0.123133,0.0555701,0.308943,
0.42,0.0229574,0.099372,0,0.0141376,0.0221505,0.128476,0.0517757,0.320199,
0.425,0.0142403,0.0793348,0,0.0213722,0.0191345,0.12268,0.0628974,0.302108,
0.43,0.0142456,0.0682139,0,0.0279512,0.0136992,0.11477,0.0637265,0.282674,
0.435,0.0312189,0.0768797,0,0.00291269,0.0113699,0.107266,0.0600239,0.269002,
0.44,0.0399071,0.075282,0.00081969,0.0215102,0.00977157,0.10124,0.0529317,0.242523,
0.445,0.0462105,0.064627,0.0273104,0.0136161,0.0103922,0.104482,0.0524016,0.204248,
0.45,0.0023953,0.074627,0.00712193,0.0196173,0.0461672,0.0976057,0,0.19406,
0.455,0.00314958,0.0800696,0.00545346,0.02332,0.0398241,0.0986485,0.0113421,0.171478,
0.46,0.00247623,0.0850297,0.00487852,0.0264142,0.0486368,0.0986666,0,0.156559,
0.465,0.028066,0.0905963,0.00337105,0.0289753,0.0140662,0.100444,0.0291733,0.141955,
0.47,0.0304072,0.101187,0.00688228,0.0354947,0,0.108155,0.0397019,0.139591,
0.475,0.0521342,0.112955,0.005989,0.0319895,0,0.102514,0.0399261,0.135999,
0.48,0.0466481,0.108762,0.00843675,0.0419674,0,0.108779,0.0402918,0.136146,
0.485,0.0553572,0.117542,0.0172155,0.0251775,0,0.11496,0.0393084,0.155896,
0.49,0.0418769,0.102142,0.0108514,0.0102072,0.0330141,0.110744,0.0261325,0.159208,
0.495,0.03131,0.0910601,0.00313482,0.00225207,0.0342665,0.106532,0.0417503,0.166723,
0.5,0.0347147,0.0732043,0.00755539,0.0286656,0.00734475,0.109522,0,0.182856,
0.505,0.0225318,0.0642749,0.00686045,0.0120586,0.00114539,0.117806,0.0316163,0.216882,
0.51,0.00668941,0.056615,0.00753301,0.0162788,0,0.118524,0.042705,0.233077,
0.515,0,0.0477841,0.00100728,0.0174611,0.00922005,0.11536,0.0495606,0.241795,
0.52,0.00363665,0.0392209,0.0142075,0.0122493,0.0191606,0.121737,0,0.24776,
0.525,0.0102378,0.0288765,0.00545606,0.00329756,0.0203473,0.110324,0.0531707,0.236705,
0.53,0.00806107,0.0179484,0.00206151,0.0137706,0.0116766,0.101011,0.0611794,0.225991,
0.535,0.00977657,0.0193533,0,0.0221422,0,0.100794,0.0725769,0.227974,
0.54,0.0092505,0.0152822,0.0197258,0.0226145,0,0.095638,0.0691974,0.214572,
0.545,0.0110986,0.0117753,0.0304403,0.0192986,0,0.0907587,0.0604792,0.199209,
0.55,0.0130394,0.00593675,0.0285321,0.0121475,0.0103652,0.0762004,0.0678707,0.178754,
0.555,0.0106334,0.00490936,0.031352,0,0.0246736,0.0649026,0.0573267,0.162585,
0.56,0.023566,0.0184162,0.0563237,0.00759629,0.00668773,0.0636325,0.00405099,0.160335,
0.565,0.0150882,0.0212519,0.0557769,0.0135739,0,0.0702587,0.058291,0.149942,
0.57,0,0.0273491,0.0573849,0.0131759,0,0.0753174,0.0571773,0.146559,
0.575,0.0517999,0.0335083,0.0637053,0,0,0.0722074,0.0291182,0.133103,
0.58,0.0710196,0.0215582,0.0446418,0,0.041827,0.0515708,0.0392078,0.0984202,
0.585,0.0963474,0.0318135,0.0348502,0,0.00953224,0.0455513,0.0487147,0.0655036,
0.59,0.105068,0.0345049,0.0442574,0,0,0.0555791,0.00652583,0.0833151,
0.595,0.119724,0.053418,0.0454636,0,0,0.0637265,0.0134248,0.0542865,
0.6,0.11522,0.0421194,0.0302925,0,0.00426244,0.0577273,0.0474117,0.0665234,
0.605,0.0773925,0.0246013,0.0231968,0,0.0363181,0.0483715,0.027567,0.0686378,
0.61,0.0681333,0.0175112,0.0109557,0.00474676,0.0142412,0.039025,0.0648538,0.0695433,
0.615,0.0773486,0.0358042,0.0168897,0.00328167,0.0329946,0.0401759,0.0324464,0.0399728,
0.62,0.0820248,0.0418678,0.0256364,0.000128048,0.0229539,0.0511245,0.000442672,0.0489203,
0.625,0.0953703,0.0400079,0.0241392,0,0.00761008,0.0536487,0.0290431,0.0396721,
0.63,0.0797515,0.0389593,0.0281911,0.00421561,0,0.0599963,0.0329509,0.0408458,
0.635,0.0417967,0.0423678,0.03494,0.0148663,0.0176261,0.0649477,0.0314131,0.0521566,
0.64,0.0474533,0.0528667,0.0352661,0,0,0.0717203,0.0464657,0.05493,
0.645,0.0285958,0.0633637,0.0409699,0.00134984,0,0.0800798,0.0553277,0.0704315,
0.65,0.0302768,0.0664506,0.031498,0.0117518,0.00734255,0.0778491,0.0602485,0.0586476,
0.655,0.0373671,0.0618287,0.0352342,0.0190291,0.014653,0.078216,0.0561246,0.0701808,
0.66,0.0105107,0.065016,0.046552,0.0286405,0.0137622,0.0839267,0.0516612,0.0672217,
0.665,0.0282358,0.0693027,0.057057,0.0335596,0.0185052,0.0915027,0.0286062,0.0524511,
0.67,0.0279936,0.0713607,0.0526138,0.0358297,0.0179767,0.093689,0.0679723,0.0242619,
0.675,0.029316,0.0716743,0.0534728,0.0345637,0.0097905,0.0947559,0.0715605,0.0281258,
0.68,0.0312487,0.0709817,0.0547273,0.0312599,0.00890966,0.100403,0.0784172,0.0331813,
0.685,0.0365588,0.0752545,0.0572016,0.0239375,0.00146434,0.107336,0.0803331,0.0382228,
0.69,0.032281,0.063774,0.0527299,0.0165534,0.0339216,0.107641,0.0830067,0.0382262,
0.695,0.026123,0.0649352,0.0508177,0.0100571,0.0306555,0.114442,0.0852854,0.0525327,
0.7,0.02767,0.0722684,0.0479911,0,0.0565238,0.123047,0.0853628,0.0455086,
0.705,0.0233649,0.0704069,0.044161,0.00310524,0.0748287,0.118237,0.075304,0.0393074,
0.71,0.0202467,0.0726602,0.0375983,0,0.0914203,0.120675,0.0781796,0.055492,
0.715,0,0.0837568,0.0291209,0,0.0898875,0.127255,0.0812989,0.0547112,
0.72,0.0109331,0.0825497,0.0151732,0,0.0825171,0.124922,0.0851245,0.0529142,
0.725,0.0529497,0.085644,0.0149823,0,0.0237321,0.129698,0.094417,0.0730944,
0.73,0.0435263,0.0823634,0.00756737,0,0.0580208,0.131055,0.0929863,0.0801469,
0.735,0.0492442,0.0813404,0.00757309,0,0.0659353,0.125053,0.0712505,0.0927635,
0.74,0.0277872,0.0676839,0,0,0.0760827,0.126265,0.063193,0.0978837,
0.745,0.00983171,0.0565331,0,0,0.0791344,0.107483,0.0616873,0.105214,
0.75,0.00323208,0.0330159,0,0.00131731,0.0874256,0.110074,0.065563,0.0900747,
0.755,0,0.0296905,0,0,0.0902921,0.0903048,0.0772809,0.092825,
0.76,0.0133469,0.0302148,0,0,0.0995572,0.0887838,0.0912636,0.0934121,
0.765,0,0.0247486,0,0.00760553,0.102149,0.0854556,0.100669,0.109718,
0.77,0.0205058,0.0247112,0,0,0.114629,0.0941129,0.10446,0.118187,
0.775,0.00655358,0.0178557,0,0,0.115545,0.0901677,0.106983,0.0980966,
0.78,0.0127548,0.0216477,0,0.00926222,0.121266,0.0917428,0.124805,0.104078,
0.785,0.00340837,0.0111244,0,0.00614624,0.123073,0.0910875,0.126105,0.0866753,
0.79,0.0176197,0.0204476,0,0.0205885,0.11608,0.0830541,0.127862,0.0866715,
0.795,0.00756678,0.013215,0,0.0142398,0.130658,0.0898447,0.136888,0.0746429,
0.8,0,0.0224933,0,0.0222102,0.131868,0.0748321,0.127349,0.0717394,
0.805,0.00500208,0.0240879,0,0.0208835,0.148111,0.0826889,0.138376,0.0733726,
0.81,0,0.0289385,0,0.0227844,0.12849,0.0652822,0.123069,0.0727268,
0.815,0,0.0340538,0,0.0227751,0.158664,0.0778903,0.135661,0.0781129,
0.82,0,0.0447112,0,0.0228545,0.132356,0.0668843,0.127156,0.079591,
0.825,0.0474002,0.0565185,0,0.0112815,0.149348,0.0765717,0.134747,0.0738223,
0.83,0.03555,0.0490291,0,0.0160398,0.138297,0.0707747,0.126037,0.0596952,
0.835,0.03448,0.0502301,0,0.0230682,0.148138,0.0792126,0.127468,0.0627696,
0.84,0.0268416,0.0526427,0.00273343,0.0163156,0.153683,0.0799072,0.125487,0.0566978,
0.845,0.0315625,0.0538169,0.00389131,0.0155082,0.152099,0.0833323,0.123966,0.0648365,
0.85,0.0330074,0.0545828,0.00520393,0.0220813,0.163705,0.0894211,0.126467,0.0606375,
0.855,0,0.051814,0.00361626,0.0145631,0.210506,0.105716,0.133739,0.0703462,
0.86,0,0.0521181,0.00766936,0.00602237,0.18109,0.104437,0.118247,0.0897127,
0.865,0,0.0486297,0.00575789,0.0147447,0.187442,0.0972994,0.112804,0.0946732,
0.87,0,0.0527051,0.00472103,0.0235446,0.184897,0.103854,0.1118,0.101084,
0.875,0.000418753,0.0499532,0.00572782,0.0222847,0.20298,0.110643,0.113524,0.106154,
0.88,0.0111906,0.0507597,0.00471426,0.0190241,0.199326,0.115597,0.115061,0.120419,
0.885,0,0.0351152,0.00289045,0.0222364,0.209083,0.117575,0.113153,0.107602,
0.89,0,0.0292585,0.00256856,0.019519,0.204699,0.114768,0.117211,0.111571,
0.895,0,0.0193048,0.00879046,0.0261578,0.201424,0.113077,0.112248,0.123436,
0.9,0,0.0211822,0.00863243,0.0301185,0.200541,0.113308,0.121798,0.118423,
0.905,0,0.0178041,0.00535987,0.0255597,0.211518,0.126174,0.134539,0.126524,
0.91,0,0.0188996,0.00693336,0.0266809,0.200805,0.117168,0.143592,0.116968,
0.915,0.0135422,0.0211647,0.0079276,0.0273657,0.198792,0.113938,0.153616,0.104851,
0.92,0.00413505,0.0284848,0.00230816,0.0202784,0.198219,0.115517,0.17667,0.10125,
0.925,0.00102888,0.0377396,0,0.0208061,0.191068,0.118232,0.187961,0.104982,
0.93,0,0.049634,0,0.0211353,0.198765,0.123361,0.207805,0.0941923,
0.935,0,0.0652705,0,0.0236338,0.191539,0.119164,0.218687,0.0985621,
0.94,0.00421619,0.0819256,0.000781288,0.0286367,0.199762,0.12037,0.234726,0.0902599,
0.945,0.00794734,0.0984239,0.000200138,0.0227559,0.211523,0.119977,0.243395,0.0825522,
0.95,0.0285858,0.104052,0.0100865,0.026153,0.249561,0.142535,0.295281,0.0677146,
0.955,0.0109305,0.101811,0.00170753,0.0303241,0.287353,0.18146,0.361082,0.077238,
0.96,0.0140748,0.132111,0.0162147,0.0373421,0.214371,0.126989,0.302338,0.0910674,
0.965,0.0352137,0.145773,0.0149706,0.0344677,0.256207,0.148286,0.320483,0.0802012,
0.97,0.0507718,0.150433,0.0161172,0.0324076,0.271518,0.151294,0.330387,0.0628349,
0.975,0.0509947,0.1485,0,0.0298333,0.295316,0.148109,0.341587,0.0433673,
0.98,0.0633829,0.144089,0,0.0319141,0.285182,0.143347,0.339504,0.0304143,
0.985,0.0742569,0.144047,0.00613934,0.0321344,0.302629,0.141423,0.345764,0.0275456,
0.99,0.088331,0.137637,0.00786954,0.0337328,0.313266,0.149895,0.354978,0.0223738,
0.995,0.0936574,0.131106,0.00776961,0.0338975,0.328749,0.149602,0.365699,0.019145,
1,0.0994794,0.120824,0.0186866,0.0341866,0.344772,0.170382,0.376851,0.0102006,
1.005,0.0994329,0.11119,0.00860885,0.0354141,0.346155,0.163314,0.381966,0,
1.01,0.110221,0.0992767,0.0133757,0.0352582,0.355274,0.185089,0.393941,0.00774532,
1.015,0.114335,0.0940285,0.0129591,0.0358568,0.372844,0.201759,0.409453,0,
1.02,0.126005,0.0859568,0.0185766,0.0325198,0.365641,0.220675,0.411635,0.00550982,
1.025,0.133717,0.0815081,0.0242191,0.0325132,0.373331,0.240945,0.425372,0.00488752,
1.03,0.152521,0.0783816,0.0195052,0.0293216,0.364586,0.266744,0.429408,0.00344232,
1.035,0.159198,0.0730859,0.0167508,0.0292415,0.357224,0.28421,0.439548,0.00463563,
1.04,0.178925,0.0731303,0.0118537,0.0270376,0.342382,0.304558,0.440616,0.00836878,
1.045,0.188325,0.0728267,0.00877862,0.0264449,0.301947,0.325418,0.451906,0.0144752,
1.05,0.199486,0.0737446,0.0112185,0.0278704,0.289769,0.350399,0.458441,0.0247031,
1.055,0.183342,0.0655366,0.0141218,0.0285104,0.286259,0.354707,0.470147,0.0278221,
1.06,0.182029,0.0602673,0.0146621,0.0287144,0.278496,0.353741,0.471786,0.0395252,
1.065,0.169427,0.0532862,0.0188328,0.0297067,0.27514,0.355971,0.484061,0.0510532,
1.07,0.163145,0.0468727,0.0188255,0.0296005,0.272688,0.361161,0.488257,0.0653407,
1.075,0.149552,0.0392736,0.0173469,0.0301158,0.269736,0.36537,0.499016,0.0795059,
1.08,0.141513,0.0329832,0.0167986,0.0304053,0.268705,0.373071,0.5045,0.093912,
1.085,0.131237,0.0264745,0.0207841,0.0305961,0.271231,0.380419,0.515382,0.107322,
1.09,0.121275,0.0217416,0.0199674,0.0307309,0.272838,0.386889,0.526368,0.118385,
1.095,0.116604,0.019068,0.0174526,0.0308067,0.274829,0.389801,0.533967,0.128022,
1.1,0.107891,0.0192983,0.0162297,0.0310704,0.279698,0.394035,0.55188,0.131908,
1.105,0.102928,0.0215085,0.0139515,0.0308044,0.283489,0.394263,0.56844,0.134809,
1.11,0.0987433,0.0284175,0.0110309,0.0314175,0.288097,0.391655,0.588936,0.133007,
1.115,0.0969396,0.0385776,0.0069472,0.0257142,0.292727,0.38681,0.615917,0.129669,
1.12,0.0935996,0.0511995,0.00396751,0.0282313,0.297169,0.378774,0.638587,0.124698,
1.125,0.0909568,0.0665691,0,0.0282471,0.29769,0.364177,0.666605,0.118458,
1.13,0.0922476,0.0848055,0,0.0283286,0.298678,0.350075,0.686673,0.111843,
1.135,0.0770276,0.0967863,0,0.0216264,0.353544,0.306846,0.725789,0.0977897,
1.14,0.0672333,0.115954,0.00155854,0.0218887,0.357299,0.268271,0.747142,0.0930519,
1.145,0.0697359,0.138145,0.00699745,0.0155365,0.362415,0.239766,0.776162,0.0914832,
1.15,0.0716698,0.157126,0.00241439,0.0193793,0.369472,0.220823,0.78886,0.0903805,
1.155,0.075288,0.171868,0,0.0212663,0.378118,0.208821,0.808073,0.0874516,
1.16,0.0747625,0.181713,0,0.0229449,0.386629,0.202077,0.816895,0.0847991,
1.165,0.0745553,0.184731,0,0.023414,0.392823,0.201179,0.82449,0.0806281,
1.17,0.0694377,0.183544,0.0138654,0.0230582,0.398419,0.202152,0.83075,0.0753286,
1.175,0.109608,0.176846,0.00864535,0.0163987,0.426284,0.187234,0.858154,0.0581693,
1.18,0.0963458,0.164985,0.0289748,0.0152368,0.40842,0.194061,0.852692,0.0530254,
1.185,0.0919657,0.156993,0.0469,0.0172896,0.403197,0.204135,0.84852,0.0530065,
1.19,0.088205,0.148982,0.0654851,0.0179387,0.405448,0.225355,0.849386,0.0522174,
1.195,0.0850663,0.126407,0.0742512,0.0153575,0.406693,0.243813,0.843174,0.0461767,
1.2,0.0867714,0.119058,0.0821577,0,0.414015,0.262678,0.843208,0.0489211,
1.205,0.0882735,0.106718,0.0827469,0.0254657,0.420944,0.276446,0.840891,0.044224,
1.21,0.100061,0.105035,0.0828744,0.0243904,0.43137,0.286431,0.84038,0.0556493,
1.215,0.109526,0.0972396,0.0763789,0.0396583,0.441149,0.290346,0.836366,0.0446602,
1.22,0.104624,0.0996015,0.088737,0.0514086,0.433427,0.30594,0.81036,0.0611901,
1.225,0.198203,0.100256,0.0896087,0.035974,0.471038,0.371282,0.822769,0.0715105,
1.23,0.164436,0.104938,0.0839729,0.0422244,0.431112,0.299096,0.767235,0.0751058,
1.235,0.211668,0.108286,0.0932422,0.0427816,0.450878,0.318938,0.757168,0.077084,
1.24,0.251392,0.109685,0.0951588,0.0455458,0.457879,0.325588,0.74666,0.0753051,
1.245,0.286418,0.110355,0.0974818,0.0491869,0.454609,0.324861,0.733965,0.0760082,
1.25,0.317065,0.11104,0.102881,0.0497169,0.445614,0.326146,0.727311,0.0789721,
1.255,0.344682,0.112581,0.109535,0.051495,0.432121,0.329924,0.723257,0.0848198,
1.26,0.367411,0.113525,0.119161,0.0531535,0.415239,0.338787,0.724099,0.0921864,
1.265,0.386993,0.115689,0.128792,0.0557189,0.394448,0.352626,0.729202,0.104125,
1.27,0.401214,0.115572,0.14004,0.0558656,0.372402,0.368211,0.736809,0.115767,
1.275,0.409242,0.115101,0.147891,0.0591485,0.348699,0.382759,0.74779,0.130269,
1.28,0.410735,0.114352,0.153061,0.0622138,0.335827,0.391401,0.762664,0.145409,
1.285,0.41361,0.115595,0.166381,0.0679495,0.291214,0.400384,0.783332,0.159291,
1.29,0.410111,0.112528,0.168587,0.0778347,0.287811,0.398829,0.812156,0.17339,
1.295,0.405304,0.108112,0.171671,0.0906029,0.282116,0.387406,0.839173,0.187191,
1.3,0.403674,0.102611,0.178818,0.106648,0.277316,0.368887,0.86453,0.199611,
1.305,0.402606,0.0907615,0.17408,0.127632,0.303461,0.3363,0.906111,0.209417,
1.31,0.406098,0.0810041,0.176964,0.146492,0.316175,0.291385,0.938919,0.217307,
1.315,0.415684,0.0713151,0.186241,0.165506,0.331596,0.240641,0.965381,0.226451,
1.32,0.430683,0.0632156,0.200402,0.183778,0.347418,0.189516,0.984205,0.235424,
1.325,0.44647,0.0558374,0.217913,0.198501,0.367318,0.143034,0.995594,0.242307,
1.33,0.465809,0.0284045,0.234883,0.208105,0.380369,0.106379,1,0.227362,
1.335,0.481596,0.0241404,0.257566,0.215538,0.391514,0.0815143,0.982202,0.226085,
1.34,0.494608,0.0243234,0.272584,0.215695,0.417293,0.0669628,0.959064,0.21783,
1.345,0.515566,0.0276995,0.285822,0.204103,0.460049,0.0420613,0.932566,0.203487,
1.35,0.504284,0.0389762,0.27708,0.192002,0.486741,0.0572333,0.890752,0.187087,
1.355,0.499175,0.0545823,0.269981,0.173983,0.514875,0.0564558,0.842111,0.173853,
1.36,0.503533,0.0728209,0.267282,0.149988,0.555711,0.0499192,0.798542,0.161536,
1.365,0.476425,0.119574,0.260147,0.131537,0.565048,0.0920028,0.733711,0.161496,
1.37,0.461486,0.137138,0.259363,0.113121,0.572253,0.122797,0.689198,0.156091,
1.375,0.441922,0.151984,0.257749,0.0960668,0.573151,0.156832,0.657443,0.151826,
1.38,0.41769,0.16267,0.256196,0.0811989,0.565382,0.18734,0.63785,0.148801,
1.385,0.390562,0.168864,0.257001,0.0694132,0.550458,0.211192,0.629647,0.147655,
1.39,0.363635,0.171004,0.261626,0.0610452,0.531216,0.227559,0.632886,0.149426,
1.395,0.339651,0.169976,0.270605,0.0556368,0.509922,0.235838,0.646371,0.1548,
1.4,0.319621,0.167107,0.283227,0.0528149,0.489348,0.235561,0.669181,0.16422,
1.405,0.305019,0.163001,0.299385,0.0510365,0.471269,0.228046,0.696921,0.177277,
1.41,0.296054,0.158452,0.318028,0.0494968,0.458144,0.21469,0.724936,0.193251,
1.415,0.293198,0.153811,0.337808,0.0472889,0.451923,0.197438,0.74879,0.211184,
1.42,0.296131,0.148992,0.357399,0.043646,0.454093,0.178316,0.764995,0.229518,
1.425,0.303217,0.143732,0.375753,0.0381292,0.46494,0.158702,0.771317,0.246704,
1.43,0.316008,0.141856,0.393765,0.0250738,0.484944,0.140367,0.767709,0.26815,
1.435,0.321054,0.131933,0.404618,0.0235607,0.510389,0.12161,0.753716,0.27092,
1.44,0.324987,0.122418,0.413245,0.0286467,0.540327,0.1034,0.730051,0.269866,
1.445,0.327169,0.115095,0.421972,0.0340117,0.572304,0.0853121,0.698147,0.266256,
1.45,0.332802,0.112483,0.43479,0.0324435,0.604489,0.0671227,0.661975,0.262438,
1.455,0.332798,0.124211,0.44437,0.0237074,0.639078,0.0530957,0.622912,0.257874,
1.46,0.344153,0.111368,0.456885,0.0347376,0.670313,0.0344269,0.590158,0.25558,
1.465,0.353258,0.113235,0.469002,0.0330042,0.698567,0.0140264,0.560924,0.251231,
1.47,0.361011,0.135766,0.485597,0.0316265,0.722219,0,0.533725,0.252705,
1.475,0.365776,0.165943,0.500673,0.0279375,0.741311,0,0.517282,0.247994,
1.48,0.369533,0.184528,0.514146,0.0293507,0.749963,0,0.509886,0.23901,
1.485,0.365679,0.204923,0.52052,0.0461189,0.74988,0.00254291,0.507441,0.225342,
1.49,0.358573,0.226576,0.521443,0.0641445,0.742463,0.00572003,0.50877,0.212636,
1.495,0.350157,0.2491,0.518504,0.083953,0.730709,0.00103153,0.513589,0.202545,
1.5,0.341343,0.271298,0.512996,0.105177,0.717737,0.00311986,0.521658,0.194972,
1.505,0.332695,0.29182,0.506468,0.126419,0.705775,0.00416302,0.53204,0.189473,
1.51,0.324502,0.3093,0.500578,0.145953,0.696205,0.004003,0.544162,0.185607,
1.515,0.317308,0.322723,0.496742,0.161892,0.689107,0.0076883,0.557744,0.183128,
1.52,0.312167,0.331818,0.496054,0.173044,0.682781,0.00309247,0.572647,0.182395,
1.525,0.309515,0.336574,0.498583,0.17839,0.673537,0,0.588094,0.183596,
1.53,0.312279,0.333934,0.5014,0.173845,0.662136,0.00705263,0.605933,0.183775,
1.535,0.320707,0.325481,0.505213,0.160823,0.647328,0.0296131,0.624027,0.183921,
1.54,0.323507,0.314651,0.5092,0.145637,0.624135,0.0572654,0.636679,0.187232,
1.545,0.323472,0.303747,0.515697,0.131475,0.594796,0.0849934,0.642852,0.196541,
1.55,0.347188,0.2869,0.53114,0.110331,0.570986,0.0996548,0.649554,0.202148,
1.555,0.362944,0.272108,0.546247,0.0937662,0.547498,0.122007,0.650652,0.21106,
1.56,0.396337,0.253562,0.566423,0.0728111,0.531081,0.133436,0.649812,0.212168,
1.565,0.434438,0.236745,0.590147,0.0546481,0.521661,0.137719,0.645959,0.21245,
1.57,0.448598,0.225449,0.608246,0.0462395,0.510139,0.159794,0.631438,0.217568,
1.575,0.466926,0.216316,0.632068,0.0431089,0.502299,0.167517,0.612341,0.224273,
1.58,0.481262,0.210733,0.658253,0.0477872,0.498585,0.172739,0.591855,0.231065,
1.585,0.490212,0.208779,0.685624,0.060032,0.498661,0.174663,0.573166,0.237547,
1.59,0.491692,0.209918,0.713037,0.0797875,0.500903,0.171877,0.557553,0.241366,
1.595,0.486872,0.215621,0.740748,0.10544,0.505306,0.163663,0.546748,0.244645,
1.6,0.471644,0.222499,0.763918,0.132444,0.508774,0.149056,0.53706,0.243473,
1.605,0.449835,0.233968,0.786909,0.160743,0.51442,0.128616,0.53116,0.241152,
1.61,0.423326,0.250457,0.810846,0.188508,0.517162,0.104054,0.527826,0.237482,
1.615,0.408811,0.262453,0.836389,0.204289,0.533134,0.048685,0.525412,0.226751,
1.62,0.351776,0.287731,0.847873,0.227397,0.535155,0.0548932,0.516763,0.220362,
1.625,0.302729,0.318818,0.86442,0.249159,0.534785,0.0382985,0.504622,0.224295,
1.63,0.273204,0.350764,0.888205,0.266286,0.543761,0.0042908,0.494864,0.230822,
1.635,0.23876,0.375867,0.907997,0.271243,0.546545,0.00275415,0.478582,0.227018,
1.64,0.209632,0.395193,0.911162,0.265833,0.564188,0.0043777,0.471629,0.219397,
1.645,0.185443,0.412172,0.913352,0.256428,0.574318,0.00786475,0.461282,0.213402,
1.65,0.16115,0.422911,0.913701,0.245282,0.583617,0.00667166,0.449103,0.211303,
1.655,0.1581,0.438751,0.913357,0.232048,0.587773,0.00783401,0.431583,0.203411,
1.66,0.149277,0.444558,0.909279,0.221514,0.594726,0.00319609,0.411178,0.202938,
1.665,0.14553,0.443935,0.89966,0.210213,0.596814,0.0219752,0.39027,0.200826,
1.67,0.125975,0.441339,0.873906,0.205133,0.60518,0.0551335,0.378089,0.208528,
1.675,0.143989,0.437363,0.848132,0.191908,0.598439,0.0791869,0.360708,0.202822,
1.68,0.180088,0.429356,0.826582,0.178383,0.603486,0.0864916,0.35638,0.196143,
1.685,0.190306,0.425948,0.793416,0.170534,0.599772,0.123459,0.345638,0.187318,
1.69,0.203894,0.426742,0.762402,0.164854,0.59505,0.148839,0.332513,0.182337,
1.695,0.219183,0.430871,0.733183,0.160546,0.590946,0.170732,0.316757,0.178463,
1.7,0.235163,0.437348,0.705527,0.157531,0.5907,0.189352,0.300269,0.175641,
1.705,0.250492,0.44468,0.67952,0.155958,0.592866,0.203677,0.284664,0.172786,
1.71,0.264308,0.451188,0.654082,0.156484,0.598822,0.212921,0.273161,0.170314,
1.715,0.276063,0.455332,0.63016,0.1594,0.605889,0.215811,0.265464,0.167276,
1.72,0.285531,0.455889,0.6074,0.165201,0.61671,0.212246,0.262987,0.16441,
1.725,0.292666,0.451936,0.587218,0.173699,0.628384,0.202156,0.264221,0.160567,
1.73,0.297925,0.443022,0.568309,0.184836,0.643845,0.1865,0.271587,0.15626,
1.735,0.301667,0.429261,0.551542,0.197879,0.658622,0.165597,0.283122,0.150462,
1.74,0.304282,0.410881,0.536524,0.212303,0.675771,0.140932,0.301569,0.143449,
1.745,0.305507,0.389001,0.524981,0.226871,0.689812,0.113163,0.324099,0.134435,
1.75,0.305019,0.364498,0.516631,0.24072,0.704803,0.0838613,0.352031,0.124863,
1.755,0.302568,0.339113,0.514872,0.252826,0.714799,0.0536282,0.379934,0.116193,
1.76,0.304827,0.313149,0.521229,0.260099,0.729594,0.0177496,0.411887,0.107409,
1.765,0.290513,0.289095,0.531279,0.265858,0.735412,0,0.434349,0.102863,
1.77,0.272386,0.269399,0.548464,0.267127,0.739753,0,0.448892,0.105087,
1.775,0.251593,0.254609,0.57358,0.263424,0.742101,0,0.452741,0.110863,
1.78,0.228812,0.244079,0.603548,0.254509,0.75055,0.000673789,0.447188,0.118953,
1.785,0.207995,0.240518,0.633959,0.239214,0.768448,0.00147844,0.438104,0.130742,
1.79,0.172272,0.238888,0.665225,0.225069,0.788971,0,0.413007,0.152231,
1.795,0.1609,0.255476,0.694151,0.204927,0.803768,0,0.361874,0.15796,
1.8,0.147282,0.275304,0.719809,0.188312,0.82941,0,0.305322,0.168125,
1.805,0.128453,0.298156,0.725582,0.178447,0.870033,0,0.257105,0.177484,
1.81,0.0631326,0.320294,0.724864,0.181177,0.929379,0,0.216671,0.202174,
1.815,0.0389105,0.352296,0.734882,0.16666,0.95593,0,0.149667,0.212978,
1.82,0.0173207,0.39396,0.740211,0.153529,0.980327,0,0.0946094,0.220974,
1.825,0.00185162,0.442019,0.738961,0.146413,1,0,0.0535349,0.232339,
1.83,0,0.496596,0.738455,0.135021,0.999916,0,0.0247708,0.237711,
1.835,0,0.55206,0.73936,0.128122,0.978526,0,0.0127217,0.247212,
1.84,0,0.604921,0.750319,0.123205,0.937815,0,0.0152414,0.25972,
1.845,0,0.653482,0.770282,0.113473,0.872885,0.0220696,0.0394532,0.279253,
1.85,0,0.687818,0.796125,0.119195,0.785597,0.05987,0.0788612,0.282341,
1.855,0,0.71523,0.82788,0.121454,0.681247,0.107279,0.139152,0.298124,
1.86,0.00198978,0.726959,0.865713,0.12174,0.565615,0.154736,0.218165,0.311784,
1.865,0,0.724341,0.917145,0.123295,0.43247,0.204357,0.291879,0.331886,
1.87,0.030164,0.707696,0.96046,0.126837,0.292795,0.24782,0.356661,0.347672,
1.875,0.0705507,0.668986,0.99115,0.129907,0.17063,0.283402,0.409437,0.356223,
1.88,0.0720756,0.601065,0.997683,0.125228,0.157955,0.292535,0.440449,0.359324,
1.885,0.0936561,0.537159,0.990544,0.134522,0.1667,0.284469,0.463559,0.36889,
1.89,0.0980661,0.496718,1,0.164094,0.0456484,0.291717,0.505696,0.396,
1.895,0.128663,0.420231,0.984893,0.189874,0.106126,0.280901,0.513321,0.361269,
1.9,0.162169,0.354147,0.976906,0.227281,0.107079,0.26659,0.504246,0.331115,
1.905,0.180617,0.284326,0.966154,0.253669,0.138646,0.244457,0.465984,0.275291,
1.91,0.189625,0.231105,0.947433,0.277939,0.153256,0.222677,0.430552,0.226475,
1.915,0.202478,0.200058,0.935856,0.296838,0.122044,0.212466,0.394065,0.169866,
1.92,0.20269,0.193102,0.919433,0.324285,0.12581,0.206318,0.358385,0.135572,
1.925,0.194127,0.194607,0.904052,0.335438,0.152492,0.196532,0.311878,0.0999722,
1.93,0.17174,0.210189,0.893456,0.332968,0.158565,0.187581,0.269998,0.102932,
1.935,0.174491,0.242977,0.880568,0.336321,0.129845,0.192257,0.221342,0.112686,
1.94,0.141641,0.296661,0.880339,0.323502,0.125015,0.198361,0.217558,0.0910843,
1.945,0.153179,0.355032,0.863721,0.31344,0.0917534,0.210205,0.191974,0.0975478,
1.95,0.118249,0.435556,0.856045,0.289459,0.0986437,0.207631,0.185899,0.0910206,
1.955,0.11292,0.503758,0.826118,0.265636,0.117497,0.20515,0.184841,0.102313,
1.96,0.111932,0.584569,0.80738,0.250131,0.0760699,0.205213,0.180264,0.118554,
1.965,0.129898,0.651401,0.781398,0.229532,0.0372299,0.224389,0.194814,0.126947,
1.97,0.135994,0.70958,0.758743,0.210982,0.00407728,0.235001,0.198805,0.136926,
1.975,0.155936,0.746838,0.732801,0.19271,0,0.255959,0.207023,0.133637,
1.98,0.157001,0.765661,0.713476,0.178615,0,0.266406,0.201973,0.134825,
1.985,0.169163,0.755806,0.689571,0.155168,0.0028769,0.285183,0.215664,0.125043,
1.99,0.155681,0.725476,0.665536,0.149979,0.0624342,0.293236,0.220481,0.123286,
1.995,0.159802,0.684933,0.641864,0.141306,0.0304583,0.304159,0.244967,0.122729,
2,0.158912,0.634043,0.626739,0.146273,0.0562574,0.320042,0.276647,0.117979,
2.005,0.154498,0.572702,0.607149,0.154359,0.044573,0.338923,0.303724,0.141153,
2.01,0.160893,0.504136,0.612776,0.16574,0.00405319,0.373101,0.357356,0.141613,
2.015,0.156488,0.428456,0.59687,0.179373,0.0476538,0.38557,0.383902,0.148041,
2.02,0.156244,0.355521,0.602321,0.188547,0.0355092,0.397732,0.409126,0.149814,
2.025,0.156532,0.290036,0.598033,0.201157,0.0517868,0.396962,0.426537,0.146416,
2.03,0.163134,0.240176,0.611079,0.211173,0.0225331,0.39685,0.433082,0.147326,
2.035,0.178821,0.196435,0.609787,0.218881,0.0796749,0.394672,0.439391,0.125964,
2.04,0.195341,0.165131,0.635081,0.216637,0.0270565,0.393067,0.441959,0.120795,
2.045,0.200724,0.132175,0.64884,0.209159,0.0128372,0.38775,0.428907,0.141218,
2.05,0.218643,0.109024,0.67929,0.216179,0.0792931,0.379443,0.391168,0.130956,
2.055,0.231406,0.0865862,0.706058,0.208977,0.0630765,0.379588,0.386755,0.129137,
2.06,0.231747,0.0744136,0.721534,0.199669,0.0745109,0.371173,0.376703,0.12823,
2.065,0.236428,0.0772539,0.736076,0.199139,0.0728179,0.367277,0.374722,0.104651,
2.07,0.237302,0.0885905,0.743703,0.205531,0.0875984,0.358219,0.377439,0.0530584,
2.075,0.225547,0.0918987,0.743165,0.197155,0.0875167,0.346913,0.376503,0.0510864,
2.08,0.196488,0.117809,0.734799,0.167872,0.113244,0.322796,0.376184,0.0764812,
2.085,0.181536,0.101942,0.728338,0.168358,0.0978087,0.313753,0.362561,0.0802888,
2.09,0.143612,0.118151,0.719403,0.167752,0.119357,0.305304,0.353127,0.0830823,
2.095,0.160501,0.141287,0.704201,0.153927,0.122755,0.279046,0.334844,0.0698142,
2.1,0.154886,0.158986,0.688301,0.151728,0.145212,0.258903,0.317882,0.0629615,
2.105,0.143442,0.175114,0.672728,0.154433,0.155982,0.238074,0.30058,0.0487563,
2.11,0.103152,0.172308,0.647726,0.152733,0.177971,0.224323,0.286809,0.0674384,
2.115,0.108296,0.181147,0.633955,0.153003,0.180676,0.194415,0.268601,0.0375019,
2.12,0.099664,0.16903,0.62059,0.149482,0.188019,0.172139,0.253642,0.0568423,
2.125,0.103913,0.166166,0.615463,0.168733,0.187031,0.158405,0.25089,0.0452945,
2.13,0.0839772,0.146158,0.612383,0.177336,0.183103,0.147772,0.254714,0.0740515,
2.135,0.104657,0.137702,0.620517,0.203691,0.164435,0.1395,0.271024,0.076108,
2.14,0.124727,0.11174,0.633411,0.219008,0.138462,0.133733,0.299198,0.101677,
2.145,0.142954,0.102367,0.65041,0.241386,0.108769,0.133355,0.3461,0.0920267,
2.15,0.123043,0.0827026,0.669091,0.251959,0.0787551,0.131161,0.403979,0.114641,
2.155,0.165083,0.0856107,0.702819,0.254701,0.00636777,0.112847,0.461405,0.119436,
2.16,0.170859,0.0673303,0.735172,0.242057,0.0292395,0.0928681,0.511943,0.130491,
2.165,0.186991,0.0623179,0.776835,0.248885,0.00128485,0.0759247,0.550497,0.152485,
2.17,0.194747,0.0649196,0.82043,0.25104,0.0049954,0.0631772,0.590523,0.178834,
2.175,0.194116,0.0760425,0.860892,0.234395,0.0075499,0.04771,0.622631,0.194009,
2.18,0.189815,0.0997725,0.898462,0.220972,0,0.0355402,0.643859,0.20575,
2.185,0.181559,0.127021,0.932615,0.2054,0,0.0258827,0.6631,0.223414,
2.19,0.170064,0.167056,0.961207,0.194937,0,0.0202649,0.669704,0.223269,
2.195,0.175243,0.208065,0.982896,0.175902,0,0.0201854,0.662792,0.239454,
2.2,0.16238,0.234362,0.987351,0.173245,0,0.0253815,0.639056,0.237672,
2.205,0.149855,0.261478,0.983159,0.176745,0,0.0434888,0.612198,0.234177,
2.21,0.155449,0.290228,0.968927,0.16919,0,0.0572527,0.58281,0.228818,
2.215,0.13212,0.31755,0.945088,0.179076,0.00227346,0.0834225,0.568103,0.219417,
2.22,0.0904234,0.345962,0.902828,0.172395,0,0.102174,0.579455,0.220858,
2.225,0.0636223,0.347719,0.869163,0.185364,0,0.117687,0.554413,0.1925,
2.23,0.0295228,0.35289,0.840054,0.187984,0,0.135508,0.536475,0.179581,
2.235,0.0420127,0.354242,0.817463,0.187712,0,0.153698,0.524769,0.155478,
2.24,0.0411888,0.346119,0.804172,0.18227,0,0.167599,0.514442,0.144601,
2.245,0.0466797,0.332879,0.803758,0.171713,0,0.177319,0.505702,0.137432,
2.25,0.0492925,0.322218,0.817471,0.166493,0,0.185148,0.498545,0.127687,
2.255,0.0563071,0.312958,0.843644,0.163071,0,0.194808,0.495203,0.121563,
2.26,0.0584569,0.301856,0.877729,0.160089,0,0.199703,0.492473,0.129733,
2.265,0.0655616,0.293315,0.912702,0.159692,0,0.205332,0.490296,0.134611,
2.27,0.076396,0.287175,0.943081,0.167256,0,0.216466,0.490385,0.148142,
2.275,0.0804609,0.27801,0.970457,0.165321,0,0.234872,0.480852,0.174783,
2.28,0.11306,0.26072,0.986711,0.163938,0,0.250794,0.482801,0.177896,
2.285,0.0899647,0.249478,0.992075,0.175133,0,0.265291,0.482457,0.190189,
2.29,0.120506,0.235576,0.980035,0.173869,0,0.274328,0.476712,0.201295,
2.295,0.144789,0.216484,0.956313,0.175532,0,0.290805,0.471361,0.225054,
2.3,0.180448,0.205964,0.920872,0.183567,0.000225763,0.302887,0.463641,0.216984,
2.305,0.2306,0.194384,0.876059,0.184438,0.000585448,0.308679,0.450808,0.202997,
2.31,0.276334,0.190237,0.826704,0.182127,0.00451824,0.315546,0.437765,0.193527,
2.315,0.320005,0.163543,0.772172,0.185241,0.0033733,0.324506,0.424983,0.192908,
2.32,0.358494,0.153962,0.724206,0.195632,0,0.330124,0.416636,0.153302,
2.325,0.371375,0.129923,0.681574,0.188135,0,0.331754,0.411315,0.145159,
2.33,0.380881,0.11775,0.649606,0.188351,0,0.334086,0.409214,0.134309,
2.335,0.379249,0.109503,0.627503,0.183099,0,0.333603,0.408683,0.124055,
2.34,0.366137,0.107507,0.616666,0.175473,0.00159423,0.331797,0.406023,0.116415,
2.345,0.343597,0.109343,0.615936,0.174854,0,0.335928,0.41033,0.115525,
2.35,0.3139,0.124058,0.62734,0.160334,0.015062,0.335067,0.402344,0.11171,
2.355,0.282894,0.14168,0.649623,0.153508,0.00424173,0.339168,0.384568,0.115061,
2.36,0.251471,0.16592,0.678399,0.145137,0.0112217,0.342238,0.359098,0.122233,
2.365,0.223418,0.179647,0.709463,0.131272,0.0169053,0.34828,0.321651,0.117751,
2.37,0.204124,0.19931,0.746323,0.126081,0.00347526,0.357691,0.280192,0.122133,
2.375,0.191578,0.216609,0.780958,0.118808,0.0201345,0.367643,0.237514,0.122114,
2.38,0.17739,0.228041,0.773608,0.124275,0.0772979,0.358918,0.209369,0.140393,
2.385,0.175783,0.249199,0.790599,0.120786,0.0143022,0.364456,0.199364,0.133819,
2.39,0.165406,0.255071,0.773796,0.124098,0.0696163,0.356671,0.188514,0.132581,
2.395,0.160227,0.259083,0.749085,0.127721,0.105713,0.336489,0.174431,0.131561,
2.4,0.162068,0.261885,0.72118,0.135159,0.12777,0.311579,0.15995,0.132032,
2.405,0.173681,0.26412,0.692052,0.145564,0.141366,0.288428,0.14783,0.13165,
2.41,0.193602,0.26649,0.663075,0.159327,0.145751,0.269357,0.139259,0.12985,
2.415,0.220763,0.267898,0.63484,0.176531,0.140799,0.254728,0.134325,0.127174,
2.42,0.252895,0.269682,0.60983,0.196472,0.12563,0.244897,0.132584,0.122318,
2.425,0.288842,0.271643,0.590286,0.219601,0.101047,0.239508,0.133474,0.117084,
2.43,0.329816,0.278232,0.5788,0.249978,0.0685997,0.238194,0.13664,0.102969,
2.435,0.370946,0.283513,0.574123,0.281352,0.0281139,0.239743,0.142742,0.0906466,
2.44,0.409186,0.287364,0.571591,0.314261,0.00183427,0.240042,0.148776,0.0802409,
2.445,0.432434,0.283385,0.56819,0.343975,0.0267793,0.228214,0.140502,0.0767779,
2.45,0.453551,0.273311,0.585732,0.368529,0.0112791,0.219071,0.103353,0.0974982,
2.455,0.476419,0.281458,0.572434,0.411186,0,0.206698,0.162697,0.10258,
2.46,0.500768,0.294238,0.56937,0.456949,0,0.190628,0.217696,0.0958112,
2.465,0.51125,0.291635,0.559918,0.489811,0,0.164305,0.266446,0.119008,
2.47,0.531505,0.307744,0.560236,0.538035,0,0.136377,0.312289,0.115277,
2.475,0.549715,0.315616,0.559565,0.576438,0.00181942,0.103743,0.350182,0.122198,
2.48,0.565497,0.332591,0.551502,0.617481,0,0.0683083,0.395339,0.11639,
2.485,0.583507,0.350395,0.551179,0.653551,0.00527109,0.0299424,0.430887,0.110551,
2.49,0.598407,0.369278,0.547671,0.691575,0.00238246,0,0.46286,0.11203,
2.495,0.610796,0.396207,0.543744,0.743698,0.00796365,0,0.485726,0.102489,
2.5,0.591729,0.408432,0.528778,0.782792,0,0.0118465,0.49196,0.115488,
2.505,0.549871,0.417515,0.507397,0.819767,0,0,0.485398,0.137515,
2.51,0.490959,0.426733,0.482614,0.858173,0.000619476,0,0.472022,0.16698,
2.515,0.426211,0.436027,0.454955,0.899759,0.0377633,0,0.463988,0.200419,
2.52,0.364962,0.443758,0.422376,0.940102,0.0724901,0,0.46797,0.233247,
2.525,0.314939,0.450059,0.382404,0.972515,0.10477,0,0.482695,0.261864,
2.53,0.287336,0.457891,0.336666,0.992609,0.132189,0,0.502721,0.285104,
2.535,0.284416,0.471913,0.288801,1,0.150009,0,0.522298,0.305036,
2.54,0.304153,0.495936,0.24347,0.994635,0.154853,0,0.537362,0.322891,
2.545,0.335969,0.531476,0.201219,0.978175,0.153268,0,0.553686,0.340864,
2.55,0.385153,0.574914,0.167828,0.947343,0.132848,0,0.556519,0.356086,
2.555,0.456639,0.620224,0.143325,0.897263,0.0961727,0,0.551008,0.367253,
2.56,0.540828,0.68259,0.141521,0.832916,0.0435527,0,0.532305,0.379421,
2.565,0.627494,0.764443,0.16608,0.764923,0,0,0.49723,0.39771,
2.57,0.700131,0.848937,0.199977,0.700275,0,0,0.475386,0.426753,
2.575,0.772976,0.923917,0.246287,0.635513,0,0,0.452173,0.461095,
2.58,0.841602,0.975431,0.289731,0.569152,0.017065,0,0.439541,0.495729,
2.585,0.897596,1,0.32332,0.50612,0.025922,0,0.433941,0.525645,
2.59,0.937584,0.99879,0.34546,0.449783,0.0298067,0,0.431407,0.550991,
2.595,0.960751,0.975303,0.35924,0.403366,0.0142151,0.0111975,0.428292,0.571136,
2.6,0.973628,0.938703,0.374006,0.370138,0,0.0158673,0.423469,0.599443,
2.605,0.973917,0.888174,0.388077,0.344243,0.0167333,0.0265551,0.411715,0.630457,
2.61,0.969721,0.834481,0.408276,0.327925,0.0276193,0.0356188,0.394354,0.67204,
2.615,0.960463,0.777305,0.431277,0.314924,0.0529715,0.0449141,0.368385,0.713389,
2.62,0.950917,0.722885,0.459894,0.302955,0.0679538,0.0565318,0.336848,0.758626,
2.625,0.943783,0.673684,0.491781,0.290036,0.0788725,0.0731613,0.302755,0.80286,
2.63,0.937159,0.628595,0.524551,0.271245,0.0907445,0.0931082,0.266037,0.843378,
2.635,0.91847,0.580053,0.546748,0.23404,0.178595,0.112814,0.223753,0.870581,
2.64,0.886348,0.539557,0.565795,0.185448,0.236724,0.164887,0.185375,0.890941,
2.645,0.855361,0.511322,0.576418,0.133596,0.289639,0.221832,0.156605,0.907782,
2.65,0.811117,0.484611,0.564491,0.0793504,0.328256,0.270743,0.121589,0.91302,
2.655,0.779906,0.476223,0.536316,0.0355431,0.363857,0.322904,0.120529,0.909497,
2.66,0.758016,0.479589,0.499123,0.000202277,0.398548,0.374707,0.137869,0.900344,
2.665,0.747355,0.489116,0.471288,0,0.434092,0.429233,0.136165,0.883477,
2.67,0.739921,0.497929,0.438843,0.00772946,0.467948,0.483196,0.139022,0.861604,
2.675,0.743171,0.505216,0.404092,0.00835103,0.508727,0.547493,0.133881,0.839158,
2.68,0.760079,0.528881,0.347232,0.00855543,0.541165,0.607528,0.180508,0.814549,
2.685,0.771226,0.54879,0.292446,0,0.575147,0.668549,0.196126,0.790279,
2.69,0.789501,0.565152,0.241975,0.0220943,0.598592,0.728449,0.195019,0.756707,
2.695,0.809572,0.576855,0.186709,0.0728204,0.620167,0.788798,0.188598,0.714389,
2.7,0.824575,0.587121,0.128059,0.132642,0.639462,0.847968,0.170877,0.670979,
2.705,0.829105,0.596766,0.0666907,0.204756,0.65404,0.899861,0.141888,0.619986,
2.71,0.821527,0.616711,0.00270167,0.285646,0.681298,0.948662,0.0992699,0.57067,
2.715,0.774331,0.652432,0,0.368505,0.721985,0.99092,0.0288143,0.532039,
2.72,0.732731,0.670297,0,0.469888,0.751731,1,0.00188987,0.481906,
2.725,0.68743,0.682491,0.000984615,0.557437,0.753129,0.970971,0.0213787,0.466956,
2.73,0.665342,0.724251,0.0020872,0.645831,0.741134,0.908864,0.0799168,0.474972,
2.735,0.616955,0.716302,0.0606922,0.695068,0.74758,0.835692,0.131464,0.44956,
2.74,0.569315,0.695382,0.00835983,0.749956,0.797371,0.776964,0.180565,0.424284,
2.745,0.540109,0.679491,0.00907464,0.802272,0.821689,0.723298,0.188065,0.410717,
2.75,0.512954,0.662057,0.00918126,0.845601,0.846347,0.669676,0.200827,0.411711,
2.755,0.491477,0.645966,0.00988367,0.879972,0.86482,0.621826,0.216447,0.42694,
2.76,0.47634,0.634581,0.0113495,0.901244,0.873717,0.58287,0.234307,0.455416,
2.765,0.470068,0.631655,0.0171147,0.910139,0.868397,0.555871,0.251985,0.495007,
2.77,0.554469,0.72937,0.0472042,0.959321,0.806561,0.576871,0.162867,0.562956,
2.775,0.614723,0.768577,0,0.938694,0.741843,0.591741,0.101329,0.597747,
2.78,0.660585,0.77124,0.0646806,0.876344,0.620405,0.605171,0.0439725,0.615336,
2.785,0.710446,0.788621,0.146093,0.823916,0.481187,0.626678,0.01056,0.668704,
2.79,0.728425,0.784002,0.192636,0.749785,0.336685,0.650567,0.0477167,0.708802,
2.795,0.751083,0.78317,0.215755,0.676105,0.217994,0.681778,0.0745127,0.756546,
2.8,0.7936,0.786026,0.245851,0.609793,0.160983,0.706062,0.0553054,0.803544,
2.805,0.813332,0.768522,0.243004,0.540352,0.200959,0.701692,0.0544308,0.832728,
2.81,0.849967,0.763015,0.251327,0.477706,0.196012,0.69654,0.0506128,0.858738,
2.815,0.897454,0.759254,0.263304,0.412547,0.14856,0.689053,0.0434117,0.891434,
2.82,0.940992,0.752149,0.273618,0.357107,0.146892,0.672401,0.0355422,0.901602,
2.825,0.953655,0.731088,0.257134,0.301795,0.221781,0.645351,0.0584868,0.890387,
2.83,1,0.738912,0.296545,0.276129,0.159648,0.639211,0.0325738,0.880547,
2.835,0.99357,0.731097,0.274466,0.257263,0.175931,0.610708,0.0900219,0.848684,
2.84,0.966282,0.716009,0.240769,0.247827,0.237351,0.578619,0.159193,0.801103,
2.845,0.92563,0.704388,0.207396,0.251285,0.293584,0.546468,0.233684,0.747643,
2.85,0.873039,0.698255,0.175884,0.265549,0.345032,0.521851,0.30953,0.694605,
2.855,0.807196,0.691022,0.142121,0.285635,0.393651,0.500021,0.385234,0.643581,
2.86,0.729149,0.689005,0.110862,0.311689,0.429907,0.483618,0.451284,0.604752,
2.865,0.632702,0.68053,0.0676455,0.335559,0.464368,0.465916,0.491672,0.57298,
2.87,0.535174,0.668031,0.021792,0.356927,0.499499,0.456143,0.516044,0.55143,
2.875,0.441357,0.64262,0.0411689,0.364033,0.518021,0.439038,0.487115,0.528828,
2.88,0.381386,0.627122,0.0147987,0.376462,0.536323,0.441647,0.445457,0.533174,
2.885,0.340196,0.606393,0.014544,0.379508,0.561457,0.459045,0.424738,0.539458,
2.89,0.31498,0.577881,0.00751764,0.373096,0.578141,0.481849,0.391734,0.543714,
2.895,0.300209,0.54021,0,0.362007,0.619836,0.509591,0.375205,0.544537,
2.9,0.291052,0.500021,0,0.342382,0.641321,0.525875,0.346878,0.550079,
2.905,0.284449,0.456176,0,0.318697,0.659406,0.536598,0.331009,0.554461,
2.91,0.28867,0.418385,0,0.295496,0.673005,0.544659,0.319199,0.55715,
2.915,0.292158,0.382391,0.00199481,0.270618,0.676779,0.541766,0.320622,0.561563,
2.92,0.30614,0.359057,0,0.250067,0.658541,0.539778,0.325822,0.558198,
2.925,0.32085,0.33957,0.00602032,0.225869,0.63186,0.535153,0.356254,0.557229,
2.93,0.340591,0.329315,0,0.214169,0.606127,0.52927,0.376481,0.544635,
2.935,0.360074,0.324984,0.0191576,0.205442,0.580012,0.511729,0.396679,0.533643,
2.94,0.37613,0.325678,0.0156144,0.206544,0.566174,0.491232,0.425336,0.513982,
2.945,0.387284,0.323432,0.0111667,0.205088,0.548522,0.455941,0.455493,0.495553,
2.95,0.397096,0.326193,0.0136209,0.210872,0.53775,0.414145,0.488839,0.471573,
2.955,0.403947,0.325093,0.004967,0.213981,0.523973,0.365063,0.521919,0.452181,
2.96,0.41212,0.330799,0.00882644,0.222483,0.508393,0.309793,0.545144,0.435709,
2.965,0.443897,0.328118,0,0.247911,0.501098,0.249734,0.560691,0.443274,
2.97,0.438988,0.347768,0,0.239193,0.486593,0.227153,0.569791,0.428555,
2.975,0.44274,0.353428,0.00187622,0.232268,0.459624,0.192233,0.577885,0.439723,
2.98,0.44509,0.360993,0.00380505,0.224377,0.459099,0.172584,0.590046,0.448922,
2.985,0.440668,0.374676,0,0.207584,0.431906,0.139846,0.586683,0.482807,
2.99,0.431317,0.381413,0,0.189338,0.439496,0.128416,0.59525,0.505355,
2.995,0.417734,0.393784,0,0.160074,0.404334,0.08975,0.57879,0.555988,
3,0.406555,0.405111,0.0352379,0.136503,0.401355,0.08117,0.557208,0.588352,
3.005,0.401953,0.424184,0.0365633,0.110193,0.361666,0.0500266,0.53159,0.65732,
3.01,0.389263,0.431576,0.0641634,0.0887735,0.371347,0.0520052,0.531049,0.691885,
3.015,0.36777,0.427643,0.0707191,0.0553181,0.348753,0.0346316,0.514203,0.743274,
3.02,0.346382,0.428482,0.0723326,0.0521117,0.33347,0.0238376,0.490108,0.781638,
3.025,0.325496,0.4224,0.0717359,0.04237,0.312837,0.0179337,0.465743,0.824881,
3.03,0.313796,0.420847,0.0759595,0.0390434,0.315474,0.0297428,0.460541,0.855388,
3.035,0.289979,0.398311,0.0660157,0.0180194,0.296642,0.0270985,0.445755,0.890238,
3.04,0.289007,0.386479,0.0701201,0.0116029,0.297276,0.0369632,0.434501,0.928174,
3.045,0.27139,0.334143,0.0576776,0,0.289667,0.0454834,0.432485,0.945132,
3.05,0.284596,0.29673,0.0489956,0,0.28306,0.0521953,0.42651,0.978262,
3.055,0.283797,0.237953,0.0427336,0,0.256133,0.0393622,0.40349,0.987952,
3.06,0.321146,0.195932,0.0429127,0,0.248793,0.0491005,0.398251,0.999702,
3.065,0.339968,0.128141,0.031822,0,0.217599,0.0215737,0.375418,0.985059,
3.07,0.402566,0.107358,0.0380643,0,0.206373,0,0.364595,1,
3.075,0.454806,0.0679645,0.0291534,0,0.186717,0,0.35056,0.982294,
3.08,0.492677,0.0394224,0.0263681,0.0118202,0.142866,0,0.310553,0.95387,
3.085,0.565226,0.00347395,0.0381018,0.0176797,0.122082,0,0.297938,0.949762,
3.09,0.595032,0.0472704,0.0457657,0.0273574,0.0921671,0,0.258496,0.933485,
3.095,0.644852,0,0.0546094,0.0351758,0.0713981,0.00442799,0.246466,0.90696,
3.1,0.660141,0.00417686,0.0456707,0.0567641,0.0521197,0,0.230692,0.868636,
3.105,0.650363,0,0.0496985,0.0483669,0.0294693,0.0187909,0.217361,0.848921,
3.11,0.633609,0,0.0418364,0.0496764,0.0180863,0,0.213127,0.838589,
3.115,0.609498,0.00107702,0.0412355,0.049426,0.00231671,0,0.204686,0.838505,
3.12,0.561212,0.0138008,0.0314847,0.0540336,0,0.00579414,0.197989,0.849821,
3.125,0.516986,0,0.0518997,0.0444943,0,0,0.18465,0.857919,
3.13,0.474307,0.0290728,0.0485678,0.0408767,0,0,0.153526,0.860357,
3.135,0.44185,0.0567403,0.0590593,0.00830767,0,0.000664486,0.145168,0.868175,
3.14,0.369193,0.0680607,0.0703826,0.0154722,0,0,0.114868,0.878449,
3.145,0.346419,0.0654334,0.0781032,0.00128517,0,0.00177489,0.0893653,0.872316,
3.15,0.305162,0.0763325,0.077597,0.00529622,0,0.0107398,0.078831,0.883491,
3.155,0.302312,0.0726219,0.06975,0.00499877,0,0,0.0629234,0.853676,
3.16,0.286773,0.0820936,0.0652145,0.0266235,0,0.00289767,0.0316256,0.868294,
3.165,0.28117,0.0790529,0.0823409,0.0172479,0,0.00146344,0,0.850197,
3.17,0.275903,0.0719866,0.0883032,0.0165796,0.0061247,0,0,0.845805,
3.175,0.231769,0.0545028,0.0721404,0.017616,0.0128982,0,0.0153614,0.813812,
3.18,0.162288,0.0264545,0.0490279,0,0.0119201,0,0,0.787212,
3.185,0.200025,0.020739,0.0477062,0.0125779,0,0.00243635,0,0.788412,
3.19,0.207158,0,0.0366894,0.00372597,0,0,0.00431807,0.769137,
3.195,0.214511,0.00127884,0.0320315,0.0129325,0.00221027,0,0.00433255,0.783645,
3.2,0.240666,0,0.014829,0.0333228,0,0.0106697,0,0.784338,
3.205,0.239318,0,0.016779,0.0205416,0,0.00384632,0,0.768307,
3.21,0.243994,0,0,0.0208575,0.000142307,0,0,0.77149,
3.215,0.221595,0,0,0.0205948,0,0.00619647,0.0108235,0.770272,
3.22,0.216136,0.00793696,0,0.0252984,0,0,0.0115532,0.779452,
3.225,0.205312,0.0303813,0,0.016814,0,0,0.0104173,0.767659,
3.23,0.178548,0.0722983,0,0.0193202,0,0,0.00480344,0.77545,
3.235,0.148552,0.122293,0,0.026287,0,0,0.0027562,0.778165,
3.24,0.108056,0.153836,0,0.018245,0,0,0,0.76829,
3.245,0.0605481,0.213048,0,0.0193217,0,0,0.0065643,0.773865,
3.25,0.0199991,0.240783,0,0.0141144,0,0,0.0104196,0.747403,
3.255,0,0.307218,0.000652049,0.0118202,0,0,0.0115806,0.752568,
3.26,0,0.336469,0,0.00545654,0,0,0,0.724351,
3.265,0,0.378788,0,0.00342807,0,0.00452234,0,0.711396,
3.27,0.00933215,0.397381,0,0.00346405,0,0,0,0.683629,
3.275,0.017965,0.41955,0.000765049,0.00285439,0,0,0,0.663878,
3.28,0,0.426642,0.00637956,0.00706548,0,0,0.000902107,0.642712,
3.285,0,0.430562,0.00623825,0.00861058,0,0,0.00543979,0.618729,
3.29,0,0.432292,0.00646078,0,0,0,0,0.600775,
3.295,0,0.417921,0.00222416,0.00196364,0,0,0,0.580309,
3.3,0,0.409541,0.00599563,0.000408148,0,0,0,0.564579,
3.305,0,0.390212,0.00893475,0,0,0,0,0.547615,
3.31,0,0.380491,0,0,0,0,0,0.535881,
3.315,0,0.362172,0,0,0,0.000498092,0,0.52142,
3.32,0,0.355373,0,0,0,0,0.00187134,0.515269,
3.325,0,0.339116,0.000983806,0.00405974,0,0,0,0.503134,
3.33,0,0.336013,0,0.000470966,0,0.00281327,0,0.499244,
3.335,0.00945574,0.324595,0,0.00228566,0,0.000948717,0,0.490261,
3.34,0.0111927,0.327944,0,0,0,0,0.00345057,0.48647,
3.345,0.00451898,0.324112,0.00468711,0,0.00399119,0.00152809,0,0.482904,
3.35,0,0.3278,0.00507251,0.000988038,0.00248281,0.000842929,0.0021199,0.485955,
3.355,0,0.339351,0,0,0,0.000617737,0,0.487149,
3.36,0,0.337886,0.000804239,0,0,0,0,0.486827,
3.365,0,0.345627,0,0.00254805,0,0,0,0.475696,
3.37,0.00653437,0.365733,0.00220306,0,0,0,0,0.454017,
3.375,0.00792539,0.37715,0,0.00436563,0,0,0.00281386,0.433276,
3.38,0.00896297,0.392595,0.00112162,0,0,0,0.0023541,0.40595,
3.385,0.00945434,0.405711,0.0050727,0,0,0,0.00231243,0.371783,
3.39,0.00457481,0.429418,0,0.00644034,0,0,0,0.352748,
3.395,0.00123365,0.44425,0.000858718,0.00790486,0,0,0,0.318103,
3.4,0,0.460831,0.00147124,0.00471076,0,0,0,0.288531,
3.405,0.000952808,0.485501,0.00736702,0.00731092,0,0,0,0.264092,
3.41,0,0.495376,0,0.00512012,0,0,0,0.247334,
3.415,0,0.496868,0,0.0019825,0,0,0,0.225229,
3.42,0,0.496161,0,0,0,0,0,0.211022,
3.425,0,0.487792,0,0,0,0,0,0.201666,
3.43,0,0.475327,0.000433961,0.00257912,0,0.000373704,0,0.201453,
3.435,0,0.463238,0,0.0128004,0,0,0,0.214053,
3.44,0,0.449255,0.00687281,0.00743249,0,0,0,0.215168,
3.445,0,0.422046,0,0.0168166,0,0,0,0.232617,
3.45,0,0.396747,0.00302337,0.0220166,0,0,0,0.244671,
3.455,0,0.365934,0,0,0,0.000855569,0,0.234882,
3.46,0,0.348247,0.00684068,0.00829274,0,0,0,0.273438,
3.465,0,0.316603,0,0.0148859,0,0,0,0.280006,
3.47,0.00476095,0.295585,0.00515443,0.0266287,0,0,0.0012195,0.3169,
3.475,0.00564417,0.271578,0,0.03385,0,0,0.00359289,0.32642,
3.48,0.00817848,0.244817,0,0.0260784,0,0,0.014074,0.336414,
3.485,0.00836541,0.252103,0,0.0359698,0,0,0.0156109,0.335469,
3.49,0.00731987,0.249602,0,0.0314956,0,0,0.0127967,0.32593,
3.495,0.00812425,0.254498,0,0.0414178,0,0,0.0137992,0.309532,
3.5,0.00220935,0.292005,0,0.0132824,0,0,0.0136796,0.319576,
3.505,0,0.312857,0,0.0181164,0.000880593,0,0.0122624,0.298241,
3.51,0,0.352386,0,0,0,0,0.0113048,0.309515,
3.515,0,0.372288,0,0,0,0,0.0090286,0.296082,
3.52,0,0.3971,0,0,0,0,0.006706,0.287159,
3.525,0,0.411134,0,0.00610956,0,0,0.0123604,0.274302,
3.53,0,0.428616,0,0.00621423,0.000651769,0,0.0110932,0.268454,
